atm_id,atm_name_display,atm_place_display,atm_lat,atm_lon,risk_score_raw,risk_score_norm,risk_class,atm_total_complaints,atm_avg_loss,rank_order,complaint_timestamp,complaint_text
1397,SBI ATM - Main Road,"Hingoli, Maharashtra",19.696636,77.142297,2.1373777945134917,1.0,Critical,7,31711.33285714286,1,03-Oct-2025 13:55,"Complaint received on 03-Oct-2025 13:55 from 0, 0, 3. Fraud type: 3, Bank: 1."
2140,BoB ATM - Signal,"Mumbai City, Maharashtra",19.049848,72.85945,2.1297338949952116,0.9980391830564489,Critical,1,39484.34,2,03-Oct-2025 13:55,"Complaint received on 03-Oct-2025 13:55 from 0, 0, 3. Fraud type: 3, Bank: 1."
1441,HDFC ATM - Signal,"Hingoli, Maharashtra",19.490529,77.141764,2.0157215943007896,0.968792690420036,Critical,4,17482.6675,3,03-Oct-2025 13:55,"Complaint received on 03-Oct-2025 13:55 from 0, 0, 3. Fraud type: 3, Bank: 1."
1656,PNB ATM - Bus Stand,"Amravati, Maharashtra",20.903476,77.700366,2.011881385532895,0.9678075981381643,High,6,18238.491666666665,4,03-Oct-2025 13:55,"Complaint received on 03-Oct-2025 13:55 from 0, 0, 3. Fraud type: 3, Bank: 1."
1631,PNB ATM - Bus Stand,"Amravati, Maharashtra",21.002317,77.44613,2.011381891043918,0.9676794675609824,High,4,18035.0275,5,03-Oct-2025 13:55,"Complaint received on 03-Oct-2025 13:55 from 0, 0, 3. Fraud type: 3, Bank: 1."
52,ICICI ATM - Bus Stand,"Mumbai City, Maharashtra",19.028616,72.840564,2.0089427796242383,0.9670537854745711,High,4,23247.3725,6,03-Oct-2025 13:55,"Complaint received on 03-Oct-2025 13:55 from 0, 0, 3. Fraud type: 3, Bank: 1."
1661,PNB ATM - Market,"Amravati, Maharashtra",21.067338,77.497322,2.0085035156284574,0.9669411052537545,High,4,17337.2275,7,03-Oct-2025 13:55,"Complaint received on 03-Oct-2025 13:55 from 0, 0, 3. Fraud type: 3, Bank: 1."
16,HDFC ATM - Chowk,"Mumbai City, Maharashtra",18.855754,72.780681,2.00437664492504,0.9658824783082076,High,7,16976.568571428572,8,03-Oct-2025 13:55,"Complaint received on 03-Oct-2025 13:55 from 0, 0, 3. Fraud type: 3, Bank: 1."
207,HDFC ATM - Market,"Palghar, Maharashtra",19.645992,72.834742,2.002098771018929,0.9652981569497577,High,9,23389.54,9,03-Oct-2025 13:55,"Complaint received on 03-Oct-2025 13:55 from 0, 0, 3. Fraud type: 3, Bank: 1."
1479,PNB ATM - Railway Station,"Buldhana, Maharashtra",20.727938,76.308473,1.9995315838902972,0.9646396208181603,High,1,17598.27,10,03-Oct-2025 13:55,"Complaint received on 03-Oct-2025 13:55 from 0, 0, 3. Fraud type: 3, Bank: 1."
227,BoB ATM - Railway Station,"Palghar, Maharashtra",19.804678,72.782001,1.9972647404419666,0.9640581289982804,Medium,7,24010.05571428572,11,03-Oct-2025 13:55,"Complaint received on 03-Oct-2025 13:55 from 0, 0, 3. Fraud type: 3, Bank: 1."
914,Axis ATM - Chowk,"Nandurbar, Maharashtra",21.543873,74.054879,1.9930452540743513,0.9629757442360374,Medium,2,96253.41,12,03-Oct-2025 13:55,"Complaint received on 03-Oct-2025 13:55 from 0, 0, 3. Fraud type: 3, Bank: 1."
1281,SBI ATM - Market,"Nanded, Maharashtra",19.39551,77.320443,1.9926026929326968,0.9628622182297054,Medium,4,31931.2575,13,03-Oct-2025 13:55,"Complaint received on 03-Oct-2025 13:55 from 0, 0, 3. Fraud type: 3, Bank: 1."
1436,SBI ATM - Signal,"Hingoli, Maharashtra",19.65685,77.316601,1.975138229334334,0.9583822252559876,Medium,4,17246.0675,14,03-Oct-2025 13:55,"Complaint received on 03-Oct-2025 13:55 from 0, 0, 3. Fraud type: 3, Bank: 1."
1625,HDFC ATM - Market,"Amravati, Maharashtra",21.080652,77.704844,1.9744733009043536,0.958211657481171,Medium,4,19211.2075,15,03-Oct-2025 13:55,"Complaint received on 03-Oct-2025 13:55 from 0, 0, 3. Fraud type: 3, Bank: 1."
1497,PNB ATM - Market,"Buldhana, Maharashtra",20.552851,76.233906,1.9720570637344137,0.9575918431087913,Medium,4,17597.760000000002,16,03-Oct-2025 13:55,"Complaint received on 03-Oct-2025 13:55 from 0, 0, 3. Fraud type: 3, Bank: 1."
1473,SBI ATM - Main Road,"Buldhana, Maharashtra",20.623019,76.246365,1.9690211743409738,0.9568130752368212,Medium,4,17347.5225,17,03-Oct-2025 13:55,"Complaint received on 03-Oct-2025 13:55 from 0, 0, 3. Fraud type: 3, Bank: 1."
2156,Axis ATM - Railway Station,"Mumbai City, Maharashtra",18.940614,72.79185,1.9623190373976862,0.9550938397020042,Medium,1,38580.22,18,03-Oct-2025 13:55,"Complaint received on 03-Oct-2025 13:55 from 0, 0, 3. Fraud type: 3, Bank: 1."
1443,HDFC ATM - Railway Station,"Hingoli, Maharashtra",19.501528,77.182407,1.9614394564707425,0.9548682091608582,Medium,1,13295.51,19,03-Oct-2025 13:55,"Complaint received on 03-Oct-2025 13:55 from 0, 0, 3. Fraud type: 3, Bank: 1."
1634,ICICI ATM - Market,"Amravati, Maharashtra",21.186705,77.583681,1.9598765609771434,0.9544672944238813,Medium,6,32544.106666666663,20,03-Oct-2025 13:55,"Complaint received on 03-Oct-2025 13:55 from 0, 0, 3. Fraud type: 3, Bank: 1."
1669,ICICI ATM - Railway Station,"Amravati, Maharashtra",21.001101,77.800185,1.9592319239547082,0.9543019318111197,Low,6,18284.516666666663,21,03-Oct-2025 13:55,"Complaint received on 03-Oct-2025 13:55 from 0, 0, 3. Fraud type: 3, Bank: 1."
185,BoB ATM - Market,"Palghar, Maharashtra",19.746088,72.756077,1.9579913596190415,0.9539837016246653,Low,5,23013.322,22,03-Oct-2025 13:55,"Complaint received on 03-Oct-2025 13:55 from 0, 0, 3. Fraud type: 3, Bank: 1."
2105,HDFC ATM - Market,"Amravati, Maharashtra",20.76076,77.653661,1.9573532576297077,0.9538200153818769,Low,1,5250.87,23,03-Oct-2025 13:55,"Complaint received on 03-Oct-2025 13:55 from 0, 0, 3. Fraud type: 3, Bank: 1."
2149,BoB ATM - Main Road,"Hingoli, Maharashtra",19.901967,77.222254,1.9564727987164527,0.9535941596192413,Low,1,7344.68,24,03-Oct-2025 13:55,"Complaint received on 03-Oct-2025 13:55 from 0, 0, 3. Fraud type: 3, Bank: 1."
1765,SBI ATM - Chowk,"Nagpur, Maharashtra",21.438223,79.111773,1.9392870284372377,0.949185657195724,Low,6,17549.353333333333,25,03-Oct-2025 13:55,"Complaint received on 03-Oct-2025 13:55 from 0, 0, 3. Fraud type: 3, Bank: 1."
1456,SBI ATM - Bus Stand,"Buldhana, Maharashtra",20.295868,76.197231,1.9346568990688948,0.9479979340846904,Low,4,17063.1625,26,03-Oct-2025 13:55,"Complaint received on 03-Oct-2025 13:55 from 0, 0, 3. Fraud type: 3, Bank: 1."
1414,SBI ATM - Chowk,"Hingoli, Maharashtra",19.63374,77.239401,1.9286933569544429,0.946468163266323,Low,5,29102.796,27,03-Oct-2025 13:55,"Complaint received on 03-Oct-2025 13:55 from 0, 0, 3. Fraud type: 3, Bank: 1."
184,BoB ATM - Chowk,"Palghar, Maharashtra",19.670124,72.876589,1.9241954731829272,0.9453143638622074,Low,5,20573.182,28,03-Oct-2025 13:55,"Complaint received on 03-Oct-2025 13:55 from 0, 0, 3. Fraud type: 3, Bank: 1."
2102,HDFC ATM - Chowk,"Hingoli, Maharashtra",19.760101,77.131369,1.921433876377983,0.9446059576628008,Low,1,1198.78,29,03-Oct-2025 13:55,"Complaint received on 03-Oct-2025 13:55 from 0, 0, 3. Fraud type: 3, Bank: 1."
2136,PNB ATM - Bus Stand,"Hingoli, Maharashtra",19.864719,77.243289,1.9210198636104439,0.9444997548997351,Low,3,32242.156666666662,30,03-Oct-2025 13:55,"Complaint received on 03-Oct-2025 13:55 from 0, 0, 3. Fraud type: 3, Bank: 1."
1467,PNB ATM - Chowk,"Buldhana, Maharashtra",20.442036,76.398167,1.920174281232745,0.944282845683517,Low,8,15763.915,31,03-Oct-2025 13:55,"Complaint received on 03-Oct-2025 13:55 from 0, 0, 3. Fraud type: 3, Bank: 1."
1642,Axis ATM - Main Road,"Amravati, Maharashtra",21.031848,77.765141,1.9182643360108536,0.9437929055759341,Low,8,19030.40875,32,03-Oct-2025 13:55,"Complaint received on 03-Oct-2025 13:55 from 0, 0, 3. Fraud type: 3, Bank: 1."
1620,Axis ATM - Railway Station,"Amravati, Maharashtra",21.050888,77.774936,1.9177648415218762,0.9436647749987522,Low,6,18228.34833333333,33,03-Oct-2025 13:55,"Complaint received on 03-Oct-2025 13:55 from 0, 0, 3. Fraud type: 3, Bank: 1."
1402,PNB ATM - Market,"Hingoli, Maharashtra",19.656523,77.023213,1.916812467789971,0.9434204716107175,Low,9,31155.384444444448,34,03-Oct-2025 13:55,"Complaint received on 03-Oct-2025 13:55 from 0, 0, 3. Fraud type: 3, Bank: 1."
14,HDFC ATM - Market,"Mumbai City, Maharashtra",18.975534,72.851327,1.9126912294179665,0.9423632894736534,Low,6,15988.071666666665,35,03-Oct-2025 13:55,"Complaint received on 03-Oct-2025 13:55 from 0, 0, 3. Fraud type: 3, Bank: 1."
1404,HDFC ATM - Railway Station,"Hingoli, Maharashtra",19.647176,77.204922,1.9111667731041342,0.9419722351743762,Low,11,30323.200909090912,36,03-Oct-2025 13:55,"Complaint received on 03-Oct-2025 13:55 from 0, 0, 3. Fraud type: 3, Bank: 1."
1329,PNB ATM - Signal,"Nanded, Maharashtra",19.219984,77.152083,1.9108745433339642,0.9418972722469608,Low,3,17344.716666666667,37,03-Oct-2025 13:55,"Complaint received on 03-Oct-2025 13:55 from 0, 0, 3. Fraud type: 3, Bank: 1."
1664,Axis ATM - Chowk,"Amravati, Maharashtra",21.018849,77.596843,1.9102576632865471,0.9417390298673716,Low,7,17693.004285714287,38,03-Oct-2025 13:55,"Complaint received on 03-Oct-2025 13:55 from 0, 0, 3. Fraud type: 3, Bank: 1."
204,BoB ATM - Market,"Palghar, Maharashtra",19.692479,72.874617,1.9070728811677697,0.9409220679587171,Low,7,20125.101428571423,39,03-Oct-2025 13:55,"Complaint received on 03-Oct-2025 13:55 from 0, 0, 3. Fraud type: 3, Bank: 1."
1670,BoB ATM - Signal,"Amravati, Maharashtra",21.222692,77.856684,1.9068876202569687,0.9408745447368317,Low,3,12060.68,40,03-Oct-2025 13:55,"Complaint received on 03-Oct-2025 13:55 from 0, 0, 3. Fraud type: 3, Bank: 1."
1659,SBI ATM - Market,"Amravati, Maharashtra",21.153487,77.977675,1.9046319423796776,0.9402959171148427,Low,3,7978.696666666666,41,03-Oct-2025 13:55,"Complaint received on 03-Oct-2025 13:55 from 0, 0, 3. Fraud type: 3, Bank: 1."
1627,ICICI ATM - Bus Stand,"Amravati, Maharashtra",21.222574,77.701472,1.8961892162324139,0.938130184763217,Low,5,13390.426,42,03-Oct-2025 13:55,"Complaint received on 03-Oct-2025 13:55 from 0, 0, 3. Fraud type: 3, Bank: 1."
88,Axis ATM - Chowk,"Mumbai Suburban, Maharashtra",19.155169,72.794278,1.8928889833492102,0.9372836073664871,Low,5,20551.836,43,03-Oct-2025 13:55,"Complaint received on 03-Oct-2025 13:55 from 0, 0, 3. Fraud type: 3, Bank: 1."
1180,SBI ATM - Signal,"Osmanabad, Maharashtra",18.152473,76.024783,1.8843978038498777,0.9351054457366531,Low,2,31774.21,44,03-Oct-2025 13:55,"Complaint received on 03-Oct-2025 13:55 from 0, 0, 3. Fraud type: 3, Bank: 1."
27,HDFC ATM - Railway Station,"Mumbai City, Maharashtra",18.913639,72.862854,1.8829221900183173,0.9347269205354594,Low,6,14316.755,45,03-Oct-2025 13:55,"Complaint received on 03-Oct-2025 13:55 from 0, 0, 3. Fraud type: 3, Bank: 1."
1481,ICICI ATM - Railway Station,"Buldhana, Maharashtra",20.390586,76.146023,1.8825069319796852,0.9346203983348275,Low,7,17102.09,46,03-Oct-2025 13:55,"Complaint received on 03-Oct-2025 13:55 from 0, 0, 3. Fraud type: 3, Bank: 1."
1654,PNB ATM - Bus Stand,"Amravati, Maharashtra",21.010716,77.662607,1.8709874735956138,0.9316654210845378,Low,4,16209.2,47,03-Oct-2025 13:55,"Complaint received on 03-Oct-2025 13:55 from 0, 0, 3. Fraud type: 3, Bank: 1."
1635,SBI ATM - Chowk,"Amravati, Maharashtra",21.033448,77.613079,1.8704879791066364,0.9315372905073559,Low,5,15949.202,48,03-Oct-2025 13:55,"Complaint received on 03-Oct-2025 13:55 from 0, 0, 3. Fraud type: 3, Bank: 1."
1309,HDFC ATM - Market,"Nanded, Maharashtra",19.051069,77.502314,1.87036116833624,0.9315047609448436,Low,4,17652.309999999998,49,03-Oct-2025 13:55,"Complaint received on 03-Oct-2025 13:55 from 0, 0, 3. Fraud type: 3, Bank: 1."
95,SBI ATM - Signal,"Mumbai Suburban, Maharashtra",18.95468,72.767461,1.870334283923351,0.9314978645417467,Low,4,14579.9125,50,03-Oct-2025 13:55,"Complaint received on 03-Oct-2025 13:55 from 0, 0, 3. Fraud type: 3, Bank: 1."
2096,Axis ATM - Railway Station,"Mumbai City, Maharashtra",18.709747,72.816818,1.8645613422243457,0.930016986637678,Low,6,13592.88,51,03-Oct-2025 13:55,"Complaint received on 03-Oct-2025 13:55 from 0, 0, 3. Fraud type: 3, Bank: 1."
1532,HDFC ATM - Signal,"Akola, Maharashtra",20.480877,77.158196,1.8622733105554077,0.9294300596048062,Low,8,15496.4475,52,03-Oct-2025 13:55,"Complaint received on 03-Oct-2025 13:55 from 0, 0, 3. Fraud type: 3, Bank: 1."
1463,SBI ATM - Railway Station,"Buldhana, Maharashtra",20.37768,76.384302,1.8614033533433805,0.9292068977438439,Low,7,13176.59714285714,53,03-Oct-2025 13:55,"Complaint received on 03-Oct-2025 13:55 from 0, 0, 3. Fraud type: 3, Bank: 1."
1454,PNB ATM - Market,"Buldhana, Maharashtra",20.459616,76.206906,1.8609038588544027,0.929078767166662,Low,5,13122.69,54,03-Oct-2025 13:55,"Complaint received on 03-Oct-2025 13:55 from 0, 0, 3. Fraud type: 3, Bank: 1."
23,ICICI ATM - Market,"Mumbai City, Maharashtra",18.950446,72.784119,1.8597396565802404,0.9287801254145774,Low,4,22588.0675,55,03-Oct-2025 13:55,"Complaint received on 03-Oct-2025 13:55 from 0, 0, 3. Fraud type: 3, Bank: 1."
1399,SBI ATM - Chowk,"Hingoli, Maharashtra",19.812185,77.175848,1.8594513750997135,0.9287061753044042,Low,4,8280.8275,56,03-Oct-2025 13:55,"Complaint received on 03-Oct-2025 13:55 from 0, 0, 3. Fraud type: 3, Bank: 1."
112,ICICI ATM - Market,"Mumbai Suburban, Maharashtra",19.090553,72.789552,1.8592401620912626,0.9286519948373954,Low,5,23803.488,57,03-Oct-2025 13:55,"Complaint received on 03-Oct-2025 13:55 from 0, 0, 3. Fraud type: 3, Bank: 1."
2115,PNB ATM - Main Road,"Mumbai Suburban, Maharashtra",19.066418,72.982768,1.8581811092108351,0.9283803260606026,Low,3,30226.68333333333,58,03-Oct-2025 13:55,"Complaint received on 03-Oct-2025 13:55 from 0, 0, 3. Fraud type: 3, Bank: 1."
1643,HDFC ATM - Chowk,"Amravati, Maharashtra",20.916423,77.634255,1.8559124356006205,0.9277983647666769,Low,8,20014.39875,59,03-Oct-2025 13:55,"Complaint received on 03-Oct-2025 13:55 from 0, 0, 3. Fraud type: 3, Bank: 1."
53,SBI ATM - Main Road,"Mumbai City, Maharashtra",18.81846,72.85771,1.8541498562384384,0.9273462270234406,Low,3,29766.59,60,03-Oct-2025 13:55,"Complaint received on 03-Oct-2025 13:55 from 0, 0, 3. Fraud type: 3, Bank: 1."
839,SBI ATM - Main Road,"Dhule, Maharashtra",20.980709,75.007986,1.853713234730138,0.9272342246548397,Low,5,31719.794,61,03-Oct-2025 13:55,"Complaint received on 03-Oct-2025 13:55 from 0, 0, 3. Fraud type: 3, Bank: 1."
1469,Axis ATM - Market,"Buldhana, Maharashtra",20.576677,76.210177,1.853317076572849,0.927132601965363,Low,2,12400.27,62,03-Oct-2025 13:55,"Complaint received on 03-Oct-2025 13:55 from 0, 0, 3. Fraud type: 3, Bank: 1."
153,Axis ATM - Bus Stand,"Thane, Maharashtra",19.20853,72.862329,1.8484253266614692,0.9258777678212315,Low,4,22970.3975,63,03-Oct-2025 13:55,"Complaint received on 03-Oct-2025 13:55 from 0, 0, 3. Fraud type: 3, Bank: 1."
1270,SBI ATM - Market,"Latur, Maharashtra",18.510616,76.627923,1.8459599908153654,0.9252453586317827,Low,1,4965.74,64,03-Oct-2025 13:55,"Complaint received on 03-Oct-2025 13:55 from 0, 0, 3. Fraud type: 3, Bank: 1."
33,HDFC ATM - Railway Station,"Mumbai City, Maharashtra",18.926122,72.783868,1.843569356836871,0.9246321120029317,Low,5,17004.447999999997,65,03-Oct-2025 13:55,"Complaint received on 03-Oct-2025 13:55 from 0, 0, 3. Fraud type: 3, Bank: 1."
1271,PNB ATM - Chowk,"Latur, Maharashtra",18.280502,76.648136,1.8403435604097576,0.9238046290833035,Low,5,7062.234,66,03-Oct-2025 13:55,"Complaint received on 03-Oct-2025 13:55 from 0, 0, 3. Fraud type: 3, Bank: 1."
1430,SBI ATM - Main Road,"Hingoli, Maharashtra",19.751682,77.302682,1.837122692812513,0.922978410509589,Low,3,16224.796666666669,67,03-Oct-2025 13:55,"Complaint received on 03-Oct-2025 13:55 from 0, 0, 3. Fraud type: 3, Bank: 1."
1392,Axis ATM - Market,"Hingoli, Maharashtra",19.728644,77.124535,1.835677090293582,0.9226075838253839,Low,5,16195.73,68,03-Oct-2025 13:55,"Complaint received on 03-Oct-2025 13:55 from 0, 0, 3. Fraud type: 3, Bank: 1."
1435,BoB ATM - Signal,"Hingoli, Maharashtra",19.824299,77.095335,1.835677090293582,0.9226075838253839,Low,7,16431.977142857144,69,03-Oct-2025 13:55,"Complaint received on 03-Oct-2025 13:55 from 0, 0, 3. Fraud type: 3, Bank: 1."
1391,BoB ATM - Signal,"Hingoli, Maharashtra",19.856274,77.017245,1.8351775958046042,0.9224794532482019,Low,5,16381.812,70,03-Oct-2025 13:55,"Complaint received on 03-Oct-2025 13:55 from 0, 0, 3. Fraud type: 3, Bank: 1."
1453,HDFC ATM - Market,"Buldhana, Maharashtra",20.463334,76.204527,1.8323519597426905,0.9217546196664339,Low,7,17984.242857142857,71,03-Oct-2025 13:55,"Complaint received on 03-Oct-2025 13:55 from 0, 0, 3. Fraud type: 3, Bank: 1."
1296,ICICI ATM - Chowk,"Nanded, Maharashtra",19.177387,77.322868,1.83070598979409,0.9213323946285363,Low,4,17447.344999999998,72,03-Oct-2025 13:55,"Complaint received on 03-Oct-2025 13:55 from 0, 0, 3. Fraud type: 3, Bank: 1."
1405,ICICI ATM - Market,"Hingoli, Maharashtra",19.831863,77.121613,1.8285129446246802,0.92076983358023,Low,5,31780.1,73,03-Oct-2025 13:55,"Complaint received on 03-Oct-2025 13:55 from 0, 0, 3. Fraud type: 3, Bank: 1."
1312,BoB ATM - Bus Stand,"Nanded, Maharashtra",19.191253,77.255339,1.8284180307456295,0.9207454862243059,Low,8,17367.7275,74,03-Oct-2025 13:55,"Complaint received on 03-Oct-2025 13:55 from 0, 0, 3. Fraud type: 3, Bank: 1."
1306,BoB ATM - Main Road,"Nanded, Maharashtra",19.104103,77.301899,1.8284180307456295,0.9207454862243059,Low,7,17201.032857142858,75,03-Oct-2025 13:55,"Complaint received on 03-Oct-2025 13:55 from 0, 0, 3. Fraud type: 3, Bank: 1."
7,PNB ATM - Bus Stand,"Mumbai City, Maharashtra",18.874674,72.833311,1.826063513438194,0.9201415042620544,Low,5,12525.884,76,03-Oct-2025 13:55,"Complaint received on 03-Oct-2025 13:55 from 0, 0, 3. Fraud type: 3, Bank: 1."
1428,Axis ATM - Chowk,"Hingoli, Maharashtra",19.714539,77.099092,1.8255173579525343,0.9200014041825683,Low,4,7256.8925,77,03-Oct-2025 13:55,"Complaint received on 03-Oct-2025 13:55 from 0, 0, 3. Fraud type: 3, Bank: 1."
30,SBI ATM - Market,"Mumbai City, Maharashtra",18.839294,72.782895,1.8248457766837254,0.9198291298181941,Low,5,13854.388,78,03-Oct-2025 13:55,"Complaint received on 03-Oct-2025 13:55 from 0, 0, 3. Fraud type: 3, Bank: 1."
1491,HDFC ATM - Signal,"Buldhana, Maharashtra",20.311842,76.271165,1.8244947632038169,0.9197390876640326,Low,5,11812.242,79,03-Oct-2025 13:55,"Complaint received on 03-Oct-2025 13:55 from 0, 0, 3. Fraud type: 3, Bank: 1."
1499,PNB ATM - Bus Stand,"Buldhana, Maharashtra",20.293952,76.045938,1.8236545236238577,0.9195235489849741,Low,5,10460.206,80,03-Oct-2025 13:55,"Complaint received on 03-Oct-2025 13:55 from 0, 0, 3. Fraud type: 3, Bank: 1."
1158,SBI ATM - Main Road,"Osmanabad, Maharashtra",18.152296,76.204391,1.822805727071209,0.9193058152669835,Low,10,30654.231,81,03-Oct-2025 13:55,"Complaint received on 03-Oct-2025 13:55 from 0, 0, 3. Fraud type: 3, Bank: 1."
1406,HDFC ATM - Bus Stand,"Hingoli, Maharashtra",19.86677,77.118937,1.822057619410915,0.9191139103142305,Low,3,4868.62,82,03-Oct-2025 13:55,"Complaint received on 03-Oct-2025 13:55 from 0, 0, 3. Fraud type: 3, Bank: 1."
46,BoB ATM - Signal,"Mumbai City, Maharashtra",18.88439,72.764112,1.8200179177062348,0.9185906850085129,Low,10,15400.680000000002,83,03-Oct-2025 13:55,"Complaint received on 03-Oct-2025 13:55 from 0, 0, 3. Fraud type: 3, Bank: 1."
1649,HDFC ATM - Market,"Amravati, Maharashtra",20.980308,77.916144,1.8198949295153082,0.918559136016006,Low,3,66608.25,84,03-Oct-2025 13:55,"Complaint received on 03-Oct-2025 13:55 from 0, 0, 3. Fraud type: 3, Bank: 1."
1492,BoB ATM - Main Road,"Buldhana, Maharashtra",20.518794,76.11648,1.8189528013007699,0.918317460813232,Low,8,11385.09875,85,03-Oct-2025 13:55,"Complaint received on 03-Oct-2025 13:55 from 0, 0, 3. Fraud type: 3, Bank: 1."
1480,BoB ATM - Bus Stand,"Buldhana, Maharashtra",20.514458,76.249583,1.818234559035279,0.9181332169465537,Low,10,14301.923,86,03-Oct-2025 13:55,"Complaint received on 03-Oct-2025 13:55 from 0, 0, 3. Fraud type: 3, Bank: 1."
1624,ICICI ATM - Signal,"Amravati, Maharashtra",20.952258,77.609401,1.8179451384176086,0.9180589746243483,Low,6,16508.193333333333,87,03-Oct-2025 13:55,"Complaint received on 03-Oct-2025 13:55 from 0, 0, 3. Fraud type: 3, Bank: 1."
1502,SBI ATM - Chowk,"Buldhana, Maharashtra",20.365399,76.094867,1.817196617912457,0.9178669637684249,Low,4,8503.1675,88,03-Oct-2025 13:55,"Complaint received on 03-Oct-2025 13:55 from 0, 0, 3. Fraud type: 3, Bank: 1."
1637,ICICI ATM - Railway Station,"Amravati, Maharashtra",21.082708,77.682326,1.8123945418463585,0.9166351328041236,Low,9,15702.761111111113,89,03-Oct-2025 13:55,"Complaint received on 03-Oct-2025 13:55 from 0, 0, 3. Fraud type: 3, Bank: 1."
1394,SBI ATM - Bus Stand,"Hingoli, Maharashtra",19.730225,76.791064,1.8108663604208337,0.9162431229373241,Low,6,18792.641666666663,90,03-Oct-2025 13:55,"Complaint received on 03-Oct-2025 13:55 from 0, 0, 3. Fraud type: 3, Bank: 1."
1652,PNB ATM - Market,"Amravati, Maharashtra",21.088431,77.916362,1.8096166504520685,0.9159225467084741,Low,6,14028.198333333334,91,03-Oct-2025 13:55,"Complaint received on 03-Oct-2025 13:55 from 0, 0, 3. Fraud type: 3, Bank: 1."
1339,SBI ATM - Market,"Parbhani, Maharashtra",19.447547,76.747121,1.8088684777203181,0.9157306250635583,Low,4,30600.075,92,03-Oct-2025 13:55,"Complaint received on 03-Oct-2025 13:55 from 0, 0, 3. Fraud type: 3, Bank: 1."
49,BoB ATM - Signal,"Mumbai City, Maharashtra",18.770156,72.769523,1.8088568106955478,0.9157276322325045,Low,4,22652.75,93,03-Oct-2025 13:55,"Complaint received on 03-Oct-2025 13:55 from 0, 0, 3. Fraud type: 3, Bank: 1."
1640,ICICI ATM - Chowk,"Amravati, Maharashtra",21.188986,77.650153,1.8074784400349888,0.9153740518983761,Low,7,29502.272857142856,94,03-Oct-2025 13:55,"Complaint received on 03-Oct-2025 13:55 from 0, 0, 3. Fraud type: 3, Bank: 1."
1452,SBI ATM - Railway Station,"Buldhana, Maharashtra",20.468823,76.184133,1.80701501735985,0.9152551744809969,Low,3,7243.490000000001,95,03-Oct-2025 13:55,"Complaint received on 03-Oct-2025 13:55 from 0, 0, 3. Fraud type: 3, Bank: 1."
1648,BoB ATM - Chowk,"Amravati, Maharashtra",20.748081,77.627117,1.8056920463550863,0.9149158052943973,Low,2,105216.13,96,03-Oct-2025 13:55,"Complaint received on 03-Oct-2025 13:55 from 0, 0, 3. Fraud type: 3, Bank: 1."
1401,BoB ATM - Signal,"Hingoli, Maharashtra",19.705275,77.161205,1.802083742933287,0.9139902014883796,Low,6,41129.39333333333,97,03-Oct-2025 13:55,"Complaint received on 03-Oct-2025 13:55 from 0, 0, 3. Fraud type: 3, Bank: 1."
2116,ICICI ATM - Bus Stand,"Jalgaon, Maharashtra",21.062535,75.637426,1.7988129487579754,0.9131511757237838,Low,1,36975.53,98,03-Oct-2025 13:55,"Complaint received on 03-Oct-2025 13:55 from 0, 0, 3. Fraud type: 3, Bank: 1."
1413,PNB ATM - Market,"Hingoli, Maharashtra",19.736951,76.894332,1.7971408570360514,0.9127222499154736,Low,4,16032.855,99,03-Oct-2025 13:55,"Complaint received on 03-Oct-2025 13:55 from 0, 0, 3. Fraud type: 3, Bank: 1."
1548,HDFC ATM - Signal,"Akola, Maharashtra",20.63722,77.054709,1.7969703494161018,0.9126785112151673,Low,3,30555.983333333334,100,03-Oct-2025 13:55,"Complaint received on 03-Oct-2025 13:55 from 0, 0, 3. Fraud type: 3, Bank: 1."
1326,HDFC ATM - Chowk,"Nanded, Maharashtra",19.377117,77.293834,1.7965456461822604,0.9125695661283165,Low,1,15002.49,101,03-Oct-2025 13:55,"Complaint received on 03-Oct-2025 13:55 from 0, 0, 3. Fraud type: 3, Bank: 1."
2145,Axis ATM - Main Road,"Yavatmal, Maharashtra",20.666437,77.952467,1.7957699912037774,0.9123705947236661,Low,1,7634.94,102,03-Oct-2025 13:55,"Complaint received on 03-Oct-2025 13:55 from 0, 0, 3. Fraud type: 3, Bank: 1."
820,PNB ATM - Market,"Dhule, Maharashtra",20.674979,74.793803,1.795700135662537,0.9123526753451424,Low,11,35560.439090909094,103,03-Oct-2025 13:55,"Complaint received on 03-Oct-2025 13:55 from 0, 0, 3. Fraud type: 3, Bank: 1."
1221,SBI ATM - Chowk,"Latur, Maharashtra",18.450411,76.642822,1.794790595462102,0.9121193596361135,Low,5,31624.09,104,03-Oct-2025 13:55,"Complaint received on 03-Oct-2025 13:55 from 0, 0, 3. Fraud type: 3, Bank: 1."
1432,Axis ATM - Railway Station,"Hingoli, Maharashtra",19.762301,77.081558,1.794169843407344,0.9119601240072563,Low,6,83987.305,105,03-Oct-2025 13:55,"Complaint received on 03-Oct-2025 13:55 from 0, 0, 3. Fraud type: 3, Bank: 1."
1198,BoB ATM - Railway Station,"Osmanabad, Maharashtra",18.133544,76.024551,1.7941520365651205,0.9119555561871459,Low,12,30952.581666666665,106,03-Oct-2025 13:55,"Complaint received on 03-Oct-2025 13:55 from 0, 0, 3. Fraud type: 3, Bank: 1."
1403,HDFC ATM - Bus Stand,"Hingoli, Maharashtra",19.785218,77.173977,1.7928763426910486,0.9116283145538561,Low,6,99457.86666666668,107,03-Oct-2025 13:55,"Complaint received on 03-Oct-2025 13:55 from 0, 0, 3. Fraud type: 3, Bank: 1."
1174,ICICI ATM - Market,"Osmanabad, Maharashtra",18.127588,75.837211,1.7920279941614303,0.9114106957629582,Low,6,35735.583333333336,108,03-Oct-2025 13:55,"Complaint received on 03-Oct-2025 13:55 from 0, 0, 3. Fraud type: 3, Bank: 1."
1412,SBI ATM - Main Road,"Hingoli, Maharashtra",19.555802,77.388473,1.7911954625678803,0.9111971343404448,Low,4,25307.885,109,03-Oct-2025 13:55,"Complaint received on 03-Oct-2025 13:55 from 0, 0, 3. Fraud type: 3, Bank: 1."
1224,PNB ATM - Signal,"Latur, Maharashtra",18.714495,76.436564,1.7901373536446752,0.9109257077080327,Low,4,22163.3825,110,03-Oct-2025 13:55,"Complaint received on 03-Oct-2025 13:55 from 0, 0, 3. Fraud type: 3, Bank: 1."
1447,ICICI ATM - Chowk,"Buldhana, Maharashtra",20.493897,76.034863,1.7891346775464843,0.9106685007317341,Low,9,15366.5,111,03-Oct-2025 13:55,"Complaint received on 03-Oct-2025 13:55 from 0, 0, 3. Fraud type: 3, Bank: 1."
1416,PNB ATM - Main Road,"Hingoli, Maharashtra",19.871645,77.048442,1.7874881068049735,0.9102461215781374,Low,8,24249.51375,112,03-Oct-2025 13:55,"Complaint received on 03-Oct-2025 13:55 from 0, 0, 3. Fraud type: 3, Bank: 1."
1400,Axis ATM - Chowk,"Hingoli, Maharashtra",19.521414,77.034794,1.7871183512289432,0.9101512716920657,Low,5,42429.47,113,03-Oct-2025 13:55,"Complaint received on 03-Oct-2025 13:55 from 0, 0, 3. Fraud type: 3, Bank: 1."
1655,SBI ATM - Main Road,"Amravati, Maharashtra",20.8116,77.547519,1.7866538613164724,0.9100321205064302,Low,6,14947.445,114,03-Oct-2025 13:55,"Complaint received on 03-Oct-2025 13:55 from 0, 0, 3. Fraud type: 3, Bank: 1."
2109,HDFC ATM - Market,"Thane, Maharashtra",19.366657,72.97252,1.7861596687013,0.9099053499685796,Low,2,17173.22,115,03-Oct-2025 13:55,"Complaint received on 03-Oct-2025 13:55 from 0, 0, 3. Fraud type: 3, Bank: 1."
1408,HDFC ATM - Bus Stand,"Hingoli, Maharashtra",19.909374,77.268254,1.7822777363341737,0.9089095547280774,Low,6,5919.491666666666,116,03-Oct-2025 13:55,"Complaint received on 03-Oct-2025 13:55 from 0, 0, 3. Fraud type: 3, Bank: 1."
11,Axis ATM - Railway Station,"Mumbai City, Maharashtra",18.780618,72.843623,1.7815033480649825,0.9087109082603307,Low,5,44975.59,117,03-Oct-2025 13:55,"Complaint received on 03-Oct-2025 13:55 from 0, 0, 3. Fraud type: 3, Bank: 1."
220,SBI ATM - Market,"Palghar, Maharashtra",19.726891,72.761511,1.7796952831413682,0.9082471025380309,Low,6,24128.065,118,03-Oct-2025 13:55,"Complaint received on 03-Oct-2025 13:55 from 0, 0, 3. Fraud type: 3, Bank: 1."
1475,HDFC ATM - Market,"Buldhana, Maharashtra",20.459968,76.304605,1.779692156605362,0.9082463005174443,Low,2,6161.955,119,03-Oct-2025 13:55,"Complaint received on 03-Oct-2025 13:55 from 0, 0, 3. Fraud type: 3, Bank: 1."
1266,ICICI ATM - Main Road,"Latur, Maharashtra",18.466662,76.459758,1.7793252951126808,0.9081521930230868,Low,5,15389.782,120,03-Oct-2025 13:55,"Complaint received on 03-Oct-2025 13:55 from 0, 0, 3. Fraud type: 3, Bank: 1."
1407,Axis ATM - Bus Stand,"Hingoli, Maharashtra",19.469906,77.356964,1.7781665315432476,0.9078549464102709,Low,1,7822.58,121,03-Oct-2025 13:55,"Complaint received on 03-Oct-2025 13:55 from 0, 0, 3. Fraud type: 3, Bank: 1."
1301,ICICI ATM - Main Road,"Nanded, Maharashtra",19.155283,77.30386,1.7774296777135807,0.9076659282958024,Low,5,35867.15,122,03-Oct-2025 13:55,"Complaint received on 03-Oct-2025 13:55 from 0, 0, 3. Fraud type: 3, Bank: 1."
1254,BoB ATM - Signal,"Latur, Maharashtra",18.327196,76.595354,1.775712579448524,0.9072254573864434,Low,4,32355.860000000004,123,03-Oct-2025 13:55,"Complaint received on 03-Oct-2025 13:55 from 0, 0, 3. Fraud type: 3, Bank: 1."
1237,HDFC ATM - Chowk,"Latur, Maharashtra",18.478183,76.433478,1.775712579448524,0.9072254573864434,Low,5,31001.058,124,03-Oct-2025 13:55,"Complaint received on 03-Oct-2025 13:55 from 0, 0, 3. Fraud type: 3, Bank: 1."
1501,BoB ATM - Market,"Buldhana, Maharashtra",20.305631,76.133378,1.7752455603588244,0.9071056574149952,Low,4,8426.082499999999,125,03-Oct-2025 13:55,"Complaint received on 03-Oct-2025 13:55 from 0, 0, 3. Fraud type: 3, Bank: 1."
55,HDFC ATM - Market,"Mumbai Suburban, Maharashtra",19.013258,72.782103,1.7743483529042063,0.9068755053081172,Low,7,10123.442857142858,126,03-Oct-2025 13:55,"Complaint received on 03-Oct-2025 13:55 from 0, 0, 3. Fraud type: 3, Bank: 1."
1672,HDFC ATM - Main Road,"Amravati, Maharashtra",21.053396,77.766687,1.7739257970669737,0.9067671110725231,Low,8,12991.0725,127,03-Oct-2025 13:55,"Complaint received on 03-Oct-2025 13:55 from 0, 0, 3. Fraud type: 3, Bank: 1."
902,BoB ATM - Signal,"Nandurbar, Maharashtra",21.88007,74.039526,1.7738652803044805,0.9067515872822138,Low,6,26732.861666666664,128,03-Oct-2025 13:55,"Complaint received on 03-Oct-2025 13:55 from 0, 0, 3. Fraud type: 3, Bank: 1."
1246,SBI ATM - Market,"Latur, Maharashtra",18.691206,76.621955,1.773703323290481,0.9067100419876405,Low,10,13607.934,129,03-Oct-2025 13:55,"Complaint received on 03-Oct-2025 13:55 from 0, 0, 3. Fraud type: 3, Bank: 1."
1256,PNB ATM - Chowk,"Latur, Maharashtra",18.444653,76.616699,1.773703323290481,0.9067100419876405,Low,8,12414.91125,130,03-Oct-2025 13:55,"Complaint received on 03-Oct-2025 13:55 from 0, 0, 3. Fraud type: 3, Bank: 1."
1220,SBI ATM - Bus Stand,"Latur, Maharashtra",18.410059,76.739255,1.773703323290481,0.9067100419876405,Low,7,13542.292857142858,131,03-Oct-2025 13:55,"Complaint received on 03-Oct-2025 13:55 from 0, 0, 3. Fraud type: 3, Bank: 1."
1173,PNB ATM - Bus Stand,"Osmanabad, Maharashtra",18.278253,76.214552,1.773703323290481,0.9067100419876405,Low,8,11603.77625,132,03-Oct-2025 13:55,"Complaint received on 03-Oct-2025 13:55 from 0, 0, 3. Fraud type: 3, Bank: 1."
1205,PNB ATM - Main Road,"Osmanabad, Maharashtra",18.380814,76.190855,1.7724855865360125,0.9063976675437802,Low,7,13877.452857142856,133,03-Oct-2025 13:55,"Complaint received on 03-Oct-2025 13:55 from 0, 0, 3. Fraud type: 3, Bank: 1."
1438,SBI ATM - Main Road,"Hingoli, Maharashtra",19.60613,77.359684,1.7724082947520803,0.9063778406165464,Low,2,10681.025,134,03-Oct-2025 13:55,"Complaint received on 03-Oct-2025 13:55 from 0, 0, 3. Fraud type: 3, Bank: 1."
890,Axis ATM - Chowk,"Nandurbar, Maharashtra",21.82731,74.084542,1.7720182088436995,0.9062777755834092,Low,4,50256.2975,135,03-Oct-2025 13:55,"Complaint received on 03-Oct-2025 13:55 from 0, 0, 3. Fraud type: 3, Bank: 1."
1478,ICICI ATM - Signal,"Buldhana, Maharashtra",20.537078,76.233625,1.7715236459576265,0.9061509100634814,Low,6,7637.456666666666,136,03-Oct-2025 13:55,"Complaint received on 03-Oct-2025 13:55 from 0, 0, 3. Fraud type: 3, Bank: 1."
1410,Axis ATM - Main Road,"Hingoli, Maharashtra",19.73101,77.180269,1.771086924476562,0.9060388820498168,Low,6,31729.86833333333,137,03-Oct-2025 13:55,"Complaint received on 03-Oct-2025 13:55 from 0, 0, 3. Fraud type: 3, Bank: 1."
1411,Axis ATM - Main Road,"Hingoli, Maharashtra",19.523262,77.102903,1.770962692233149,0.9060070139323413,Low,10,12800.205,138,03-Oct-2025 13:55,"Complaint received on 03-Oct-2025 13:55 from 0, 0, 3. Fraud type: 3, Bank: 1."
2151,BoB ATM - Market,"Hingoli, Maharashtra",19.829364,77.16269,1.770962692233149,0.9060070139323413,Low,2,12027.775,139,03-Oct-2025 13:55,"Complaint received on 03-Oct-2025 13:55 from 0, 0, 3. Fraud type: 3, Bank: 1."
719,HDFC ATM - Main Road,"Ahmednagar, Maharashtra",19.151632,74.666076,1.7705991956663032,0.905913769610449,Low,8,44367.765,140,03-Oct-2025 13:55,"Complaint received on 03-Oct-2025 13:55 from 0, 0, 3. Fraud type: 3, Bank: 1."
1464,HDFC ATM - Market,"Buldhana, Maharashtra",20.581059,76.32367,1.769082245494195,0.9055246407904171,Low,8,9541.55375,141,03-Oct-2025 13:55,"Complaint received on 03-Oct-2025 13:55 from 0, 0, 3. Fraud type: 3, Bank: 1."
1409,Axis ATM - Market,"Hingoli, Maharashtra",19.647522,77.122454,1.7689859412899178,0.9054999367875673,Low,4,19522.8,142,03-Oct-2025 13:55,"Complaint received on 03-Oct-2025 13:55 from 0, 0, 3. Fraud type: 3, Bank: 1."
1632,Axis ATM - Railway Station,"Amravati, Maharashtra",21.005985,77.911547,1.7688833296529045,0.9054736147989043,Low,6,12614.77,143,03-Oct-2025 13:55,"Complaint received on 03-Oct-2025 13:55 from 0, 0, 3. Fraud type: 3, Bank: 1."
1622,Axis ATM - Chowk,"Amravati, Maharashtra",20.973458,77.738139,1.7688833296529045,0.9054736147989043,Low,6,10774.436666666666,144,03-Oct-2025 13:55,"Complaint received on 03-Oct-2025 13:55 from 0, 0, 3. Fraud type: 3, Bank: 1."
610,HDFC ATM - Signal,"Kolhapur, Maharashtra",16.784973,74.354804,1.7660799533329123,0.9047544912973139,Low,7,39040.06,145,03-Oct-2025 13:55,"Complaint received on 03-Oct-2025 13:55 from 0, 0, 3. Fraud type: 3, Bank: 1."
1493,HDFC ATM - Railway Station,"Buldhana, Maharashtra",20.414472,76.155207,1.7660319473187178,0.904742176770442,Low,5,13774.648,146,03-Oct-2025 13:55,"Complaint received on 03-Oct-2025 13:55 from 0, 0, 3. Fraud type: 3, Bank: 1."
608,ICICI ATM - Signal,"Kolhapur, Maharashtra",16.830957,74.313097,1.7658286099105218,0.9046900165563659,Low,7,44193.68142857143,147,03-Oct-2025 13:55,"Complaint received on 03-Oct-2025 13:55 from 0, 0, 3. Fraud type: 3, Bank: 1."
634,HDFC ATM - Main Road,"Kolhapur, Maharashtra",16.900709,74.290282,1.765580458843934,0.9046263607201319,Low,4,39696.825,148,03-Oct-2025 13:55,"Complaint received on 03-Oct-2025 13:55 from 0, 0, 3. Fraud type: 3, Bank: 1."
5,BoB ATM - Main Road,"Mumbai City, Maharashtra",18.999606,72.803408,1.764512402584726,0.9043523823920923,Low,5,17690.01,149,03-Oct-2025 13:55,"Complaint received on 03-Oct-2025 13:55 from 0, 0, 3. Fraud type: 3, Bank: 1."
1525,Axis ATM - Main Road,"Akola, Maharashtra",20.665322,77.052478,1.7643148493862162,0.9043017059463901,Low,5,55986.744000000006,150,03-Oct-2025 13:55,"Complaint received on 03-Oct-2025 13:55 from 0, 0, 3. Fraud type: 3, Bank: 1."
1641,HDFC ATM - Railway Station,"Amravati, Maharashtra",20.923303,77.995623,1.7642111233884818,0.9042750981013553,Low,2,140217.13999999998,151,03-Oct-2025 13:55,"Complaint received on 03-Oct-2025 13:55 from 0, 0, 3. Fraud type: 3, Bank: 1."
590,Axis ATM - Main Road,"Kolhapur, Maharashtra",16.654505,74.21557,1.7628555898217042,0.9039273759499935,Low,8,40961.6125,152,03-Oct-2025 13:55,"Complaint received on 03-Oct-2025 13:55 from 0, 0, 3. Fraud type: 3, Bank: 1."
1132,HDFC ATM - Main Road,"Beed, Maharashtra",19.017608,75.819729,1.7603142433049028,0.9032754684651213,Low,8,35896.088749999995,153,03-Oct-2025 13:55,"Complaint received on 03-Oct-2025 13:55 from 0, 0, 3. Fraud type: 3, Bank: 1."
1431,PNB ATM - Market,"Hingoli, Maharashtra",19.685506,77.184479,1.7595117400620164,0.9030696099302016,Low,5,13779.662,154,03-Oct-2025 13:55,"Complaint received on 03-Oct-2025 13:55 from 0, 0, 3. Fraud type: 3, Bank: 1."
2137,SBI ATM - Main Road,"Akola, Maharashtra",20.525795,76.774399,1.7594241875054661,0.9030471509044223,Low,3,11287.02,155,03-Oct-2025 13:55,"Complaint received on 03-Oct-2025 13:55 from 0, 0, 3. Fraud type: 3, Bank: 1."
1445,ICICI ATM - Signal,"Hingoli, Maharashtra",19.670057,77.014392,1.759046551454126,0.9029502795148662,Low,4,14054.09,156,03-Oct-2025 13:55,"Complaint received on 03-Oct-2025 13:55 from 0, 0, 3. Fraud type: 3, Bank: 1."
815,Axis ATM - Market,"Dhule, Maharashtra",20.63928,74.881691,1.7547571178889336,0.9018499518623699,Low,6,46160.68833333333,157,03-Oct-2025 13:55,"Complaint received on 03-Oct-2025 13:55 from 0, 0, 3. Fraud type: 3, Bank: 1."
1262,PNB ATM - Signal,"Latur, Maharashtra",18.484541,76.664687,1.754084109071772,0.9016773113025754,Low,3,15091.893333333332,158,03-Oct-2025 13:55,"Complaint received on 03-Oct-2025 13:55 from 0, 0, 3. Fraud type: 3, Bank: 1."
1674,ICICI ATM - Bus Stand,"Amravati, Maharashtra",20.900581,77.765831,1.753623613956994,0.9015591848644505,Low,4,13034.8175,159,03-Oct-2025 13:55,"Complaint received on 03-Oct-2025 13:55 from 0, 0, 3. Fraud type: 3, Bank: 1."
179,HDFC ATM - Signal,"Palghar, Maharashtra",19.743992,72.647214,1.7521436091661704,0.9011795332921813,Low,4,24198.6025,160,03-Oct-2025 13:55,"Complaint received on 03-Oct-2025 13:55 from 0, 0, 3. Fraud type: 3, Bank: 1."
13,SBI ATM - Bus Stand,"Mumbai City, Maharashtra",19.166342,72.840949,1.7505678046064692,0.9007753071150842,Low,7,20416.96571428571,161,03-Oct-2025 13:55,"Complaint received on 03-Oct-2025 13:55 from 0, 0, 3. Fraud type: 3, Bank: 1."
24,BoB ATM - Signal,"Mumbai City, Maharashtra",18.801881,72.865084,1.750144265772156,0.9006666607205853,Low,6,19223.125,162,03-Oct-2025 13:55,"Complaint received on 03-Oct-2025 13:55 from 0, 0, 3. Fraud type: 3, Bank: 1."
1665,Axis ATM - Signal,"Amravati, Maharashtra",20.794885,77.68614,1.7492641154341955,0.9004408841138393,Low,5,15112.006,163,03-Oct-2025 13:55,"Complaint received on 03-Oct-2025 13:55 from 0, 0, 3. Fraud type: 3, Bank: 1."
1470,ICICI ATM - Market,"Buldhana, Maharashtra",20.442448,76.22337,1.748025653813517,0.9001231933168897,Low,9,31107.292222222222,164,03-Oct-2025 13:55,"Complaint received on 03-Oct-2025 13:55 from 0, 0, 3. Fraud type: 3, Bank: 1."
1663,ICICI ATM - Signal,"Amravati, Maharashtra",21.01267,77.73825,1.7471423549431708,0.8998966090470348,Low,3,9697.706666666669,165,03-Oct-2025 13:55,"Complaint received on 03-Oct-2025 13:55 from 0, 0, 3. Fraud type: 3, Bank: 1."
178,HDFC ATM - Signal,"Palghar, Maharashtra",19.958382,72.667918,1.7470744473953592,0.8998791893687639,Low,3,8933.826666666666,166,03-Oct-2025 13:55,"Complaint received on 03-Oct-2025 13:55 from 0, 0, 3. Fraud type: 3, Bank: 1."
181,HDFC ATM - Market,"Palghar, Maharashtra",19.7737,72.850901,1.7450060238906904,0.8993485963324878,Low,7,27213.08571428572,167,03-Oct-2025 13:55,"Complaint received on 03-Oct-2025 13:55 from 0, 0, 3. Fraud type: 3, Bank: 1."
581,BoB ATM - Railway Station,"Kolhapur, Maharashtra",16.615761,74.160452,1.7422741104767565,0.8986478045314514,Low,6,43869.35333333333,168,03-Oct-2025 13:55,"Complaint received on 03-Oct-2025 13:55 from 0, 0, 3. Fraud type: 3, Bank: 1."
1614,SBI ATM - Railway Station,"Washim, Maharashtra",19.994235,77.335416,1.7411562433235928,0.8983610486878771,Low,6,30682.096666666665,169,03-Oct-2025 13:55,"Complaint received on 03-Oct-2025 13:55 from 0, 0, 3. Fraud type: 3, Bank: 1."
1483,BoB ATM - Chowk,"Buldhana, Maharashtra",20.655007,76.250025,1.7405573356011133,0.8982074165781073,Low,6,23924.15166666667,170,03-Oct-2025 13:55,"Complaint received on 03-Oct-2025 13:55 from 0, 0, 3. Fraud type: 3, Bank: 1."
1437,HDFC ATM - Signal,"Hingoli, Maharashtra",19.673797,77.195959,1.7401156914304843,0.8980941257936433,Low,4,14505.975,171,03-Oct-2025 13:55,"Complaint received on 03-Oct-2025 13:55 from 0, 0, 3. Fraud type: 3, Bank: 1."
22,SBI ATM - Market,"Mumbai City, Maharashtra",18.625631,72.918628,1.7384765157447821,0.8976736436234767,Low,4,13431.44,172,03-Oct-2025 13:55,"Complaint received on 03-Oct-2025 13:55 from 0, 0, 3. Fraud type: 3, Bank: 1."
1671,BoB ATM - Market,"Amravati, Maharashtra",21.209807,77.892866,1.7375857864351756,0.8974451532936107,Low,4,41791.9375,173,03-Oct-2025 13:55,"Complaint received on 03-Oct-2025 13:55 from 0, 0, 3. Fraud type: 3, Bank: 1."
1477,HDFC ATM - Chowk,"Buldhana, Maharashtra",20.558083,76.150177,1.7371938287780637,0.8973446081185491,Low,4,4348.6125,174,03-Oct-2025 13:55,"Complaint received on 03-Oct-2025 13:55 from 0, 0, 3. Fraud type: 3, Bank: 1."
1390,BoB ATM - Signal,"Hingoli, Maharashtra",19.839588,77.094021,1.7358841957887,0.8970086604063588,Low,13,19933.46769230769,175,03-Oct-2025 13:55,"Complaint received on 03-Oct-2025 13:55 from 0, 0, 3. Fraud type: 3, Bank: 1."
1423,Axis ATM - Main Road,"Hingoli, Maharashtra",19.780992,77.621149,1.7350185488698033,0.8967866042239554,Low,7,11618.240000000002,176,03-Oct-2025 13:55,"Complaint received on 03-Oct-2025 13:55 from 0, 0, 3. Fraud type: 3, Bank: 1."
632,ICICI ATM - Main Road,"Kolhapur, Maharashtra",16.810289,74.205167,1.7337710558604085,0.8964665966906363,Low,5,44277.546,177,03-Oct-2025 13:55,"Complaint received on 03-Oct-2025 13:55 from 0, 0, 3. Fraud type: 3, Bank: 1."
864,SBI ATM - Railway Station,"Dhule, Maharashtra",20.788718,74.808604,1.733602495294407,0.8964233574495868,Low,4,36400.04,178,03-Oct-2025 13:55,"Complaint received on 03-Oct-2025 13:55 from 0, 0, 3. Fraud type: 3, Bank: 1."
1646,SBI ATM - Chowk,"Amravati, Maharashtra",20.864917,77.984391,1.7324629742726787,0.8961310469447726,Low,6,36025.105,179,03-Oct-2025 13:55,"Complaint received on 03-Oct-2025 13:55 from 0, 0, 3. Fraud type: 3, Bank: 1."
1314,SBI ATM - Chowk,"Nanded, Maharashtra",19.200207,77.357939,1.7318540572884638,0.8959748472541552,Low,5,16140.569999999998,180,03-Oct-2025 13:55,"Complaint received on 03-Oct-2025 13:55 from 0, 0, 3. Fraud type: 3, Bank: 1."
1074,SBI ATM - Bus Stand,"Jalna, Maharashtra",19.564577,76.064012,1.7316420520903864,0.8959204635742657,Low,6,31367.92,181,03-Oct-2025 13:55,"Complaint received on 03-Oct-2025 13:55 from 0, 0, 3. Fraud type: 3, Bank: 1."
1260,SBI ATM - Main Road,"Latur, Maharashtra",18.08371,76.570405,1.7305273146547286,0.8956345105673977,Low,5,9038.576,182,03-Oct-2025 13:55,"Complaint received on 03-Oct-2025 13:55 from 0, 0, 3. Fraud type: 3, Bank: 1."
822,SBI ATM - Railway Station,"Dhule, Maharashtra",20.938301,74.940854,1.729707248693772,0.8954241468352179,Low,6,30003.916666666668,183,03-Oct-2025 13:55,"Complaint received on 03-Oct-2025 13:55 from 0, 0, 3. Fraud type: 3, Bank: 1."
106,PNB ATM - Railway Station,"Mumbai Suburban, Maharashtra",19.145691,72.730511,1.7295520625316358,0.8953843384029649,Low,3,7269.983333333333,184,03-Oct-2025 13:55,"Complaint received on 03-Oct-2025 13:55 from 0, 0, 3. Fraud type: 3, Bank: 1."
1290,PNB ATM - Market,"Nanded, Maharashtra",19.231667,77.206198,1.7284797066363229,0.8951092571301122,Low,7,26673.454285714284,185,03-Oct-2025 13:55,"Complaint received on 03-Oct-2025 13:55 from 0, 0, 3. Fraud type: 3, Bank: 1."
1305,ICICI ATM - Signal,"Nanded, Maharashtra",19.029244,77.225829,1.728323140536132,0.8950690947154566,Low,6,17767.845,186,03-Oct-2025 13:55,"Complaint received on 03-Oct-2025 13:55 from 0, 0, 3. Fraud type: 3, Bank: 1."
1490,Axis ATM - Railway Station,"Buldhana, Maharashtra",20.348264,76.218591,1.7270771984265185,0.8947494850197285,Low,3,9960.733333333334,187,03-Oct-2025 13:55,"Complaint received on 03-Oct-2025 13:55 from 0, 0, 3. Fraud type: 3, Bank: 1."
175,BoB ATM - Main Road,"Palghar, Maharashtra",19.886138,72.773881,1.7252298986635717,0.8942756147567374,Low,5,19942.998,188,03-Oct-2025 13:55,"Complaint received on 03-Oct-2025 13:55 from 0, 0, 3. Fraud type: 3, Bank: 1."
1325,ICICI ATM - Chowk,"Nanded, Maharashtra",19.261781,77.172097,1.7252200745151307,0.8942730946612453,Low,2,35896.445,189,03-Oct-2025 13:55,"Complaint received on 03-Oct-2025 13:55 from 0, 0, 3. Fraud type: 3, Bank: 1."
1310,Axis ATM - Chowk,"Nanded, Maharashtra",19.115539,77.151332,1.724964479087442,0.8942075291937627,Low,7,15546.297142857144,190,03-Oct-2025 13:55,"Complaint received on 03-Oct-2025 13:55 from 0, 0, 3. Fraud type: 3, Bank: 1."
1288,HDFC ATM - Main Road,"Nanded, Maharashtra",19.061789,77.503884,1.7238044624333944,0.8939099611390521,Low,5,28732.558,191,03-Oct-2025 13:55,"Complaint received on 03-Oct-2025 13:55 from 0, 0, 3. Fraud type: 3, Bank: 1."
1242,SBI ATM - Market,"Latur, Maharashtra",18.449172,76.466669,1.7231663303679345,0.8937462671811206,Low,8,18906.90625,192,03-Oct-2025 13:55,"Complaint received on 03-Oct-2025 13:55 from 0, 0, 3. Fraud type: 3, Bank: 1."
1504,Axis ATM - Bus Stand,"Buldhana, Maharashtra",20.603226,76.198837,1.7225281608576541,0.8935825636178252,Low,2,9298.345,193,03-Oct-2025 13:55,"Complaint received on 03-Oct-2025 13:55 from 0, 0, 3. Fraud type: 3, Bank: 1."
745,Axis ATM - Railway Station,"Ahmednagar, Maharashtra",18.919796,74.518703,1.7224856008767924,0.8935716461101588,Low,3,27364.16333333333,194,03-Oct-2025 13:55,"Complaint received on 03-Oct-2025 13:55 from 0, 0, 3. Fraud type: 3, Bank: 1."
1170,PNB ATM - Main Road,"Osmanabad, Maharashtra",18.088406,76.034553,1.7209827843145546,0.8931861428508292,Low,6,10638.163333333332,195,03-Oct-2025 13:55,"Complaint received on 03-Oct-2025 13:55 from 0, 0, 3. Fraud type: 3, Bank: 1."
1121,ICICI ATM - Signal,"Beed, Maharashtra",18.943923,75.790024,1.7205732348679763,0.8930810850210982,Low,8,35660.0575,196,03-Oct-2025 13:55,"Complaint received on 03-Oct-2025 13:55 from 0, 0, 3. Fraud type: 3, Bank: 1."
1218,ICICI ATM - Signal,"Latur, Maharashtra",18.501812,76.300373,1.7205543672233163,0.8930762450834138,Low,6,12287.179999999998,197,03-Oct-2025 13:55,"Complaint received on 03-Oct-2025 13:55 from 0, 0, 3. Fraud type: 3, Bank: 1."
1265,ICICI ATM - Chowk,"Latur, Maharashtra",18.250514,76.576592,1.7205543672233163,0.8930762450834138,Low,8,12314.0325,198,03-Oct-2025 13:55,"Complaint received on 03-Oct-2025 13:55 from 0, 0, 3. Fraud type: 3, Bank: 1."
177,SBI ATM - Railway Station,"Palghar, Maharashtra",20.069466,72.894349,1.7201896680081414,0.8929826922575682,Low,15,14384.994,199,03-Oct-2025 13:55,"Complaint received on 03-Oct-2025 13:55 from 0, 0, 3. Fraud type: 3, Bank: 1."
717,SBI ATM - Main Road,"Ahmednagar, Maharashtra",19.020337,74.800629,1.7190514288761582,0.8926907105837554,Low,6,41091.88833333333,200,03-Oct-2025 13:55,"Complaint received on 03-Oct-2025 13:55 from 0, 0, 3. Fraud type: 3, Bank: 1."
86,HDFC ATM - Chowk,"Mumbai Suburban, Maharashtra",19.217622,72.732296,1.718766925358657,0.892617729598555,Low,4,23446.182500000003,201,03-Oct-2025 13:55,"Complaint received on 03-Oct-2025 13:55 from 0, 0, 3. Fraud type: 3, Bank: 1."
2114,SBI ATM - Market,"Ahmednagar, Maharashtra",18.991816,74.729595,1.71855193438718,0.8925625800065733,Low,4,38773.0825,202,03-Oct-2025 13:55,"Complaint received on 03-Oct-2025 13:55 from 0, 0, 3. Fraud type: 3, Bank: 1."
1495,SBI ATM - Signal,"Buldhana, Maharashtra",20.518665,76.230353,1.7167445251493885,0.89209894248113,Low,3,19340.70333333333,203,03-Oct-2025 13:55,"Complaint received on 03-Oct-2025 13:55 from 0, 0, 3. Fraud type: 3, Bank: 1."
697,HDFC ATM - Main Road,"Ahmednagar, Maharashtra",19.086698,74.94267,1.715203168058183,0.8917035527859527,Low,7,39290.99857142858,204,03-Oct-2025 13:55,"Complaint received on 03-Oct-2025 13:55 from 0, 0, 3. Fraud type: 3, Bank: 1."
1552,PNB ATM - Chowk,"Akola, Maharashtra",20.621764,77.086578,1.715180376265979,0.8916977062239695,Low,2,7336.765,205,03-Oct-2025 13:55,"Complaint received on 03-Oct-2025 13:55 from 0, 0, 3. Fraud type: 3, Bank: 1."
1544,SBI ATM - Main Road,"Akola, Maharashtra",20.910067,77.182789,1.715180376265979,0.8916977062239695,Low,10,7705.717999999999,206,03-Oct-2025 13:55,"Complaint received on 03-Oct-2025 13:55 from 0, 0, 3. Fraud type: 3, Bank: 1."
1223,Axis ATM - Chowk,"Latur, Maharashtra",18.517098,76.680215,1.7146831547546764,0.8915701587121623,Low,5,11677.788,207,03-Oct-2025 13:55,"Complaint received on 03-Oct-2025 13:55 from 0, 0, 3. Fraud type: 3, Bank: 1."
1249,BoB ATM - Railway Station,"Latur, Maharashtra",18.278332,76.580282,1.7146831547546764,0.8915701587121623,Low,2,12038.105,208,03-Oct-2025 13:55,"Complaint received on 03-Oct-2025 13:55 from 0, 0, 3. Fraud type: 3, Bank: 1."
1284,PNB ATM - Bus Stand,"Nanded, Maharashtra",19.204118,77.067997,1.7127059204230664,0.8910629575683587,Low,7,11999.662857142856,209,03-Oct-2025 13:55,"Complaint received on 03-Oct-2025 13:55 from 0, 0, 3. Fraud type: 3, Bank: 1."
1489,PNB ATM - Signal,"Buldhana, Maharashtra",20.674031,76.124421,1.7119009599057635,0.8908564686921715,Low,4,30827.6775,210,03-Oct-2025 13:55,"Complaint received on 03-Oct-2025 13:55 from 0, 0, 3. Fraud type: 3, Bank: 1."
1418,PNB ATM - Market,"Hingoli, Maharashtra",19.390299,77.090032,1.7105741585778014,0.8905161169491413,Low,4,9210.19,211,03-Oct-2025 13:55,"Complaint received on 03-Oct-2025 13:55 from 0, 0, 3. Fraud type: 3, Bank: 1."
1258,PNB ATM - Railway Station,"Latur, Maharashtra",18.522566,76.820613,1.7094408269831523,0.8902253941592703,Low,9,15925.035555555556,212,03-Oct-2025 13:55,"Complaint received on 03-Oct-2025 13:55 from 0, 0, 3. Fraud type: 3, Bank: 1."
216,ICICI ATM - Chowk,"Palghar, Maharashtra",19.584209,72.842326,1.709239582460957,0.8901737708133622,Low,4,12061.12,213,03-Oct-2025 13:55,"Complaint received on 03-Oct-2025 13:55 from 0, 0, 3. Fraud type: 3, Bank: 1."
1119,Axis ATM - Bus Stand,"Beed, Maharashtra",19.069911,75.81059,1.7080045012477185,0.889856947160227,Low,6,44507.93833333333,214,03-Oct-2025 13:55,"Complaint received on 03-Oct-2025 13:55 from 0, 0, 3. Fraud type: 3, Bank: 1."
1486,BoB ATM - Signal,"Buldhana, Maharashtra",20.674064,76.196843,1.7056583620274213,0.8892551143490963,Low,5,25483.806,215,03-Oct-2025 13:55,"Complaint received on 03-Oct-2025 13:55 from 0, 0, 3. Fraud type: 3, Bank: 1."
853,ICICI ATM - Main Road,"Dhule, Maharashtra",20.821511,74.560324,1.7055780035894188,0.8892345007622201,Low,6,66045.09666666666,216,03-Oct-2025 13:55,"Complaint received on 03-Oct-2025 13:55 from 0, 0, 3. Fraud type: 3, Bank: 1."
1444,SBI ATM - Market,"Hingoli, Maharashtra",19.665998,77.300858,1.7025156049174093,0.8884489327167971,Low,3,24768.516666666663,217,03-Oct-2025 13:55,"Complaint received on 03-Oct-2025 13:55 from 0, 0, 3. Fraud type: 3, Bank: 1."
1395,BoB ATM - Bus Stand,"Hingoli, Maharashtra",19.632285,77.240951,1.7017002906917666,0.8882397879021466,Low,5,39476.378,218,03-Oct-2025 13:55,"Complaint received on 03-Oct-2025 13:55 from 0, 0, 3. Fraud type: 3, Bank: 1."
1311,BoB ATM - Signal,"Nanded, Maharashtra",19.180621,77.38639,1.7004554909190526,0.8879204712392536,Low,6,35838.20166666667,219,03-Oct-2025 13:55,"Complaint received on 03-Oct-2025 13:55 from 0, 0, 3. Fraud type: 3, Bank: 1."
1319,BoB ATM - Railway Station,"Nanded, Maharashtra",19.11783,77.50761,1.7004554909190526,0.8879204712392536,Low,5,36754.95,220,03-Oct-2025 13:55,"Complaint received on 03-Oct-2025 13:55 from 0, 0, 3. Fraud type: 3, Bank: 1."
1293,BoB ATM - Chowk,"Nanded, Maharashtra",19.088917,77.334826,1.6989792199935307,0.887541777479987,Low,7,31966.311428571436,221,03-Oct-2025 13:55,"Complaint received on 03-Oct-2025 13:55 from 0, 0, 3. Fraud type: 3, Bank: 1."
1292,BoB ATM - Signal,"Nanded, Maharashtra",19.028968,77.42683,1.6989792199935307,0.887541777479987,Low,5,31625.96,222,03-Oct-2025 13:55,"Complaint received on 03-Oct-2025 13:55 from 0, 0, 3. Fraud type: 3, Bank: 1."
1110,ICICI ATM - Market,"Beed, Maharashtra",18.782903,75.678692,1.6986331513897126,0.8874530037879238,Low,1,43217.46,223,03-Oct-2025 13:55,"Complaint received on 03-Oct-2025 13:55 from 0, 0, 3. Fraud type: 3, Bank: 1."
31,PNB ATM - Railway Station,"Mumbai City, Maharashtra",18.97889,72.77379,1.6986264759865397,0.887451291410149,Low,6,19894.7,224,03-Oct-2025 13:55,"Complaint received on 03-Oct-2025 13:55 from 0, 0, 3. Fraud type: 3, Bank: 1."
66,SBI ATM - Market,"Mumbai Suburban, Maharashtra",19.150059,72.921574,1.697407267764307,0.887138539504639,Low,7,11787.90285714286,225,03-Oct-2025 13:55,"Complaint received on 03-Oct-2025 13:55 from 0, 0, 3. Fraud type: 3, Bank: 1."
89,ICICI ATM - Chowk,"Mumbai Suburban, Maharashtra",19.343893,72.93686,1.6968097513406255,0.8869852642915357,Low,8,15549.95125,226,03-Oct-2025 13:55,"Complaint received on 03-Oct-2025 13:55 from 0, 0, 3. Fraud type: 3, Bank: 1."
1651,HDFC ATM - Chowk,"Amravati, Maharashtra",20.936619,77.653404,1.696528529070535,0.8869131250135691,Low,8,10599.035,227,03-Oct-2025 13:55,"Complaint received on 03-Oct-2025 13:55 from 0, 0, 3. Fraud type: 3, Bank: 1."
1482,Axis ATM - Bus Stand,"Buldhana, Maharashtra",20.507699,76.2172,1.6965166931484517,0.8869100888568917,Low,8,16157.04625,228,03-Oct-2025 13:55,"Complaint received on 03-Oct-2025 13:55 from 0, 0, 3. Fraud type: 3, Bank: 1."
1439,HDFC ATM - Main Road,"Hingoli, Maharashtra",19.75093,77.000989,1.695517868836055,0.8866538699426196,Low,6,12387.85,229,03-Oct-2025 13:55,"Complaint received on 03-Oct-2025 13:55 from 0, 0, 3. Fraud type: 3, Bank: 1."
1275,BoB ATM - Main Road,"Nanded, Maharashtra",18.856453,77.284407,1.69516627415872,0.8865636786994024,Low,5,26635.528,230,03-Oct-2025 13:55,"Complaint received on 03-Oct-2025 13:55 from 0, 0, 3. Fraud type: 3, Bank: 1."
1322,HDFC ATM - Chowk,"Nanded, Maharashtra",19.189917,77.445411,1.6949454671489004,0.886507037174344,Low,8,15926.89625,231,03-Oct-2025 13:55,"Complaint received on 03-Oct-2025 13:55 from 0, 0, 3. Fraud type: 3, Bank: 1."
74,ICICI ATM - Bus Stand,"Mumbai Suburban, Maharashtra",19.126985,72.742844,1.6945656983016668,0.886409618678914,Low,3,15260.983333333332,232,03-Oct-2025 13:55,"Complaint received on 03-Oct-2025 13:55 from 0, 0, 3. Fraud type: 3, Bank: 1."
1628,BoB ATM - Market,"Amravati, Maharashtra",20.968803,77.872824,1.6933200777542818,0.8860900914704902,Low,7,23082.38571428572,233,03-Oct-2025 13:55,"Complaint received on 03-Oct-2025 13:55 from 0, 0, 3. Fraud type: 3, Bank: 1."
1259,ICICI ATM - Railway Station,"Latur, Maharashtra",18.303995,76.562377,1.6928487791468212,0.8859691937149964,Low,1,500.0,234,03-Oct-2025 13:55,"Complaint received on 03-Oct-2025 13:55 from 0, 0, 3. Fraud type: 3, Bank: 1."
1487,SBI ATM - Signal,"Buldhana, Maharashtra",20.506688,76.089305,1.6927353291981773,0.8859400914771905,Low,2,28227.545,235,03-Oct-2025 13:55,"Complaint received on 03-Oct-2025 13:55 from 0, 0, 3. Fraud type: 3, Bank: 1."
9,BoB ATM - Main Road,"Mumbai City, Maharashtra",18.931359,72.940424,1.6924920359030409,0.8858776817589288,Low,5,17538.46,236,03-Oct-2025 13:55,"Complaint received on 03-Oct-2025 13:55 from 0, 0, 3. Fraud type: 3, Bank: 1."
2086,SBI ATM - Bus Stand,"Latur, Maharashtra",18.439339,76.680912,1.6912640542356512,0.8855626792848607,Low,2,7949.41,237,03-Oct-2025 13:55,"Complaint received on 03-Oct-2025 13:55 from 0, 0, 3. Fraud type: 3, Bank: 1."
61,PNB ATM - Bus Stand,"Mumbai Suburban, Maharashtra",19.12156,73.054424,1.691000069614452,0.8854949618172453,Low,9,19560.38111111111,238,03-Oct-2025 13:55,"Complaint received on 03-Oct-2025 13:55 from 0, 0, 3. Fraud type: 3, Bank: 1."
1421,BoB ATM - Bus Stand,"Hingoli, Maharashtra",19.776001,77.332521,1.69081181343888,0.8854466702485365,Low,3,7968.516666666666,239,03-Oct-2025 13:55,"Complaint received on 03-Oct-2025 13:55 from 0, 0, 3. Fraud type: 3, Bank: 1."
1195,HDFC ATM - Signal,"Osmanabad, Maharashtra",18.093391,76.051219,1.6906375400984908,0.8854019655637316,Low,3,10928.57,240,03-Oct-2025 13:55,"Complaint received on 03-Oct-2025 13:55 from 0, 0, 3. Fraud type: 3, Bank: 1."
1442,BoB ATM - Railway Station,"Hingoli, Maharashtra",19.758887,77.012277,1.689975906933008,0.885232243091819,Low,4,12446.9125,241,03-Oct-2025 13:55,"Complaint received on 03-Oct-2025 13:55 from 0, 0, 3. Fraud type: 3, Bank: 1."
208,PNB ATM - Chowk,"Palghar, Maharashtra",19.686949,72.808205,1.6898462998900858,0.885198996228074,Low,5,13331.59,242,03-Oct-2025 13:55,"Complaint received on 03-Oct-2025 13:55 from 0, 0, 3. Fraud type: 3, Bank: 1."
1522,SBI ATM - Chowk,"Akola, Maharashtra",20.693272,77.088758,1.6898421834782453,0.8851979402840411,Low,5,30553.268,243,03-Oct-2025 13:55,"Complaint received on 03-Oct-2025 13:55 from 0, 0, 3. Fraud type: 3, Bank: 1."
50,SBI ATM - Chowk,"Mumbai City, Maharashtra",18.979752,72.937065,1.689653428478253,0.8851495207566417,Low,5,19577.068,244,03-Oct-2025 13:55,"Complaint received on 03-Oct-2025 13:55 from 0, 0, 3. Fraud type: 3, Bank: 1."
1070,SBI ATM - Main Road,"Jalna, Maharashtra",19.814694,76.061339,1.6887463811636556,0.8849168445239398,Low,9,16433.965555555555,245,03-Oct-2025 13:55,"Complaint received on 03-Oct-2025 13:55 from 0, 0, 3. Fraud type: 3, Bank: 1."
1231,ICICI ATM - Market,"Latur, Maharashtra",18.568404,76.653748,1.688238159555626,0.8847864752617955,Low,8,27657.0975,246,03-Oct-2025 13:55,"Complaint received on 03-Oct-2025 13:55 from 0, 0, 3. Fraud type: 3, Bank: 1."
1241,ICICI ATM - Chowk,"Latur, Maharashtra",18.575701,76.689623,1.688238159555626,0.8847864752617955,Low,6,27690.34833333333,247,03-Oct-2025 13:55,"Complaint received on 03-Oct-2025 13:55 from 0, 0, 3. Fraud type: 3, Bank: 1."
1206,SBI ATM - Main Road,"Osmanabad, Maharashtra",18.146524,75.996429,1.687634894708886,0.8846317254603221,Low,4,41267.3475,248,03-Oct-2025 13:55,"Complaint received on 03-Oct-2025 13:55 from 0, 0, 3. Fraud type: 3, Bank: 1."
1332,HDFC ATM - Main Road,"Parbhani, Maharashtra",19.364942,76.702028,1.6873668187529025,0.8845629584814529,Low,10,17427.927000000003,249,03-Oct-2025 13:55,"Complaint received on 03-Oct-2025 13:55 from 0, 0, 3. Fraud type: 3, Bank: 1."
107,HDFC ATM - Signal,"Mumbai Suburban, Maharashtra",19.151186,72.973819,1.6867613552107945,0.8844076446695394,Low,5,9535.684,250,03-Oct-2025 13:55,"Complaint received on 03-Oct-2025 13:55 from 0, 0, 3. Fraud type: 3, Bank: 1."
2146,PNB ATM - Main Road,"Nandurbar, Maharashtra",21.727776,74.013057,1.6849204935468285,0.8839354259109327,Low,1,13012.45,251,03-Oct-2025 13:55,"Complaint received on 03-Oct-2025 13:55 from 0, 0, 3. Fraud type: 3, Bank: 1."
210,HDFC ATM - Signal,"Palghar, Maharashtra",19.897396,72.730116,1.6846668964086347,0.8838703730456748,Low,5,26358.158000000003,252,03-Oct-2025 13:55,"Complaint received on 03-Oct-2025 13:55 from 0, 0, 3. Fraud type: 3, Bank: 1."
1930,HDFC ATM - Signal,"Gondia, Maharashtra",21.505233,80.223381,1.6830528214092355,0.8834563297161654,Low,6,30626.096666666668,253,03-Oct-2025 13:55,"Complaint received on 03-Oct-2025 13:55 from 0, 0, 3. Fraud type: 3, Bank: 1."
759,SBI ATM - Market,"Nashik, Maharashtra",20.014068,73.927836,1.6823080391668832,0.8832652778012929,Low,6,7954.208333333333,254,03-Oct-2025 13:55,"Complaint received on 03-Oct-2025 13:55 from 0, 0, 3. Fraud type: 3, Bank: 1."
1623,Axis ATM - Main Road,"Amravati, Maharashtra",20.998058,77.765728,1.6801156111005475,0.882702875052577,Low,4,27383.76,255,03-Oct-2025 13:55,"Complaint received on 03-Oct-2025 13:55 from 0, 0, 3. Fraud type: 3, Bank: 1."
1393,ICICI ATM - Market,"Hingoli, Maharashtra",19.825126,77.32672,1.6801134094143257,0.8827023102749217,Low,7,8449.855714285715,256,03-Oct-2025 13:55,"Complaint received on 03-Oct-2025 13:55 from 0, 0, 3. Fraud type: 3, Bank: 1."
1680,ICICI ATM - Signal,"Yavatmal, Maharashtra",20.573623,78.209791,1.6796565943738482,0.8825851278513046,Low,5,18799.866,257,03-Oct-2025 13:55,"Complaint received on 03-Oct-2025 13:55 from 0, 0, 3. Fraud type: 3, Bank: 1."
1240,Axis ATM - Chowk,"Latur, Maharashtra",18.423675,76.607357,1.6782941920489647,0.8822356437226638,Low,4,14504.46,258,03-Oct-2025 13:55,"Complaint received on 03-Oct-2025 13:55 from 0, 0, 3. Fraud type: 3, Bank: 1."
34,BoB ATM - Main Road,"Mumbai City, Maharashtra",18.883663,72.885107,1.677424899380292,0.8820126523306966,Low,5,17670.074,259,03-Oct-2025 13:55,"Complaint received on 03-Oct-2025 13:55 from 0, 0, 3. Fraud type: 3, Bank: 1."
2122,Axis ATM - Railway Station,"Ahmednagar, Maharashtra",19.233596,74.656826,1.6764738014517524,0.881768676212382,Low,1,13540.2,260,03-Oct-2025 13:55,"Complaint received on 03-Oct-2025 13:55 from 0, 0, 3. Fraud type: 3, Bank: 1."
26,HDFC ATM - Railway Station,"Mumbai City, Maharashtra",18.983367,73.004564,1.6761041978178242,0.8816738653025747,Low,9,17981.498888888887,261,03-Oct-2025 13:55,"Complaint received on 03-Oct-2025 13:55 from 0, 0, 3. Fraud type: 3, Bank: 1."
1219,Axis ATM - Chowk,"Latur, Maharashtra",18.288949,76.600646,1.6753310152334036,0.8814755281176908,Low,9,27338.044444444444,262,03-Oct-2025 13:55,"Complaint received on 03-Oct-2025 13:55 from 0, 0, 3. Fraud type: 3, Bank: 1."
1157,ICICI ATM - Bus Stand,"Osmanabad, Maharashtra",18.261999,76.004882,1.6753127989299756,0.8814708552623864,Low,4,35594.31,263,03-Oct-2025 13:55,"Complaint received on 03-Oct-2025 13:55 from 0, 0, 3. Fraud type: 3, Bank: 1."
1460,Axis ATM - Bus Stand,"Buldhana, Maharashtra",20.445173,76.282667,1.6748554079965288,0.8813535251104155,Low,8,53536.14125,264,03-Oct-2025 13:55,"Complaint received on 03-Oct-2025 13:55 from 0, 0, 3. Fraud type: 3, Bank: 1."
202,HDFC ATM - Signal,"Palghar, Maharashtra",19.769187,72.79735,1.6747627181894844,0.8813297482745596,Low,2,17797.739999999998,265,03-Oct-2025 13:55,"Complaint received on 03-Oct-2025 13:55 from 0, 0, 3. Fraud type: 3, Bank: 1."
1178,BoB ATM - Bus Stand,"Osmanabad, Maharashtra",18.248647,76.022537,1.673984559386427,0.8811301345875717,Low,3,35881.88333333333,266,03-Oct-2025 13:55,"Complaint received on 03-Oct-2025 13:55 from 0, 0, 3. Fraud type: 3, Bank: 1."
876,ICICI ATM - Railway Station,"Nandurbar, Maharashtra",21.883906,74.255205,1.6737034773877693,0.8810580312921036,Low,10,41897.679,267,03-Oct-2025 13:55,"Complaint received on 03-Oct-2025 13:55 from 0, 0, 3. Fraud type: 3, Bank: 1."
1427,PNB ATM - Bus Stand,"Hingoli, Maharashtra",19.796858,77.12714,1.6722785744279407,0.8806925144691957,Low,4,24836.2575,268,03-Oct-2025 13:55,"Complaint received on 03-Oct-2025 13:55 from 0, 0, 3. Fraud type: 3, Bank: 1."
1336,ICICI ATM - Railway Station,"Parbhani, Maharashtra",19.21044,76.668796,1.671625947314279,0.8805251022342195,Low,5,17422.576,269,03-Oct-2025 13:55,"Complaint received on 03-Oct-2025 13:55 from 0, 0, 3. Fraud type: 3, Bank: 1."
62,Axis ATM - Main Road,"Mumbai Suburban, Maharashtra",19.125469,72.801808,1.6712130698872425,0.8804191907092699,Low,3,10968.636666666667,270,03-Oct-2025 13:55,"Complaint received on 03-Oct-2025 13:55 from 0, 0, 3. Fraud type: 3, Bank: 1."
1316,BoB ATM - Chowk,"Nanded, Maharashtra",19.216312,77.135731,1.6707548628694338,0.8803016512149288,Low,8,12542.54125,271,03-Oct-2025 13:55,"Complaint received on 03-Oct-2025 13:55 from 0, 0, 3. Fraud type: 3, Bank: 1."
1318,Axis ATM - Railway Station,"Nanded, Maharashtra",19.201958,77.132224,1.6707548628694338,0.8803016512149288,Low,5,13435.15,272,03-Oct-2025 13:55,"Complaint received on 03-Oct-2025 13:55 from 0, 0, 3. Fraud type: 3, Bank: 1."
1289,BoB ATM - Signal,"Nanded, Maharashtra",19.038973,77.084485,1.6695371261149652,0.8799892767710684,Low,9,14434.81,273,03-Oct-2025 13:55,"Complaint received on 03-Oct-2025 13:55 from 0, 0, 3. Fraud type: 3, Bank: 1."
201,HDFC ATM - Railway Station,"Palghar, Maharashtra",19.962776,72.663004,1.6695328416691864,0.8799881777228855,Low,6,30609.805000000004,274,03-Oct-2025 13:55,"Complaint received on 03-Oct-2025 13:55 from 0, 0, 3. Fraud type: 3, Bank: 1."
810,BoB ATM - Chowk,"Dhule, Maharashtra",20.884084,74.663056,1.6695011725848057,0.8799800539534545,Low,6,52656.22,275,03-Oct-2025 13:55,"Complaint received on 03-Oct-2025 13:55 from 0, 0, 3. Fraud type: 3, Bank: 1."
1233,BoB ATM - Chowk,"Latur, Maharashtra",18.31485,76.418979,1.6691886292461986,0.8798998801792611,Low,4,19324.235,276,03-Oct-2025 13:55,"Complaint received on 03-Oct-2025 13:55 from 0, 0, 3. Fraud type: 3, Bank: 1."
1657,ICICI ATM - Market,"Amravati, Maharashtra",20.852054,77.759377,1.6689076271356271,0.879827797376725,Low,5,9973.788,277,03-Oct-2025 13:55,"Complaint received on 03-Oct-2025 13:55 from 0, 0, 3. Fraud type: 3, Bank: 1."
39,HDFC ATM - Bus Stand,"Mumbai City, Maharashtra",19.129506,72.912092,1.6665468635341953,0.8792222131120003,Low,6,13802.245,278,03-Oct-2025 13:55,"Complaint received on 03-Oct-2025 13:55 from 0, 0, 3. Fraud type: 3, Bank: 1."
54,BoB ATM - Railway Station,"Mumbai City, Maharashtra",18.842981,72.759789,1.6662747488083338,0.8791524101058537,Low,5,29523.406,279,03-Oct-2025 13:55,"Complaint received on 03-Oct-2025 13:55 from 0, 0, 3. Fraud type: 3, Bank: 1."
946,ICICI ATM - Market,"Jalgaon, Maharashtra",21.163279,75.402942,1.6656357278086482,0.8789884881180684,Low,12,29965.52,280,03-Oct-2025 13:55,"Complaint received on 03-Oct-2025 13:55 from 0, 0, 3. Fraud type: 3, Bank: 1."
1100,BoB ATM - Bus Stand,"Beed, Maharashtra",18.890347,75.822702,1.6646556388462936,0.8787370752051988,Low,8,43158.485,281,03-Oct-2025 13:55,"Complaint received on 03-Oct-2025 13:55 from 0, 0, 3. Fraud type: 3, Bank: 1."
1494,ICICI ATM - Bus Stand,"Buldhana, Maharashtra",20.301063,76.076754,1.6645945580601789,0.8787214067312672,Low,4,19149.89,282,03-Oct-2025 13:55,"Complaint received on 03-Oct-2025 13:55 from 0, 0, 3. Fraud type: 3, Bank: 1."
188,HDFC ATM - Railway Station,"Palghar, Maharashtra",19.777445,72.924236,1.66324064216495,0.8783740995458235,Low,5,16557.136000000002,283,03-Oct-2025 13:55,"Complaint received on 03-Oct-2025 13:55 from 0, 0, 3. Fraud type: 3, Bank: 1."
1209,PNB ATM - Signal,"Osmanabad, Maharashtra",18.02405,76.129568,1.6625199684294556,0.8781892319572386,Low,5,13712.968,284,03-Oct-2025 13:55,"Complaint received on 03-Oct-2025 13:55 from 0, 0, 3. Fraud type: 3, Bank: 1."
926,ICICI ATM - Railway Station,"Nandurbar, Maharashtra",21.557987,74.023296,1.6613889722217665,0.8778991082420032,Low,4,84517.7925,285,03-Oct-2025 13:55,"Complaint received on 03-Oct-2025 13:55 from 0, 0, 3. Fraud type: 3, Bank: 1."
1647,Axis ATM - Railway Station,"Amravati, Maharashtra",20.967463,77.676305,1.6613090059364852,0.8778785952503402,Low,6,30528.33,286,03-Oct-2025 13:55,"Complaint received on 03-Oct-2025 13:55 from 0, 0, 3. Fraud type: 3, Bank: 1."
87,BoB ATM - Main Road,"Mumbai Suburban, Maharashtra",19.003038,72.97445,1.6605203672009214,0.8776762932458023,Low,4,10922.0725,287,03-Oct-2025 13:55,"Complaint received on 03-Oct-2025 13:55 from 0, 0, 3. Fraud type: 3, Bank: 1."
1465,Axis ATM - Chowk,"Buldhana, Maharashtra",20.374823,76.248687,1.6601786626408732,0.8775886390204388,Low,4,14747.4925,288,03-Oct-2025 13:55,"Complaint received on 03-Oct-2025 13:55 from 0, 0, 3. Fraud type: 3, Bank: 1."
1500,Axis ATM - Chowk,"Buldhana, Maharashtra",20.584421,76.062125,1.6597004596485194,0.8774659701486645,Low,4,27998.935,289,03-Oct-2025 13:55,"Complaint received on 03-Oct-2025 13:55 from 0, 0, 3. Fraud type: 3, Bank: 1."
1528,Axis ATM - Market,"Akola, Maharashtra",20.585375,76.804247,1.6595401506743446,0.8774248476100944,Low,5,107811.98,290,03-Oct-2025 13:55,"Complaint received on 03-Oct-2025 13:55 from 0, 0, 3. Fraud type: 3, Bank: 1."
1630,BoB ATM - Chowk,"Amravati, Maharashtra",20.892683,77.599384,1.6584211041805905,0.8771377892414794,Low,4,25293.9425,291,03-Oct-2025 13:55,"Complaint received on 03-Oct-2025 13:55 from 0, 0, 3. Fraud type: 3, Bank: 1."
21,PNB ATM - Bus Stand,"Mumbai City, Maharashtra",18.898874,72.723727,1.6578625630712962,0.876994511995598,Low,7,30337.58285714286,292,03-Oct-2025 13:55,"Complaint received on 03-Oct-2025 13:55 from 0, 0, 3. Fraud type: 3, Bank: 1."
1954,BoB ATM - Signal,"Gondia, Maharashtra",21.440512,80.130505,1.6576195362300328,0.8769321706282177,Low,4,11876.765,293,03-Oct-2025 13:55,"Complaint received on 03-Oct-2025 13:55 from 0, 0, 3. Fraud type: 3, Bank: 1."
110,HDFC ATM - Signal,"Mumbai Suburban, Maharashtra",18.971566,72.721545,1.656873610192774,0.8767408253065013,Low,4,8004.5975,294,03-Oct-2025 13:55,"Complaint received on 03-Oct-2025 13:55 from 0, 0, 3. Fraud type: 3, Bank: 1."
15,HDFC ATM - Chowk,"Mumbai City, Maharashtra",19.115878,72.792907,1.6560305297928548,0.8765245578988798,Low,4,6872.79,295,03-Oct-2025 13:55,"Complaint received on 03-Oct-2025 13:55 from 0, 0, 3. Fraud type: 3, Bank: 1."
1243,BoB ATM - Main Road,"Latur, Maharashtra",18.548493,76.515124,1.6551844383822585,0.8763075181052872,Low,7,27360.114285714284,296,03-Oct-2025 13:55,"Complaint received on 03-Oct-2025 13:55 from 0, 0, 3. Fraud type: 3, Bank: 1."
1245,BoB ATM - Main Road,"Latur, Maharashtra",18.327431,76.305332,1.6546849438932807,0.8761793875281053,Low,6,26652.47333333333,297,03-Oct-2025 13:55,"Complaint received on 03-Oct-2025 13:55 from 0, 0, 3. Fraud type: 3, Bank: 1."
1846,SBI ATM - Chowk,"Wardha, Maharashtra",20.744166,78.363779,1.6533666600178427,0.8758412206862745,Low,6,10822.206666666669,298,03-Oct-2025 13:55,"Complaint received on 03-Oct-2025 13:55 from 0, 0, 3. Fraud type: 3, Bank: 1."
924,HDFC ATM - Market,"Nandurbar, Maharashtra",21.743883,74.217297,1.6528967776741361,0.8757206862314701,Low,3,76413.98333333334,299,03-Oct-2025 13:55,"Complaint received on 03-Oct-2025 13:55 from 0, 0, 3. Fraud type: 3, Bank: 1."
1162,ICICI ATM - Chowk,"Osmanabad, Maharashtra",18.114398,75.997401,1.651680342024304,0.8754086455476247,Low,6,36586.54166666666,300,03-Oct-2025 13:55,"Complaint received on 03-Oct-2025 13:55 from 0, 0, 3. Fraud type: 3, Bank: 1."
2090,HDFC ATM - Signal,"Palghar, Maharashtra",19.827011,72.548951,1.6512706062313904,0.875303539916238,Low,4,24909.895,301,03-Oct-2025 13:55,"Complaint received on 03-Oct-2025 13:55 from 0, 0, 3. Fraud type: 3, Bank: 1."
1530,Axis ATM - Chowk,"Akola, Maharashtra",20.761872,77.056405,1.649816516752383,0.8749305361527717,Low,1,46401.44,302,03-Oct-2025 13:55,"Complaint received on 03-Oct-2025 13:55 from 0, 0, 3. Fraud type: 3, Bank: 1."
130,PNB ATM - Main Road,"Thane, Maharashtra",19.207718,72.849696,1.6491171888069247,0.8747511441969678,Low,5,12459.866,303,03-Oct-2025 13:55,"Complaint received on 03-Oct-2025 13:55 from 0, 0, 3. Fraud type: 3, Bank: 1."
616,PNB ATM - Main Road,"Kolhapur, Maharashtra",16.845572,74.257006,1.6488477942902737,0.874682038980254,Low,6,38626.82666666667,304,03-Oct-2025 13:55,"Complaint received on 03-Oct-2025 13:55 from 0, 0, 3. Fraud type: 3, Bank: 1."
1505,SBI ATM - Chowk,"Akola, Maharashtra",20.617281,77.099623,1.6485401391467027,0.8746031191283063,Low,4,11281.68,305,03-Oct-2025 13:55,"Complaint received on 03-Oct-2025 13:55 from 0, 0, 3. Fraud type: 3, Bank: 1."
1545,SBI ATM - Signal,"Akola, Maharashtra",20.59651,77.07299,1.6485401391467027,0.8746031191283063,Low,4,11424.3225,306,03-Oct-2025 13:55,"Complaint received on 03-Oct-2025 13:55 from 0, 0, 3. Fraud type: 3, Bank: 1."
47,PNB ATM - Bus Stand,"Mumbai City, Maharashtra",19.037503,72.982749,1.6485017861628364,0.8745932808016222,Low,7,17836.27142857143,307,03-Oct-2025 13:55,"Complaint received on 03-Oct-2025 13:55 from 0, 0, 3. Fraud type: 3, Bank: 1."
1182,HDFC ATM - Railway Station,"Osmanabad, Maharashtra",18.110394,76.058729,1.6483324152930618,0.8745498337010418,Low,7,40579.84571428572,308,03-Oct-2025 13:55,"Complaint received on 03-Oct-2025 13:55 from 0, 0, 3. Fraud type: 3, Bank: 1."
1546,SBI ATM - Signal,"Akola, Maharashtra",20.827037,77.061875,1.6468229079032564,0.8741626141072641,Low,6,14288.258333333331,309,03-Oct-2025 13:55,"Complaint received on 03-Oct-2025 13:55 from 0, 0, 3. Fraud type: 3, Bank: 1."
1287,Axis ATM - Railway Station,"Nanded, Maharashtra",19.171441,77.288386,1.6460716318227946,0.8739698963897783,Low,9,27924.995555555557,310,03-Oct-2025 13:55,"Complaint received on 03-Oct-2025 13:55 from 0, 0, 3. Fraud type: 3, Bank: 1."
1291,Axis ATM - Main Road,"Nanded, Maharashtra",19.070902,77.261763,1.6460716318227946,0.8739698963897783,Low,4,29026.545,311,03-Oct-2025 13:55,"Complaint received on 03-Oct-2025 13:55 from 0, 0, 3. Fraud type: 3, Bank: 1."
1335,Axis ATM - Signal,"Parbhani, Maharashtra",19.127416,76.806465,1.6453378512675154,0.8737816666331993,Low,6,17223.524999999998,312,03-Oct-2025 13:55,"Complaint received on 03-Oct-2025 13:55 from 0, 0, 3. Fraud type: 3, Bank: 1."
653,ICICI ATM - Main Road,"Solapur, Maharashtra",17.734707,76.1798,1.6451427675073582,0.8737316236490638,Low,8,15095.71625,313,03-Oct-2025 13:55,"Complaint received on 03-Oct-2025 13:55 from 0, 0, 3. Fraud type: 3, Bank: 1."
1650,PNB ATM - Railway Station,"Amravati, Maharashtra",20.886894,77.77133,1.6445491006119042,0.8735793359188747,Low,5,82905.396,314,03-Oct-2025 13:55,"Complaint received on 03-Oct-2025 13:55 from 0, 0, 3. Fraud type: 3, Bank: 1."
746,PNB ATM - Bus Stand,"Ahmednagar, Maharashtra",19.238594,74.732553,1.644181669796127,0.8734850823814707,Low,5,36291.48,315,03-Oct-2025 13:55,"Complaint received on 03-Oct-2025 13:55 from 0, 0, 3. Fraud type: 3, Bank: 1."
567,ICICI ATM - Chowk,"Sangli, Maharashtra",16.728447,74.397194,1.6417936929677117,0.8728725173660926,Low,3,42579.28333333333,316,03-Oct-2025 13:55,"Complaint received on 03-Oct-2025 13:55 from 0, 0, 3. Fraud type: 3, Bank: 1."
57,BoB ATM - Chowk,"Mumbai Suburban, Maharashtra",19.259031,72.781518,1.6380164585526635,0.8719035792968416,Low,3,27964.486666666675,317,03-Oct-2025 13:55,"Complaint received on 03-Oct-2025 13:55 from 0, 0, 3. Fraud type: 3, Bank: 1."
2148,ICICI ATM - Main Road,"Jalgaon, Maharashtra",20.997755,75.513378,1.638014779417779,0.8719031485643177,Low,1,16194.28,318,03-Oct-2025 13:55,"Complaint received on 03-Oct-2025 13:55 from 0, 0, 3. Fraud type: 3, Bank: 1."
882,Axis ATM - Signal,"Nandurbar, Maharashtra",21.543623,73.929904,1.634954100770986,0.8711180217406272,Low,6,15239.226666666667,319,03-Oct-2025 13:55,"Complaint received on 03-Oct-2025 13:55 from 0, 0, 3. Fraud type: 3, Bank: 1."
607,BoB ATM - Main Road,"Kolhapur, Maharashtra",16.720323,74.070354,1.6340347542112756,0.8708821904993918,Low,5,32413.464,320,03-Oct-2025 13:55,"Complaint received on 03-Oct-2025 13:55 from 0, 0, 3. Fraud type: 3, Bank: 1."
1531,PNB ATM - Chowk,"Akola, Maharashtra",20.795525,76.774022,1.633622012186281,0.8707763137078418,Low,4,18421.385,321,03-Oct-2025 13:55,"Complaint received on 03-Oct-2025 13:55 from 0, 0, 3. Fraud type: 3, Bank: 1."
830,ICICI ATM - Bus Stand,"Dhule, Maharashtra",21.096796,74.869055,1.6332327604245307,0.8706764626504173,Low,4,37486.3625,322,03-Oct-2025 13:55,"Complaint received on 03-Oct-2025 13:55 from 0, 0, 3. Fraud type: 3, Bank: 1."
1250,BoB ATM - Bus Stand,"Latur, Maharashtra",18.435589,76.625582,1.630976183714145,0.8700976044593115,Low,5,23600.302,323,03-Oct-2025 13:55,"Complaint received on 03-Oct-2025 13:55 from 0, 0, 3. Fraud type: 3, Bank: 1."
1461,BoB ATM - Bus Stand,"Buldhana, Maharashtra",20.557032,76.263127,1.6302734867335456,0.8699173482769209,Low,8,32902.791249999995,324,03-Oct-2025 13:55,"Complaint received on 03-Oct-2025 13:55 from 0, 0, 3. Fraud type: 3, Bank: 1."
2118,ICICI ATM - Main Road,"Nashik, Maharashtra",19.942989,73.679311,1.6301176960045038,0.8698773847608617,Low,3,36750.01666666667,325,03-Oct-2025 13:55,"Complaint received on 03-Oct-2025 13:55 from 0, 0, 3. Fraud type: 3, Bank: 1."
575,ICICI ATM - Market,"Sangli, Maharashtra",16.777422,74.840292,1.6284788305155582,0.8694569821625231,Low,2,35707.590000000004,326,03-Oct-2025 13:55,"Complaint received on 03-Oct-2025 13:55 from 0, 0, 3. Fraud type: 3, Bank: 1."
594,BoB ATM - Main Road,"Kolhapur, Maharashtra",16.567596,73.981653,1.6272516432525623,0.8691421834694687,Low,6,17880.73,327,03-Oct-2025 13:55,"Complaint received on 03-Oct-2025 13:55 from 0, 0, 3. Fraud type: 3, Bank: 1."
272,HDFC ATM - Bus Stand,"Raigad, Maharashtra",18.429238,73.01933,1.6265048985344894,0.8689506281393389,Low,7,44980.61,328,03-Oct-2025 13:55,"Complaint received on 03-Oct-2025 13:55 from 0, 0, 3. Fraud type: 3, Bank: 1."
857,HDFC ATM - Railway Station,"Dhule, Maharashtra",20.909052,74.587764,1.6260675810217318,0.868838447231325,Low,4,30488.715,329,03-Oct-2025 13:55,"Complaint received on 03-Oct-2025 13:55 from 0, 0, 3. Fraud type: 3, Bank: 1."
1298,Axis ATM - Signal,"Nanded, Maharashtra",19.234648,77.479472,1.6251886016743982,0.8686129710076828,Low,3,12362.81,330,03-Oct-2025 13:55,"Complaint received on 03-Oct-2025 13:55 from 0, 0, 3. Fraud type: 3, Bank: 1."
821,SBI ATM - Bus Stand,"Dhule, Maharashtra",20.976167,74.913164,1.624664012702669,0.8684784031811817,Low,10,27708.931,331,03-Oct-2025 13:55,"Complaint received on 03-Oct-2025 13:55 from 0, 0, 3. Fraud type: 3, Bank: 1."
959,PNB ATM - Main Road,"Jalgaon, Maharashtra",21.14267,75.644996,1.6242752419723556,0.8683786755181829,Low,6,15130.288333333332,332,03-Oct-2025 13:55,"Complaint received on 03-Oct-2025 13:55 from 0, 0, 3. Fraud type: 3, Bank: 1."
881,HDFC ATM - Main Road,"Nandurbar, Maharashtra",21.733017,74.042,1.6233772652480567,0.8681483260778601,Low,9,38357.85111111111,333,03-Oct-2025 13:55,"Complaint received on 03-Oct-2025 13:55 from 0, 0, 3. Fraud type: 3, Bank: 1."
1201,PNB ATM - Railway Station,"Osmanabad, Maharashtra",17.996267,76.091711,1.62256103426818,0.8679389460969531,Low,2,9499.675,334,03-Oct-2025 13:55,"Complaint received on 03-Oct-2025 13:55 from 0, 0, 3. Fraud type: 3, Bank: 1."
1508,HDFC ATM - Bus Stand,"Akola, Maharashtra",20.511205,76.937066,1.6206755006458997,0.867455268065163,Low,7,8950.97,335,03-Oct-2025 13:55,"Complaint received on 03-Oct-2025 13:55 from 0, 0, 3. Fraud type: 3, Bank: 1."
206,ICICI ATM - Chowk,"Palghar, Maharashtra",19.880283,72.768891,1.6205271090072493,0.8674172025674872,Low,5,30857.626,336,03-Oct-2025 13:55,"Complaint received on 03-Oct-2025 13:55 from 0, 0, 3. Fraud type: 3, Bank: 1."
1425,PNB ATM - Market,"Hingoli, Maharashtra",19.697572,76.954343,1.6188381802094738,0.8669839577040233,Low,3,33124.57666666667,337,03-Oct-2025 13:55,"Complaint received on 03-Oct-2025 13:55 from 0, 0, 3. Fraud type: 3, Bank: 1."
1264,ICICI ATM - Chowk,"Latur, Maharashtra",18.433676,76.781034,1.6187142705033137,0.8669521723239659,Low,3,8631.62,338,03-Oct-2025 13:55,"Complaint received on 03-Oct-2025 13:55 from 0, 0, 3. Fraud type: 3, Bank: 1."
1204,ICICI ATM - Chowk,"Osmanabad, Maharashtra",18.114053,76.133151,1.617796329813821,0.8667167017172647,Low,8,18959.28875,339,03-Oct-2025 13:55,"Complaint received on 03-Oct-2025 13:55 from 0, 0, 3. Fraud type: 3, Bank: 1."
1496,ICICI ATM - Bus Stand,"Buldhana, Maharashtra",20.659923,76.123465,1.6163807742707217,0.866353582698391,Low,8,20795.2625,340,03-Oct-2025 13:55,"Complaint received on 03-Oct-2025 13:55 from 0, 0, 3. Fraud type: 3, Bank: 1."
1602,SBI ATM - Signal,"Washim, Maharashtra",20.162957,77.052021,1.6153692786039509,0.8660941133219309,Low,5,17170.379999999997,341,03-Oct-2025 13:55,"Complaint received on 03-Oct-2025 13:55 from 0, 0, 3. Fraud type: 3, Bank: 1."
564,ICICI ATM - Bus Stand,"Sangli, Maharashtra",16.933533,74.44359,1.6144785550149114,0.8658656244595077,Low,7,41380.11428571429,342,03-Oct-2025 13:55,"Complaint received on 03-Oct-2025 13:55 from 0, 0, 3. Fraud type: 3, Bank: 1."
897,Axis ATM - Chowk,"Nandurbar, Maharashtra",21.707634,74.106847,1.6118342874616391,0.865187315618668,Low,8,44827.19375,343,03-Oct-2025 13:55,"Complaint received on 03-Oct-2025 13:55 from 0, 0, 3. Fraud type: 3, Bank: 1."
1415,ICICI ATM - Market,"Hingoli, Maharashtra",19.706053,77.175766,1.6091456626123706,0.8644976282219813,Low,8,55770.9225,344,03-Oct-2025 13:55,"Complaint received on 03-Oct-2025 13:55 from 0, 0, 3. Fraud type: 3, Bank: 1."
1150,HDFC ATM - Bus Stand,"Beed, Maharashtra",18.962352,75.649092,1.6078776563408101,0.8641723586163488,Low,3,38984.46,345,03-Oct-2025 13:55,"Complaint received on 03-Oct-2025 13:55 from 0, 0, 3. Fraud type: 3, Bank: 1."
643,ICICI ATM - Signal,"Solapur, Maharashtra",17.599711,76.044789,1.6070965191855087,0.8639719809209475,Low,4,16238.1125,346,03-Oct-2025 13:55,"Complaint received on 03-Oct-2025 13:55 from 0, 0, 3. Fraud type: 3, Bank: 1."
77,SBI ATM - Railway Station,"Mumbai Suburban, Maharashtra",18.876983,72.902375,1.6070201005474007,0.863952377973519,Low,9,25010.99777777777,347,03-Oct-2025 13:55,"Complaint received on 03-Oct-2025 13:55 from 0, 0, 3. Fraud type: 3, Bank: 1."
527,BoB ATM - Railway Station,"Sangli, Maharashtra",16.983634,74.598655,1.6070072850080126,0.8639490905249186,Low,6,40864.38,348,03-Oct-2025 13:55,"Complaint received on 03-Oct-2025 13:55 from 0, 0, 3. Fraud type: 3, Bank: 1."
908,Axis ATM - Main Road,"Nandurbar, Maharashtra",21.900775,74.164357,1.606875550603738,0.8639152979493709,Low,5,35232.688,349,03-Oct-2025 13:55,"Complaint received on 03-Oct-2025 13:55 from 0, 0, 3. Fraud type: 3, Bank: 1."
1910,BoB ATM - Signal,"Gondia, Maharashtra",21.680813,80.107046,1.606804340038583,0.8638970309794322,Low,5,27535.444,350,03-Oct-2025 13:55,"Complaint received on 03-Oct-2025 13:55 from 0, 0, 3. Fraud type: 3, Bank: 1."
1104,Axis ATM - Bus Stand,"Beed, Maharashtra",19.22948,76.13319,1.6068004616416047,0.8638960360910914,Low,8,23554.36125,351,03-Oct-2025 13:55,"Complaint received on 03-Oct-2025 13:55 from 0, 0, 3. Fraud type: 3, Bank: 1."
197,HDFC ATM - Chowk,"Palghar, Maharashtra",19.935767,72.764232,1.6066775403588338,0.8638645042618983,Low,4,30244.005,352,03-Oct-2025 13:55,"Complaint received on 03-Oct-2025 13:55 from 0, 0, 3. Fraud type: 3, Bank: 1."
1619,SBI ATM - Railway Station,"Washim, Maharashtra",20.006596,77.143604,1.6055586519197944,0.863577486437558,Low,1,16088.71,353,03-Oct-2025 13:55,"Complaint received on 03-Oct-2025 13:55 from 0, 0, 3. Fraud type: 3, Bank: 1."
851,PNB ATM - Signal,"Dhule, Maharashtra",20.810904,74.621597,1.6039315167944286,0.8631600929179762,Low,1,10469.77,354,03-Oct-2025 13:55,"Complaint received on 03-Oct-2025 13:55 from 0, 0, 3. Fraud type: 3, Bank: 1."
1210,BoB ATM - Signal,"Osmanabad, Maharashtra",18.237824,76.095672,1.6029763915762918,0.8629150837173115,Low,6,10135.271666666666,355,03-Oct-2025 13:55,"Complaint received on 03-Oct-2025 13:55 from 0, 0, 3. Fraud type: 3, Bank: 1."
1417,PNB ATM - Bus Stand,"Hingoli, Maharashtra",19.451412,76.895516,1.6028170892602702,0.8628742194071967,Low,5,32380.606,356,03-Oct-2025 13:55,"Complaint received on 03-Oct-2025 13:55 from 0, 0, 3. Fraud type: 3, Bank: 1."
580,Axis ATM - Market,"Kolhapur, Maharashtra",16.557488,74.277178,1.601561974377985,0.8625522567072158,Low,5,32427.876,357,03-Oct-2025 13:55,"Complaint received on 03-Oct-2025 13:55 from 0, 0, 3. Fraud type: 3, Bank: 1."
747,Axis ATM - Chowk,"Ahmednagar, Maharashtra",19.075486,74.780344,1.601537797293113,0.8625460547892616,Low,5,32255.794,358,03-Oct-2025 13:55,"Complaint received on 03-Oct-2025 13:55 from 0, 0, 3. Fraud type: 3, Bank: 1."
838,PNB ATM - Market,"Dhule, Maharashtra",20.92275,74.900126,1.6014346764583076,0.8625196021809253,Low,5,17862.136,359,03-Oct-2025 13:55,"Complaint received on 03-Oct-2025 13:55 from 0, 0, 3. Fraud type: 3, Bank: 1."
75,HDFC ATM - Signal,"Mumbai Suburban, Maharashtra",19.001136,72.812044,1.601310408154351,0.8624877248131809,Low,4,6111.7625,360,03-Oct-2025 13:55,"Complaint received on 03-Oct-2025 13:55 from 0, 0, 3. Fraud type: 3, Bank: 1."
218,SBI ATM - Signal,"Palghar, Maharashtra",19.515906,72.913321,1.601041565442207,0.8624187611456363,Low,4,14322.23,361,03-Oct-2025 13:55,"Complaint received on 03-Oct-2025 13:55 from 0, 0, 3. Fraud type: 3, Bank: 1."
676,PNB ATM - Railway Station,"Solapur, Maharashtra",17.659246,76.125405,1.6009750528743312,0.8624016993083192,Low,5,11525.242,362,03-Oct-2025 13:55,"Complaint received on 03-Oct-2025 13:55 from 0, 0, 3. Fraud type: 3, Bank: 1."
836,PNB ATM - Signal,"Dhule, Maharashtra",20.848484,74.696909,1.6009351819693298,0.8623914716037432,Low,8,17868.57375,363,03-Oct-2025 13:55,"Complaint received on 03-Oct-2025 13:55 from 0, 0, 3. Fraud type: 3, Bank: 1."
1112,Axis ATM - Main Road,"Beed, Maharashtra",19.049042,75.696876,1.5995938336835185,0.8620473882677795,Low,1,7959.89,364,03-Oct-2025 13:55,"Complaint received on 03-Oct-2025 13:55 from 0, 0, 3. Fraud type: 3, Bank: 1."
1320,HDFC ATM - Main Road,"Nanded, Maharashtra",19.183403,77.229006,1.5994024070320674,0.8619982834070059,Low,2,14555.91,365,03-Oct-2025 13:55,"Complaint received on 03-Oct-2025 13:55 from 0, 0, 3. Fraud type: 3, Bank: 1."
1134,ICICI ATM - Bus Stand,"Beed, Maharashtra",19.009202,75.820214,1.599374601724462,0.8619911507755338,Low,10,41789.83899999999,366,03-Oct-2025 13:55,"Complaint received on 03-Oct-2025 13:55 from 0, 0, 3. Fraud type: 3, Bank: 1."
1343,BoB ATM - Main Road,"Parbhani, Maharashtra",19.250328,76.680033,1.5992593449751396,0.8619615850563103,Low,9,10528.644444444444,367,03-Oct-2025 13:55,"Complaint received on 03-Oct-2025 13:55 from 0, 0, 3. Fraud type: 3, Bank: 1."
599,HDFC ATM - Main Road,"Kolhapur, Maharashtra",16.696997,74.338132,1.5991872349370346,0.8619430873531185,Low,8,16907.3575,368,03-Oct-2025 13:55,"Complaint received on 03-Oct-2025 13:55 from 0, 0, 3. Fraud type: 3, Bank: 1."
620,SBI ATM - Market,"Kolhapur, Maharashtra",16.605681,74.080252,1.5974749251029852,0.8615038447744865,Low,9,17201.022222222222,369,03-Oct-2025 13:55,"Complaint received on 03-Oct-2025 13:55 from 0, 0, 3. Fraud type: 3, Bank: 1."
1307,HDFC ATM - Market,"Nanded, Maharashtra",19.398447,77.256283,1.5974306441456736,0.861492485801077,Low,3,38684.13,370,03-Oct-2025 13:55,"Complaint received on 03-Oct-2025 13:55 from 0, 0, 3. Fraud type: 3, Bank: 1."
1381,PNB ATM - Signal,"Parbhani, Maharashtra",19.256227,76.678189,1.5973800662470332,0.8614795115331153,Low,4,7467.2925,371,03-Oct-2025 13:55,"Complaint received on 03-Oct-2025 13:55 from 0, 0, 3. Fraud type: 3, Bank: 1."
172,ICICI ATM - Railway Station,"Palghar, Maharashtra",19.874137,72.875112,1.5968754880225453,0.8613500768735469,Low,7,28128.517142857145,372,03-Oct-2025 13:55,"Complaint received on 03-Oct-2025 13:55 from 0, 0, 3. Fraud type: 3, Bank: 1."
1556,BoB ATM - Market,"Akola, Maharashtra",20.983798,76.925883,1.5967134220467172,0.8613085036280306,Low,6,18404.931666666667,373,03-Oct-2025 13:55,"Complaint received on 03-Oct-2025 13:55 from 0, 0, 3. Fraud type: 3, Bank: 1."
627,SBI ATM - Main Road,"Kolhapur, Maharashtra",16.70982,74.228133,1.5961614244354625,0.8611669049235526,Low,2,5300.675,374,03-Oct-2025 13:55,"Complaint received on 03-Oct-2025 13:55 from 0, 0, 3. Fraud type: 3, Bank: 1."
1362,SBI ATM - Signal,"Parbhani, Maharashtra",19.437232,76.639866,1.5939166543879477,0.8605910753835362,Low,6,15161.090000000002,375,03-Oct-2025 13:55,"Complaint received on 03-Oct-2025 13:55 from 0, 0, 3. Fraud type: 3, Bank: 1."
1380,SBI ATM - Railway Station,"Parbhani, Maharashtra",19.198028,76.756424,1.5939166543879477,0.8605910753835362,Low,4,14883.8925,376,03-Oct-2025 13:55,"Complaint received on 03-Oct-2025 13:55 from 0, 0, 3. Fraud type: 3, Bank: 1."
180,Axis ATM - Chowk,"Palghar, Maharashtra",19.636369,72.664855,1.5938910489767693,0.8605845070706003,Low,6,31292.105,377,03-Oct-2025 13:55,"Complaint received on 03-Oct-2025 13:55 from 0, 0, 3. Fraud type: 3, Bank: 1."
593,PNB ATM - Market,"Kolhapur, Maharashtra",16.764381,74.132184,1.5935550645570686,0.8604983201785119,Low,6,15901.478333333333,378,03-Oct-2025 13:55,"Complaint received on 03-Oct-2025 13:55 from 0, 0, 3. Fraud type: 3, Bank: 1."
601,SBI ATM - Railway Station,"Kolhapur, Maharashtra",16.633101,74.075624,1.5935550645570686,0.8604983201785119,Low,4,16283.55,379,03-Oct-2025 13:55,"Complaint received on 03-Oct-2025 13:55 from 0, 0, 3. Fraud type: 3, Bank: 1."
1357,PNB ATM - Market,"Parbhani, Maharashtra",19.201062,76.745815,1.59341715989897,0.8604629448063541,Low,5,15366.586,380,03-Oct-2025 13:55,"Complaint received on 03-Oct-2025 13:55 from 0, 0, 3. Fraud type: 3, Bank: 1."
1366,PNB ATM - Bus Stand,"Parbhani, Maharashtra",19.189336,76.679529,1.59341715989897,0.8604629448063541,Low,6,15206.178333333335,381,03-Oct-2025 13:55,"Complaint received on 03-Oct-2025 13:55 from 0, 0, 3. Fraud type: 3, Bank: 1."
1047,HDFC ATM - Chowk,"Jalna, Maharashtra",19.752075,76.038556,1.5930668631347278,0.8603730865044555,Low,7,13275.3,382,03-Oct-2025 13:55,"Complaint received on 03-Oct-2025 13:55 from 0, 0, 3. Fraud type: 3, Bank: 1."
789,ICICI ATM - Signal,"Nashik, Maharashtra",19.936321,73.943722,1.59205562228143,0.8601136824928752,Low,7,31798.114285714284,383,03-Oct-2025 13:55,"Complaint received on 03-Oct-2025 13:55 from 0, 0, 3. Fraud type: 3, Bank: 1."
111,ICICI ATM - Signal,"Mumbai Suburban, Maharashtra",19.235605,72.929534,1.5916684392070346,0.8600143620961701,Low,7,36362.98857142857,384,03-Oct-2025 13:55,"Complaint received on 03-Oct-2025 13:55 from 0, 0, 3. Fraud type: 3, Bank: 1."
823,PNB ATM - Chowk,"Dhule, Maharashtra",20.961573,74.748854,1.5906493240788093,0.8597529381716308,Low,4,31628.0475,385,03-Oct-2025 13:55,"Complaint received on 03-Oct-2025 13:55 from 0, 0, 3. Fraud type: 3, Bank: 1."
85,BoB ATM - Chowk,"Mumbai Suburban, Maharashtra",18.991493,72.937897,1.5905145239296872,0.8597183591696751,Low,12,19177.414166666666,386,03-Oct-2025 13:55,"Complaint received on 03-Oct-2025 13:55 from 0, 0, 3. Fraud type: 3, Bank: 1."
1353,SBI ATM - Signal,"Parbhani, Maharashtra",19.055535,76.669064,1.5895357316083538,0.8594672788718115,Low,4,12213.745,387,03-Oct-2025 13:55,"Complaint received on 03-Oct-2025 13:55 from 0, 0, 3. Fraud type: 3, Bank: 1."
1658,Axis ATM - Main Road,"Amravati, Maharashtra",21.124111,77.966864,1.589504315822726,0.8594592200787038,Low,6,26480.925,388,03-Oct-2025 13:55,"Complaint received on 03-Oct-2025 13:55 from 0, 0, 3. Fraud type: 3, Bank: 1."
1052,SBI ATM - Signal,"Jalna, Maharashtra",20.072833,75.880816,1.5892314208713694,0.8593892169287213,Low,12,29965.0525,389,03-Oct-2025 13:55,"Complaint received on 03-Oct-2025 13:55 from 0, 0, 3. Fraud type: 3, Bank: 1."
1375,Axis ATM - Signal,"Parbhani, Maharashtra",19.17385,76.752337,1.5891587413865784,0.8593705731507798,Low,3,30450.38333333333,390,03-Oct-2025 13:55,"Complaint received on 03-Oct-2025 13:55 from 0, 0, 3. Fraud type: 3, Bank: 1."
2110,ICICI ATM - Market,"Nashik, Maharashtra",20.214796,73.919606,1.5890614640862484,0.8593456195288418,Low,2,12553.695,391,03-Oct-2025 13:55,"Complaint received on 03-Oct-2025 13:55 from 0, 0, 3. Fraud type: 3, Bank: 1."
1163,HDFC ATM - Chowk,"Osmanabad, Maharashtra",18.140243,75.956532,1.5885277669254225,0.8592087152650992,Low,7,42926.92857142857,392,03-Oct-2025 13:55,"Complaint received on 03-Oct-2025 13:55 from 0, 0, 3. Fraud type: 3, Bank: 1."
72,Axis ATM - Signal,"Mumbai Suburban, Maharashtra",19.127714,72.750671,1.5882121853010018,0.8591277621083031,Low,9,37293.97555555555,393,03-Oct-2025 13:55,"Complaint received on 03-Oct-2025 13:55 from 0, 0, 3. Fraud type: 3, Bank: 1."
99,SBI ATM - Railway Station,"Mumbai Suburban, Maharashtra",19.013937,72.898447,1.5879280016112143,0.8590548631654686,Low,5,10268.132,394,03-Oct-2025 13:55,"Complaint received on 03-Oct-2025 13:55 from 0, 0, 3. Fraud type: 3, Bank: 1."
670,Axis ATM - Main Road,"Solapur, Maharashtra",17.602778,76.031341,1.5873404027392495,0.8589041320077127,Low,7,27074.438571428567,395,03-Oct-2025 13:55,"Complaint received on 03-Oct-2025 13:55 from 0, 0, 3. Fraud type: 3, Bank: 1."
1523,BoB ATM - Market,"Akola, Maharashtra",20.714959,77.05316,1.5869698673743606,0.8588090820898112,Low,10,15079.976,396,03-Oct-2025 13:55,"Complaint received on 03-Oct-2025 13:55 from 0, 0, 3. Fraud type: 3, Bank: 1."
856,ICICI ATM - Bus Stand,"Dhule, Maharashtra",20.835761,74.769136,1.5862214285655931,0.8586170921906855,Low,8,24991.5975,397,03-Oct-2025 13:55,"Complaint received on 03-Oct-2025 13:55 from 0, 0, 3. Fraud type: 3, Bank: 1."
1257,Axis ATM - Railway Station,"Latur, Maharashtra",18.174814,76.644365,1.5851515140810941,0.858342637189761,Low,8,31726.02375,398,03-Oct-2025 13:55,"Complaint received on 03-Oct-2025 13:55 from 0, 0, 3. Fraud type: 3, Bank: 1."
1539,BoB ATM - Bus Stand,"Akola, Maharashtra",20.533986,76.939832,1.5851234287118843,0.8583354327167455,Low,4,27065.6225,399,03-Oct-2025 13:55,"Complaint received on 03-Oct-2025 13:55 from 0, 0, 3. Fraud type: 3, Bank: 1."
108,Axis ATM - Main Road,"Mumbai Suburban, Maharashtra",19.181804,72.941654,1.5850405262549203,0.8583141665368476,Low,4,36461.427500000005,400,03-Oct-2025 13:55,"Complaint received on 03-Oct-2025 13:55 from 0, 0, 3. Fraud type: 3, Bank: 1."
1146,BoB ATM - Main Road,"Beed, Maharashtra",18.925704,75.555117,1.5846327788281467,0.8582095709621419,Low,7,38332.54142857144,401,03-Oct-2025 13:55,"Complaint received on 03-Oct-2025 13:55 from 0, 0, 3. Fraud type: 3, Bank: 1."
909,Axis ATM - Signal,"Nandurbar, Maharashtra",21.916521,73.920501,1.5841709690741765,0.8580911072921111,Low,4,9506.935,402,03-Oct-2025 13:55,"Complaint received on 03-Oct-2025 13:55 from 0, 0, 3. Fraud type: 3, Bank: 1."
1420,SBI ATM - Market,"Hingoli, Maharashtra",19.698932,77.230239,1.5840418802336973,0.8580579933579169,Low,3,33547.95,403,03-Oct-2025 13:55,"Complaint received on 03-Oct-2025 13:55 from 0, 0, 3. Fraud type: 3, Bank: 1."
1238,Axis ATM - Bus Stand,"Latur, Maharashtra",18.292558,76.521028,1.5838942390394817,0.8580201203646246,Low,7,9425.08,404,03-Oct-2025 13:55,"Complaint received on 03-Oct-2025 13:55 from 0, 0, 3. Fraud type: 3, Bank: 1."
1273,HDFC ATM - Chowk,"Nanded, Maharashtra",19.058284,77.241749,1.5835165124401016,0.8579232257476398,Low,8,26977.65125,405,03-Oct-2025 13:55,"Complaint received on 03-Oct-2025 13:55 from 0, 0, 3. Fraud type: 3, Bank: 1."
1308,ICICI ATM - Signal,"Nanded, Maharashtra",19.200063,77.491764,1.5830335015639574,0.8577993235551007,Low,3,6031.346666666667,406,03-Oct-2025 13:55,"Complaint received on 03-Oct-2025 13:55 from 0, 0, 3. Fraud type: 3, Bank: 1."
81,Axis ATM - Chowk,"Mumbai Suburban, Maharashtra",19.038397,72.90787,1.582907829928341,0.8577670862040142,Low,5,14315.328000000003,407,03-Oct-2025 13:55,"Complaint received on 03-Oct-2025 13:55 from 0, 0, 3. Fraud type: 3, Bank: 1."
1295,Axis ATM - Market,"Nanded, Maharashtra",19.250815,77.393496,1.5826162946263127,0.8576923014219153,Low,3,29885.406666666662,408,03-Oct-2025 13:55,"Complaint received on 03-Oct-2025 13:55 from 0, 0, 3. Fraud type: 3, Bank: 1."
1440,ICICI ATM - Signal,"Hingoli, Maharashtra",19.731768,77.305505,1.5823169943172657,0.8576155247563161,Low,5,24558.916,409,03-Oct-2025 13:55,"Complaint received on 03-Oct-2025 13:55 from 0, 0, 3. Fraud type: 3, Bank: 1."
2088,BoB ATM - Railway Station,"Mumbai City, Maharashtra",18.920646,72.868486,1.5817647713873277,0.8574738682529762,Low,5,56559.312,410,03-Oct-2025 13:55,"Complaint received on 03-Oct-2025 13:55 from 0, 0, 3. Fraud type: 3, Bank: 1."
1673,HDFC ATM - Signal,"Amravati, Maharashtra",20.939032,77.740295,1.5816703160356633,0.8574496385187275,Low,8,23433.85,411,03-Oct-2025 13:55,"Complaint received on 03-Oct-2025 13:55 from 0, 0, 3. Fraud type: 3, Bank: 1."
1952,Axis ATM - Chowk,"Gondia, Maharashtra",21.452716,80.031332,1.5813126605150174,0.8573578925449401,Low,6,66274.875,412,03-Oct-2025 13:55,"Complaint received on 03-Oct-2025 13:55 from 0, 0, 3. Fraud type: 3, Bank: 1."
1645,HDFC ATM - Bus Stand,"Amravati, Maharashtra",20.975509,77.873238,1.5811708215466855,0.8573215079415455,Low,11,24136.66818181818,413,03-Oct-2025 13:55,"Complaint received on 03-Oct-2025 13:55 from 0, 0, 3. Fraud type: 3, Bank: 1."
743,ICICI ATM - Market,"Ahmednagar, Maharashtra",19.064917,74.627938,1.5808224399186301,0.8572321409113434,Low,6,5365.158333333334,414,03-Oct-2025 13:55,"Complaint received on 03-Oct-2025 13:55 from 0, 0, 3. Fraud type: 3, Bank: 1."
1138,SBI ATM - Chowk,"Beed, Maharashtra",18.989328,75.840249,1.5805694719271164,0.8571672494351078,Low,4,31648.4425,415,03-Oct-2025 13:55,"Complaint received on 03-Oct-2025 13:55 from 0, 0, 3. Fraud type: 3, Bank: 1."
1297,PNB ATM - Signal,"Nanded, Maharashtra",19.370657,77.508762,1.580390775946394,0.8571214102523836,Low,6,44262.47166666667,416,03-Oct-2025 13:55,"Complaint received on 03-Oct-2025 13:55 from 0, 0, 3. Fraud type: 3, Bank: 1."
862,PNB ATM - Signal,"Dhule, Maharashtra",20.575612,74.861345,1.5782201916516965,0.8565646108789394,Low,5,23953.612,417,03-Oct-2025 13:55,"Complaint received on 03-Oct-2025 13:55 from 0, 0, 3. Fraud type: 3, Bank: 1."
1457,ICICI ATM - Bus Stand,"Buldhana, Maharashtra",20.518764,76.339096,1.57710982186202,0.8562797782628122,Low,10,38785.358,418,03-Oct-2025 13:55,"Complaint received on 03-Oct-2025 13:55 from 0, 0, 3. Fraud type: 3, Bank: 1."
1387,HDFC ATM - Chowk,"Parbhani, Maharashtra",19.229258,76.75102,1.5766272784670934,0.85615599598879,Low,2,11208.6,419,03-Oct-2025 13:55,"Complaint received on 03-Oct-2025 13:55 from 0, 0, 3. Fraud type: 3, Bank: 1."
171,SBI ATM - Main Road,"Thane, Maharashtra",19.382953,72.797697,1.5765749501688895,0.856142572707453,Low,3,11245.24,420,03-Oct-2025 13:55,"Complaint received on 03-Oct-2025 13:55 from 0, 0, 3. Fraud type: 3, Bank: 1."
45,BoB ATM - Market,"Mumbai City, Maharashtra",19.077139,72.910232,1.5761841508036205,0.8560423246579965,Low,3,6907.900000000001,421,03-Oct-2025 13:55,"Complaint received on 03-Oct-2025 13:55 from 0, 0, 3. Fraud type: 3, Bank: 1."
2,BoB ATM - Chowk,"Mumbai City, Maharashtra",18.867923,72.784997,1.575815310943655,0.8559477096718696,Low,6,20489.245,422,03-Oct-2025 13:55,"Complaint received on 03-Oct-2025 13:55 from 0, 0, 3. Fraud type: 3, Bank: 1."
1733,BoB ATM - Market,"Yavatmal, Maharashtra",20.620444,77.983253,1.5755261342474758,0.8558735299205278,Low,5,14596.588,423,03-Oct-2025 13:55,"Complaint received on 03-Oct-2025 13:55 from 0, 0, 3. Fraud type: 3, Bank: 1."
2130,PNB ATM - Main Road,"Nashik, Maharashtra",19.998039,73.851913,1.5747665505594612,0.85567868113138,Low,3,17801.826666666664,424,03-Oct-2025 13:55,"Complaint received on 03-Oct-2025 13:55 from 0, 0, 3. Fraud type: 3, Bank: 1."
859,Axis ATM - Chowk,"Dhule, Maharashtra",20.995993,74.586043,1.5743405013806455,0.8555693907820484,Low,4,36777.7,425,03-Oct-2025 13:55,"Complaint received on 03-Oct-2025 13:55 from 0, 0, 3. Fraud type: 3, Bank: 1."
698,HDFC ATM - Signal,"Ahmednagar, Maharashtra",18.952997,74.706761,1.5742154431948043,0.8555373107934066,Low,6,27248.995,426,03-Oct-2025 13:55,"Complaint received on 03-Oct-2025 13:55 from 0, 0, 3. Fraud type: 3, Bank: 1."
1543,ICICI ATM - Bus Stand,"Akola, Maharashtra",20.824186,76.877461,1.5741743146467166,0.8555267604775944,Low,7,16073.971428571427,427,03-Oct-2025 13:55,"Complaint received on 03-Oct-2025 13:55 from 0, 0, 3. Fraud type: 3, Bank: 1."
1333,SBI ATM - Market,"Parbhani, Maharashtra",19.248544,76.56685,1.5735532096793199,0.85536743431941,Low,9,27711.63,428,03-Oct-2025 13:55,"Complaint received on 03-Oct-2025 13:55 from 0, 0, 3. Fraud type: 3, Bank: 1."
1571,Axis ATM - Main Road,"Washim, Maharashtra",20.242465,77.19702,1.5734182210503178,0.8553328069685008,Low,3,16965.583333333332,429,03-Oct-2025 13:55,"Complaint received on 03-Oct-2025 13:55 from 0, 0, 3. Fraud type: 3, Bank: 1."
1557,HDFC ATM - Signal,"Akola, Maharashtra",20.561509,77.013129,1.5733412978888364,0.8553130746004831,Low,7,34329.874285714286,430,03-Oct-2025 13:55,"Complaint received on 03-Oct-2025 13:55 from 0, 0, 3. Fraud type: 3, Bank: 1."
1677,BoB ATM - Signal,"Amravati, Maharashtra",21.008972,77.818371,1.573215372309595,0.8552807721076505,Low,5,24773.942000000003,431,03-Oct-2025 13:55,"Complaint received on 03-Oct-2025 13:55 from 0, 0, 3. Fraud type: 3, Bank: 1."
1321,ICICI ATM - Bus Stand,"Nanded, Maharashtra",19.037998,77.29071,1.5714460034104378,0.8548268927089793,Low,3,9201.98,432,03-Oct-2025 13:55,"Complaint received on 03-Oct-2025 13:55 from 0, 0, 3. Fraud type: 3, Bank: 1."
524,SBI ATM - Market,"Sangli, Maharashtra",16.905832,74.621605,1.5708293913517362,0.8546687190739899,Low,7,43155.62857142858,433,03-Oct-2025 13:55,"Complaint received on 03-Oct-2025 13:55 from 0, 0, 3. Fraud type: 3, Bank: 1."
246,ICICI ATM - Market,"Raigad, Maharashtra",18.619529,72.924664,1.5706339743584494,0.8546185906087245,Low,8,38504.29625,434,03-Oct-2025 13:55,"Complaint received on 03-Oct-2025 13:55 from 0, 0, 3. Fraud type: 3, Bank: 1."
675,HDFC ATM - Main Road,"Solapur, Maharashtra",17.654387,76.098887,1.5706298086582675,0.8546175220212215,Low,4,12936.8375,435,03-Oct-2025 13:55,"Complaint received on 03-Oct-2025 13:55 from 0, 0, 3. Fraud type: 3, Bank: 1."
833,SBI ATM - Main Road,"Dhule, Maharashtra",20.988657,74.853844,1.5702389072171454,0.854517247787216,Low,3,27469.963333333333,436,03-Oct-2025 13:55,"Complaint received on 03-Oct-2025 13:55 from 0, 0, 3. Fraud type: 3, Bank: 1."
1503,HDFC ATM - Railway Station,"Buldhana, Maharashtra",20.385742,76.132518,1.569793456799627,0.8544029806223883,Low,3,38136.496666666666,437,03-Oct-2025 13:55,"Complaint received on 03-Oct-2025 13:55 from 0, 0, 3. Fraud type: 3, Bank: 1."
565,ICICI ATM - Market,"Sangli, Maharashtra",16.87805,74.613795,1.5695125612702565,0.8543309251601154,Low,8,38012.73875,438,03-Oct-2025 13:55,"Complaint received on 03-Oct-2025 13:55 from 0, 0, 3. Fraud type: 3, Bank: 1."
450,ICICI ATM - Main Road,"Pune, Maharashtra",18.457887,73.876855,1.568737029103801,0.854131985259268,Low,5,17382.266,439,03-Oct-2025 13:55,"Complaint received on 03-Oct-2025 13:55 from 0, 0, 3. Fraud type: 3, Bank: 1."
850,PNB ATM - Market,"Dhule, Maharashtra",20.880784,74.860561,1.5686210297283265,0.8541022290412109,Low,7,16284.747142857144,440,03-Oct-2025 13:55,"Complaint received on 03-Oct-2025 13:55 from 0, 0, 3. Fraud type: 3, Bank: 1."
534,HDFC ATM - Signal,"Sangli, Maharashtra",16.982708,74.86277,1.5683329913011648,0.8540283412792092,Low,7,30822.644285714287,441,03-Oct-2025 13:55,"Complaint received on 03-Oct-2025 13:55 from 0, 0, 3. Fraud type: 3, Bank: 1."
1282,HDFC ATM - Bus Stand,"Nanded, Maharashtra",19.215585,77.155943,1.568260847830077,0.854009834999772,Low,6,45894.24166666667,442,03-Oct-2025 13:55,"Complaint received on 03-Oct-2025 13:55 from 0, 0, 3. Fraud type: 3, Bank: 1."
132,SBI ATM - Main Road,"Thane, Maharashtra",19.239396,72.909167,1.5682544668074259,0.8540081981366365,Low,7,22842.45571428572,443,03-Oct-2025 13:55,"Complaint received on 03-Oct-2025 13:55 from 0, 0, 3. Fraud type: 3, Bank: 1."
1507,PNB ATM - Main Road,"Akola, Maharashtra",20.698405,76.950084,1.5680528483355396,0.8539564788649662,Low,9,11353.281111111111,444,03-Oct-2025 13:55,"Complaint received on 03-Oct-2025 13:55 from 0, 0, 3. Fraud type: 3, Bank: 1."
773,Axis ATM - Main Road,"Nashik, Maharashtra",19.912774,73.913595,1.5677750015070142,0.8538852054569652,Low,2,78893.915,445,03-Oct-2025 13:55,"Complaint received on 03-Oct-2025 13:55 from 0, 0, 3. Fraud type: 3, Bank: 1."
699,SBI ATM - Market,"Ahmednagar, Maharashtra",19.19963,74.633619,1.5677161070171992,0.8538700978128583,Low,8,43902.0575,446,03-Oct-2025 13:55,"Complaint received on 03-Oct-2025 13:55 from 0, 0, 3. Fraud type: 3, Bank: 1."
1253,BoB ATM - Railway Station,"Latur, Maharashtra",18.421025,76.928231,1.5660870461682055,0.8534522103056843,Low,7,15212.598571428573,447,03-Oct-2025 13:55,"Complaint received on 03-Oct-2025 13:55 from 0, 0, 3. Fraud type: 3, Bank: 1."
1666,ICICI ATM - Market,"Amravati, Maharashtra",20.941123,77.74092,1.5659294445970398,0.8534117822714941,Low,7,23425.937142857143,448,03-Oct-2025 13:55,"Complaint received on 03-Oct-2025 13:55 from 0, 0, 3. Fraud type: 3, Bank: 1."
2128,ICICI ATM - Bus Stand,"Gondia, Maharashtra",21.487333,79.973242,1.565825770085997,0.8533851876338512,Low,2,25876.33,449,03-Oct-2025 13:55,"Complaint received on 03-Oct-2025 13:55 from 0, 0, 3. Fraud type: 3, Bank: 1."
586,PNB ATM - Railway Station,"Kolhapur, Maharashtra",16.714676,74.305196,1.565623953963349,0.8533334176607081,Low,4,14134.4825,450,03-Oct-2025 13:55,"Complaint received on 03-Oct-2025 13:55 from 0, 0, 3. Fraud type: 3, Bank: 1."
1304,HDFC ATM - Main Road,"Nanded, Maharashtra",19.235061,77.426228,1.5654861814749357,0.8532980761927846,Low,12,33197.549166666664,451,03-Oct-2025 13:55,"Complaint received on 03-Oct-2025 13:55 from 0, 0, 3. Fraud type: 3, Bank: 1."
915,SBI ATM - Chowk,"Nandurbar, Maharashtra",21.571495,73.984788,1.5654677714662124,0.8532933536481004,Low,3,14474.926666666666,452,03-Oct-2025 13:55,"Complaint received on 03-Oct-2025 13:55 from 0, 0, 3. Fraud type: 3, Bank: 1."
672,BoB ATM - Signal,"Solapur, Maharashtra",17.607326,76.139121,1.5654109188182364,0.8532787697782876,Low,6,15946.29,453,03-Oct-2025 13:55,"Complaint received on 03-Oct-2025 13:55 from 0, 0, 3. Fraud type: 3, Bank: 1."
1351,BoB ATM - Market,"Parbhani, Maharashtra",19.201536,76.737769,1.565103552039201,0.8531999238977557,Low,4,9438.3475,454,03-Oct-2025 13:55,"Complaint received on 03-Oct-2025 13:55 from 0, 0, 3. Fraud type: 3, Bank: 1."
1424,HDFC ATM - Chowk,"Hingoli, Maharashtra",19.60577,77.159298,1.5650578350878557,0.8531881965624354,Low,11,34528.07,455,03-Oct-2025 13:55,"Complaint received on 03-Oct-2025 13:55 from 0, 0, 3. Fraud type: 3, Bank: 1."
874,BoB ATM - Chowk,"Nandurbar, Maharashtra",21.616764,74.230299,1.5641255365983986,0.8529490428856762,Low,7,26446.51428571429,456,03-Oct-2025 13:55,"Complaint received on 03-Oct-2025 13:55 from 0, 0, 3. Fraud type: 3, Bank: 1."
2019,PNB ATM - Bus Stand,"Bhandara, Maharashtra",21.451889,79.564075,1.5639290816603495,0.852898648166299,Low,4,64660.75,457,03-Oct-2025 13:55,"Complaint received on 03-Oct-2025 13:55 from 0, 0, 3. Fraud type: 3, Bank: 1."
101,PNB ATM - Bus Stand,"Mumbai Suburban, Maharashtra",19.093184,72.96568,1.5634116067636772,0.8527659052459047,Low,4,19129.1375,458,03-Oct-2025 13:55,"Complaint received on 03-Oct-2025 13:55 from 0, 0, 3. Fraud type: 3, Bank: 1."
260,PNB ATM - Railway Station,"Raigad, Maharashtra",18.596631,72.990618,1.561982625541811,0.8523993422651708,Low,6,17846.713333333333,459,03-Oct-2025 13:55,"Complaint received on 03-Oct-2025 13:55 from 0, 0, 3. Fraud type: 3, Bank: 1."
452,PNB ATM - Railway Station,"Pune, Maharashtra",18.491052,73.892247,1.5614918805934346,0.8522734561245382,Low,7,15233.924285714284,460,03-Oct-2025 13:55,"Complaint received on 03-Oct-2025 13:55 from 0, 0, 3. Fraud type: 3, Bank: 1."
693,BoB ATM - Market,"Solapur, Maharashtra",17.744596,76.048701,1.5612103079332973,0.8522012269643409,Low,2,26927.88,461,03-Oct-2025 13:55,"Complaint received on 03-Oct-2025 13:55 from 0, 0, 3. Fraud type: 3, Bank: 1."
1376,ICICI ATM - Railway Station,"Parbhani, Maharashtra",19.286013,76.648324,1.560386912539492,0.8519900091643745,Low,5,12535.346,462,03-Oct-2025 13:55,"Complaint received on 03-Oct-2025 13:55 from 0, 0, 3. Fraud type: 3, Bank: 1."
1383,ICICI ATM - Signal,"Parbhani, Maharashtra",19.295475,76.598003,1.5596686702740012,0.8518057652976962,Low,6,14404.731666666668,463,03-Oct-2025 13:55,"Complaint received on 03-Oct-2025 13:55 from 0, 0, 3. Fraud type: 3, Bank: 1."
1286,HDFC ATM - Railway Station,"Nanded, Maharashtra",19.209784,77.375595,1.5593082577719881,0.8517133121016638,Low,6,23681.29333333333,464,03-Oct-2025 13:55,"Complaint received on 03-Oct-2025 13:55 from 0, 0, 3. Fraud type: 3, Bank: 1."
1294,HDFC ATM - Signal,"Nanded, Maharashtra",19.394499,77.25931,1.5593082577719881,0.8517133121016638,Low,5,22693.576,465,03-Oct-2025 13:55,"Complaint received on 03-Oct-2025 13:55 from 0, 0, 3. Fraud type: 3, Bank: 1."
1957,BoB ATM - Railway Station,"Gondia, Maharashtra",21.437479,80.247197,1.5583328262138263,0.8514630939084571,Low,4,14313.33,466,03-Oct-2025 13:55,"Complaint received on 03-Oct-2025 13:55 from 0, 0, 3. Fraud type: 3, Bank: 1."
1459,PNB ATM - Chowk,"Buldhana, Maharashtra",20.738192,76.077187,1.5578236084783286,0.8513324691191944,Low,5,36901.302,467,03-Oct-2025 13:55,"Complaint received on 03-Oct-2025 13:55 from 0, 0, 3. Fraud type: 3, Bank: 1."
912,PNB ATM - Railway Station,"Nandurbar, Maharashtra",21.927096,74.089994,1.5564576608473766,0.8509820755468601,Low,7,17228.684285714287,468,03-Oct-2025 13:55,"Complaint received on 03-Oct-2025 13:55 from 0, 0, 3. Fraud type: 3, Bank: 1."
32,PNB ATM - Signal,"Mumbai City, Maharashtra",18.916917,72.856186,1.5563306117700546,0.8509494848537356,Low,3,3708.87,469,03-Oct-2025 13:55,"Complaint received on 03-Oct-2025 13:55 from 0, 0, 3. Fraud type: 3, Bank: 1."
1458,Axis ATM - Railway Station,"Buldhana, Maharashtra",20.655845,76.378649,1.5561077555802219,0.8508923176719909,Low,8,30299.2075,470,03-Oct-2025 13:55,"Complaint received on 03-Oct-2025 13:55 from 0, 0, 3. Fraud type: 3, Bank: 1."
709,BoB ATM - Chowk,"Ahmednagar, Maharashtra",18.995812,74.807794,1.5537313865533815,0.8502827302957029,Low,5,23745.518,471,03-Oct-2025 13:55,"Complaint received on 03-Oct-2025 13:55 from 0, 0, 3. Fraud type: 3, Bank: 1."
744,BoB ATM - Signal,"Ahmednagar, Maharashtra",18.983501,74.677505,1.5537313865533815,0.8502827302957029,Low,8,23482.1725,472,03-Oct-2025 13:55,"Complaint received on 03-Oct-2025 13:55 from 0, 0, 3. Fraud type: 3, Bank: 1."
754,SBI ATM - Market,"Nashik, Maharashtra",19.875385,73.840832,1.5534546018711561,0.8502117293500042,Low,7,10368.262857142856,473,03-Oct-2025 13:55,"Complaint received on 03-Oct-2025 13:55 from 0, 0, 3. Fraud type: 3, Bank: 1."
119,PNB ATM - Chowk,"Thane, Maharashtra",19.03623,72.801104,1.5525748131705868,0.8499860455106634,Low,6,12403.348333333332,474,03-Oct-2025 13:55,"Complaint received on 03-Oct-2025 13:55 from 0, 0, 3. Fraud type: 3, Bank: 1."
141,PNB ATM - Market,"Thane, Maharashtra",19.179692,72.820266,1.5525748131705868,0.8499860455106634,Low,7,12484.877142857144,475,03-Oct-2025 13:55,"Complaint received on 03-Oct-2025 13:55 from 0, 0, 3. Fraud type: 3, Bank: 1."
211,PNB ATM - Signal,"Palghar, Maharashtra",19.581713,72.820486,1.5521235332927028,0.8498702829697348,Low,4,19712.84,476,03-Oct-2025 13:55,"Complaint received on 03-Oct-2025 13:55 from 0, 0, 3. Fraud type: 3, Bank: 1."
905,SBI ATM - Main Road,"Nandurbar, Maharashtra",21.69254,74.094893,1.5520383058124823,0.8498484203737033,Low,3,15551.54,477,03-Oct-2025 13:55,"Complaint received on 03-Oct-2025 13:55 from 0, 0, 3. Fraud type: 3, Bank: 1."
1365,Axis ATM - Railway Station,"Parbhani, Maharashtra",19.245988,76.703733,1.5519655968343151,0.8498297690301061,Low,7,15304.162857142856,478,03-Oct-2025 13:55,"Complaint received on 03-Oct-2025 13:55 from 0, 0, 3. Fraud type: 3, Bank: 1."
1,ICICI ATM - Railway Station,"Mumbai City, Maharashtra",18.981234,72.608435,1.5517770243035376,0.8497813963098013,Low,10,32132.442,479,03-Oct-2025 13:55,"Complaint received on 03-Oct-2025 13:55 from 0, 0, 3. Fraud type: 3, Bank: 1."
628,ICICI ATM - Railway Station,"Kolhapur, Maharashtra",16.619181,74.273479,1.5513485893648926,0.84967149396416,Low,3,31571.47,480,03-Oct-2025 13:55,"Complaint received on 03-Oct-2025 13:55 from 0, 0, 3. Fraud type: 3, Bank: 1."
757,ICICI ATM - Railway Station,"Nashik, Maharashtra",19.998143,73.892333,1.5509089896271957,0.8495587276186586,Low,5,30231.316,481,03-Oct-2025 13:55,"Complaint received on 03-Oct-2025 13:55 from 0, 0, 3. Fraud type: 3, Bank: 1."
117,SBI ATM - Market,"Thane, Maharashtra",19.465964,72.735749,1.55037295072252,0.8494212226496076,Low,3,12531.393333333332,482,03-Oct-2025 13:55,"Complaint received on 03-Oct-2025 13:55 from 0, 0, 3. Fraud type: 3, Bank: 1."
1429,ICICI ATM - Main Road,"Hingoli, Maharashtra",19.65576,77.193014,1.549316963649232,0.8491503403152019,Low,3,34785.55333333334,483,03-Oct-2025 13:55,"Complaint received on 03-Oct-2025 13:55 from 0, 0, 3. Fraud type: 3, Bank: 1."
1334,PNB ATM - Signal,"Parbhani, Maharashtra",19.216844,76.816133,1.549273372299328,0.849139158240231,Low,4,16018.455,484,03-Oct-2025 13:55,"Complaint received on 03-Oct-2025 13:55 from 0, 0, 3. Fraud type: 3, Bank: 1."
1370,PNB ATM - Market,"Parbhani, Maharashtra",19.401567,76.803293,1.549273372299328,0.849139158240231,Low,4,16028.64,485,03-Oct-2025 13:55,"Complaint received on 03-Oct-2025 13:55 from 0, 0, 3. Fraud type: 3, Bank: 1."
92,PNB ATM - Chowk,"Mumbai Suburban, Maharashtra",19.027261,72.851582,1.5488667577604363,0.8490348532744937,Low,8,43243.47,486,03-Oct-2025 13:55,"Complaint received on 03-Oct-2025 13:55 from 0, 0, 3. Fraud type: 3, Bank: 1."
1912,Axis ATM - Railway Station,"Gondia, Maharashtra",21.561892,80.150188,1.5487120549629343,0.8489951688351796,Low,6,29554.07666666667,487,03-Oct-2025 13:55,"Complaint received on 03-Oct-2025 13:55 from 0, 0, 3. Fraud type: 3, Bank: 1."
1516,ICICI ATM - Bus Stand,"Akola, Maharashtra",20.869437,77.037582,1.5482804248605384,0.8488844468645282,Low,3,20088.556666666667,488,03-Oct-2025 13:55,"Complaint received on 03-Oct-2025 13:55 from 0, 0, 3. Fraud type: 3, Bank: 1."
1653,HDFC ATM - Signal,"Amravati, Maharashtra",20.971034,77.589593,1.547320283552828,0.8486381509340467,Low,4,27487.272500000003,489,03-Oct-2025 13:55,"Complaint received on 03-Oct-2025 13:55 from 0, 0, 3. Fraud type: 3, Bank: 1."
889,SBI ATM - Bus Stand,"Nandurbar, Maharashtra",21.779183,73.996679,1.5466089898580162,0.8484556895182089,Low,5,9796.838,490,03-Oct-2025 13:55,"Complaint received on 03-Oct-2025 13:55 from 0, 0, 3. Fraud type: 3, Bank: 1."
519,ICICI ATM - Main Road,"Sangli, Maharashtra",16.830701,74.68569,1.5460287739390417,0.8483068522392622,Low,3,31264.706666666665,491,03-Oct-2025 13:55,"Complaint received on 03-Oct-2025 13:55 from 0, 0, 3. Fraud type: 3, Bank: 1."
1813,HDFC ATM - Bus Stand,"Wardha, Maharashtra",20.596036,78.322063,1.5455352585618,0.8481802554268257,Low,8,23014.45,492,03-Oct-2025 13:55,"Complaint received on 03-Oct-2025 13:55 from 0, 0, 3. Fraud type: 3, Bank: 1."
1909,SBI ATM - Main Road,"Gondia, Maharashtra",21.625464,80.253836,1.5443424295527315,0.8478742703303253,Low,6,15329.708333333334,493,03-Oct-2025 13:55,"Complaint received on 03-Oct-2025 13:55 from 0, 0, 3. Fraud type: 3, Bank: 1."
1193,ICICI ATM - Chowk,"Osmanabad, Maharashtra",18.261846,76.20847,1.5438144806273544,0.847738840606827,Low,8,25786.2475,494,03-Oct-2025 13:55,"Complaint received on 03-Oct-2025 13:55 from 0, 0, 3. Fraud type: 3, Bank: 1."
167,Axis ATM - Main Road,"Thane, Maharashtra",19.248726,72.870732,1.5438070194292428,0.84773692665654,Low,4,17095.9675,495,03-Oct-2025 13:55,"Complaint received on 03-Oct-2025 13:55 from 0, 0, 3. Fraud type: 3, Bank: 1."
1236,HDFC ATM - Bus Stand,"Latur, Maharashtra",18.209682,76.344409,1.5435346766636402,0.8476670651535245,Low,8,27427.27,496,03-Oct-2025 13:55,"Complaint received on 03-Oct-2025 13:55 from 0, 0, 3. Fraud type: 3, Bank: 1."
1212,HDFC ATM - Bus Stand,"Osmanabad, Maharashtra",18.216458,76.116588,1.5435346766636402,0.8476670651535245,Low,4,27249.855,497,03-Oct-2025 13:55,"Complaint received on 03-Oct-2025 13:55 from 0, 0, 3. Fraud type: 3, Bank: 1."
1247,HDFC ATM - Signal,"Latur, Maharashtra",18.311899,76.579839,1.5435346766636402,0.8476670651535245,Low,3,26715.666666666668,498,03-Oct-2025 13:55,"Complaint received on 03-Oct-2025 13:55 from 0, 0, 3. Fraud type: 3, Bank: 1."
942,BoB ATM - Market,"Jalgaon, Maharashtra",21.000145,75.461949,1.5433723086432078,0.8476254144273744,Low,5,30291.206,499,03-Oct-2025 13:55,"Complaint received on 03-Oct-2025 13:55 from 0, 0, 3. Fraud type: 3, Bank: 1."
858,BoB ATM - Market,"Dhule, Maharashtra",20.89767,74.743618,1.5429516752496564,0.8475175133379989,Low,15,24361.86733333333,500,03-Oct-2025 13:55,"Complaint received on 03-Oct-2025 13:55 from 0, 0, 3. Fraud type: 3, Bank: 1."
812,ICICI ATM - Railway Station,"Dhule, Maharashtra",20.915166,75.012671,1.5420715550640602,0.8472917444659525,Low,8,27925.67875,501,03-Oct-2025 13:55,"Complaint received on 03-Oct-2025 13:55 from 0, 0, 3. Fraud type: 3, Bank: 1."
738,ICICI ATM - Bus Stand,"Ahmednagar, Maharashtra",19.069578,74.675613,1.5416026797935387,0.8471714683460673,Low,5,52213.704,502,03-Oct-2025 13:55,"Complaint received on 03-Oct-2025 13:55 from 0, 0, 3. Fraud type: 3, Bank: 1."
176,BoB ATM - Signal,"Palghar, Maharashtra",19.667671,72.846105,1.5415195142291946,0.8471501346737322,Low,5,73769.398,503,03-Oct-2025 13:55,"Complaint received on 03-Oct-2025 13:55 from 0, 0, 3. Fraud type: 3, Bank: 1."
1091,BoB ATM - Bus Stand,"Jalna, Maharashtra",19.517494,75.903874,1.5413694767295125,0.8471116469789579,Low,1,30509.17,504,03-Oct-2025 13:55,"Complaint received on 03-Oct-2025 13:55 from 0, 0, 3. Fraud type: 3, Bank: 1."
1361,HDFC ATM - Bus Stand,"Parbhani, Maharashtra",19.369847,76.714055,1.5412237774442585,0.8470742721251275,Low,9,28961.73222222222,505,03-Oct-2025 13:55,"Complaint received on 03-Oct-2025 13:55 from 0, 0, 3. Fraud type: 3, Bank: 1."
94,Axis ATM - Chowk,"Mumbai Suburban, Maharashtra",19.182633,72.915638,1.540749442934724,0.8469525955985089,Low,10,40511.555,506,03-Oct-2025 13:55,"Complaint received on 03-Oct-2025 13:55 from 0, 0, 3. Fraud type: 3, Bank: 1."
878,ICICI ATM - Chowk,"Nandurbar, Maharashtra",21.627315,74.094209,1.5379345870451229,0.846230527351957,Low,4,15276.785,507,03-Oct-2025 13:55,"Complaint received on 03-Oct-2025 13:55 from 0, 0, 3. Fraud type: 3, Bank: 1."
870,SBI ATM - Railway Station,"Nandurbar, Maharashtra",21.723036,74.213559,1.536934446512216,0.8459739708001385,Low,2,7530.5,508,03-Oct-2025 13:55,"Complaint received on 03-Oct-2025 13:55 from 0, 0, 3. Fraud type: 3, Bank: 1."
1675,PNB ATM - Signal,"Amravati, Maharashtra",20.736879,77.877673,1.5368944182781767,0.8459637027374388,Low,4,21445.0325,509,03-Oct-2025 13:55,"Complaint received on 03-Oct-2025 13:55 from 0, 0, 3. Fraud type: 3, Bank: 1."
1668,PNB ATM - Bus Stand,"Amravati, Maharashtra",20.877117,77.740733,1.5368944182781767,0.8459637027374388,Low,8,21550.06625,510,03-Oct-2025 13:55,"Complaint received on 03-Oct-2025 13:55 from 0, 0, 3. Fraud type: 3, Bank: 1."
1255,PNB ATM - Chowk,"Latur, Maharashtra",18.624516,76.616754,1.5360134121562654,0.8457377066045639,Low,5,44184.490000000005,511,03-Oct-2025 13:55,"Complaint received on 03-Oct-2025 13:55 from 0, 0, 3. Fraud type: 3, Bank: 1."
1822,ICICI ATM - Chowk,"Wardha, Maharashtra",20.65693,78.363729,1.535972310826124,0.845727163270713,Low,7,33427.061428571425,512,03-Oct-2025 13:55,"Complaint received on 03-Oct-2025 13:55 from 0, 0, 3. Fraud type: 3, Bank: 1."
875,HDFC ATM - Chowk,"Nandurbar, Maharashtra",21.674991,73.938354,1.5351535822878566,0.8455171426148731,Low,2,14251.9,513,03-Oct-2025 13:55,"Complaint received on 03-Oct-2025 13:55 from 0, 0, 3. Fraud type: 3, Bank: 1."
618,PNB ATM - Bus Stand,"Kolhapur, Maharashtra",16.626859,74.217563,1.5347841366677042,0.8454223722388389,Low,3,13345.076666666668,514,03-Oct-2025 13:55,"Complaint received on 03-Oct-2025 13:55 from 0, 0, 3. Fraud type: 3, Bank: 1."
595,SBI ATM - Chowk,"Kolhapur, Maharashtra",16.728054,74.053293,1.5347841366677042,0.8454223722388389,Low,4,10931.005,515,03-Oct-2025 13:55,"Complaint received on 03-Oct-2025 13:55 from 0, 0, 3. Fraud type: 3, Bank: 1."
613,PNB ATM - Chowk,"Kolhapur, Maharashtra",16.531687,74.449949,1.53407483637978,0.8452404221727369,Low,10,35647.028,516,03-Oct-2025 13:55,"Complaint received on 03-Oct-2025 13:55 from 0, 0, 3. Fraud type: 3, Bank: 1."
694,HDFC ATM - Railway Station,"Ahmednagar, Maharashtra",19.31615,74.915189,1.5333277584753435,0.8450487813734735,Low,3,55728.48666666667,517,03-Oct-2025 13:55,"Complaint received on 03-Oct-2025 13:55 from 0, 0, 3. Fraud type: 3, Bank: 1."
1713,BoB ATM - Bus Stand,"Yavatmal, Maharashtra",20.292155,78.002052,1.532912766015616,0.8449423272992759,Low,8,17061.78625,518,03-Oct-2025 13:55,"Complaint received on 03-Oct-2025 13:55 from 0, 0, 3. Fraud type: 3, Bank: 1."
771,SBI ATM - Chowk,"Nashik, Maharashtra",19.862513,73.841397,1.5327406157055796,0.8448981672152834,Low,6,13799.465000000002,519,03-Oct-2025 13:55,"Complaint received on 03-Oct-2025 13:55 from 0, 0, 3. Fraud type: 3, Bank: 1."
1735,HDFC ATM - Chowk,"Yavatmal, Maharashtra",20.595445,77.920284,1.5327158736100825,0.8448918203605198,Low,4,7884.9825,520,03-Oct-2025 13:55,"Complaint received on 03-Oct-2025 13:55 from 0, 0, 3. Fraud type: 3, Bank: 1."
1165,PNB ATM - Main Road,"Osmanabad, Maharashtra",18.164945,76.069346,1.5325718606326675,0.8448548780792233,Low,3,36993.39333333333,521,03-Oct-2025 13:55,"Complaint received on 03-Oct-2025 13:55 from 0, 0, 3. Fraud type: 3, Bank: 1."
1466,BoB ATM - Chowk,"Buldhana, Maharashtra",20.480367,76.406523,1.5324247222380263,0.8448171340643301,Low,3,39593.83,522,03-Oct-2025 13:55,"Complaint received on 03-Oct-2025 13:55 from 0, 0, 3. Fraud type: 3, Bank: 1."
965,Axis ATM - Market,"Jalgaon, Maharashtra",20.871271,75.58871,1.5321122706123849,0.844736983816393,Low,5,5274.298,523,03-Oct-2025 13:55,"Complaint received on 03-Oct-2025 13:55 from 0, 0, 3. Fraud type: 3, Bank: 1."
819,BoB ATM - Signal,"Dhule, Maharashtra",21.017024,74.840131,1.532004946096899,0.844709452877777,Low,6,22993.321666666667,524,03-Oct-2025 13:55,"Complaint received on 03-Oct-2025 13:55 from 0, 0, 3. Fraud type: 3, Bank: 1."
1272,HDFC ATM - Main Road,"Latur, Maharashtra",18.454874,76.744699,1.5318545008575695,0.8446708605894236,Low,6,37962.848333333335,525,03-Oct-2025 13:55,"Complaint received on 03-Oct-2025 13:55 from 0, 0, 3. Fraud type: 3, Bank: 1."
1228,PNB ATM - Railway Station,"Latur, Maharashtra",18.404589,76.396169,1.5317266848107736,0.8446380731529045,Low,10,32564.353000000003,526,03-Oct-2025 13:55,"Complaint received on 03-Oct-2025 13:55 from 0, 0, 3. Fraud type: 3, Bank: 1."
835,HDFC ATM - Bus Stand,"Dhule, Maharashtra",20.787747,74.910318,1.5317124395887631,0.8446344189613997,Low,5,15392.607999999998,527,03-Oct-2025 13:55,"Complaint received on 03-Oct-2025 13:55 from 0, 0, 3. Fraud type: 3, Bank: 1."
831,HDFC ATM - Railway Station,"Dhule, Maharashtra",20.970403,74.723012,1.5317124395887631,0.8446344189613997,Low,6,15924.056666666664,528,03-Oct-2025 13:55,"Complaint received on 03-Oct-2025 13:55 from 0, 0, 3. Fraud type: 3, Bank: 1."
817,HDFC ATM - Chowk,"Dhule, Maharashtra",20.826588,74.775556,1.5317124395887631,0.8446344189613997,Low,5,15672.170000000002,529,03-Oct-2025 13:55,"Complaint received on 03-Oct-2025 13:55 from 0, 0, 3. Fraud type: 3, Bank: 1."
2139,ICICI ATM - Market,"Amravati, Maharashtra",20.940707,77.606565,1.5310304710233478,0.8444594800424831,Low,2,25699.28,530,03-Oct-2025 13:55,"Complaint received on 03-Oct-2025 13:55 from 0, 0, 3. Fraud type: 3, Bank: 1."
678,BoB ATM - Railway Station,"Solapur, Maharashtra",17.67154,75.97838,1.5308862156847747,0.8444224755905805,Low,5,36085.3,531,03-Oct-2025 13:55,"Complaint received on 03-Oct-2025 13:55 from 0, 0, 3. Fraud type: 3, Bank: 1."
1639,ICICI ATM - Signal,"Amravati, Maharashtra",20.895454,77.723762,1.5308827377226546,0.8444215834219907,Low,8,42861.39625,532,03-Oct-2025 13:55,"Complaint received on 03-Oct-2025 13:55 from 0, 0, 3. Fraud type: 3, Bank: 1."
748,SBI ATM - Bus Stand,"Ahmednagar, Maharashtra",18.970194,74.766215,1.5306355408657348,0.8443581723600999,Low,5,17243.754,533,03-Oct-2025 13:55,"Complaint received on 03-Oct-2025 13:55 from 0, 0, 3. Fraud type: 3, Bank: 1."
1638,ICICI ATM - Chowk,"Amravati, Maharashtra",20.734733,77.587346,1.5304897556817343,0.84432077547148,Low,6,21537.825,534,03-Oct-2025 13:55,"Complaint received on 03-Oct-2025 13:55 from 0, 0, 3. Fraud type: 3, Bank: 1."
1633,ICICI ATM - Bus Stand,"Amravati, Maharashtra",21.003304,77.882159,1.5304897556817343,0.84432077547148,Low,9,21527.87111111111,535,03-Oct-2025 13:55,"Complaint received on 03-Oct-2025 13:55 from 0, 0, 3. Fraud type: 3, Bank: 1."
975,ICICI ATM - Railway Station,"Jalgaon, Maharashtra",21.135126,75.553833,1.5304353386885028,0.8443068163970454,Low,3,41939.90666666667,536,03-Oct-2025 13:55,"Complaint received on 03-Oct-2025 13:55 from 0, 0, 3. Fraud type: 3, Bank: 1."
724,SBI ATM - Signal,"Ahmednagar, Maharashtra",19.33738,74.875004,1.530254289393237,0.8442603735408926,Low,1,1367.99,537,03-Oct-2025 13:55,"Complaint received on 03-Oct-2025 13:55 from 0, 0, 3. Fraud type: 3, Bank: 1."
849,BoB ATM - Signal,"Dhule, Maharashtra",20.844246,74.804139,1.5300045083368559,0.8441962995788579,Low,6,17572.971666666668,538,03-Oct-2025 13:55,"Complaint received on 03-Oct-2025 13:55 from 0, 0, 3. Fraud type: 3, Bank: 1."
1697,HDFC ATM - Signal,"Yavatmal, Maharashtra",20.644973,78.289761,1.5297472607348297,0.8441303102947845,Low,7,31843.92,539,03-Oct-2025 13:55,"Complaint received on 03-Oct-2025 13:55 from 0, 0, 3. Fraud type: 3, Bank: 1."
78,BoB ATM - Bus Stand,"Mumbai Suburban, Maharashtra",19.202351,72.686474,1.52920877458763,0.8439921775578519,Low,7,24907.367142857143,540,03-Oct-2025 13:55,"Complaint received on 03-Oct-2025 13:55 from 0, 0, 3. Fraud type: 3, Bank: 1."
605,SBI ATM - Railway Station,"Kolhapur, Maharashtra",16.705863,74.244871,1.528586296295755,0.8438324991137828,Low,7,14177.124285714284,541,03-Oct-2025 13:55,"Complaint received on 03-Oct-2025 13:55 from 0, 0, 3. Fraud type: 3, Bank: 1."
977,BoB ATM - Signal,"Jalgaon, Maharashtra",20.787236,75.711431,1.5280454323524524,0.8436937564233997,Low,2,25288.745,542,03-Oct-2025 13:55,"Complaint received on 03-Oct-2025 13:55 from 0, 0, 3. Fraud type: 3, Bank: 1."
1328,BoB ATM - Bus Stand,"Nanded, Maharashtra",19.307705,77.522202,1.5279098166257514,0.8436589682090739,Low,3,9216.653333333334,543,03-Oct-2025 13:55,"Complaint received on 03-Oct-2025 13:55 from 0, 0, 3. Fraud type: 3, Bank: 1."
1177,SBI ATM - Railway Station,"Osmanabad, Maharashtra",18.533891,76.179362,1.5277995635443344,0.8436306860332544,Low,6,24177.39,544,03-Oct-2025 13:55,"Complaint received on 03-Oct-2025 13:55 from 0, 0, 3. Fraud type: 3, Bank: 1."
1067,HDFC ATM - Signal,"Jalna, Maharashtra",19.781156,75.962358,1.5269259479848096,0.8434065857311549,Low,5,37339.628,545,03-Oct-2025 13:55,"Complaint received on 03-Oct-2025 13:55 from 0, 0, 3. Fraud type: 3, Bank: 1."
1662,SBI ATM - Signal,"Amravati, Maharashtra",20.934681,77.682727,1.5264722270981221,0.843290197021422,Low,9,33145.502222222225,546,03-Oct-2025 13:55,"Complaint received on 03-Oct-2025 13:55 from 0, 0, 3. Fraud type: 3, Bank: 1."
1536,BoB ATM - Main Road,"Akola, Maharashtra",20.830893,76.849409,1.5261017907819066,0.8431951725115362,Low,6,12012.386666666667,547,03-Oct-2025 13:55,"Complaint received on 03-Oct-2025 13:55 from 0, 0, 3. Fraud type: 3, Bank: 1."
1368,BoB ATM - Chowk,"Parbhani, Maharashtra",19.238787,76.594166,1.5260902855445464,0.84319222118227,Low,7,18800.42857142857,548,03-Oct-2025 13:55,"Complaint received on 03-Oct-2025 13:55 from 0, 0, 3. Fraud type: 3, Bank: 1."
1360,ICICI ATM - Chowk,"Parbhani, Maharashtra",19.226534,76.881419,1.525482906005635,0.8430364158778941,Low,4,28869.69,549,03-Oct-2025 13:55,"Complaint received on 03-Oct-2025 13:55 from 0, 0, 3. Fraud type: 3, Bank: 1."
704,HDFC ATM - Market,"Ahmednagar, Maharashtra",18.946494,74.783352,1.523026746490743,0.8424063606055366,Low,7,15469.57857142857,550,03-Oct-2025 13:55,"Complaint received on 03-Oct-2025 13:55 from 0, 0, 3. Fraud type: 3, Bank: 1."
1681,ICICI ATM - Market,"Yavatmal, Maharashtra",20.49553,78.000715,1.5222143619910617,0.842197967325661,Low,10,17154.97,551,03-Oct-2025 13:55,"Complaint received on 03-Oct-2025 13:55 from 0, 0, 3. Fraud type: 3, Bank: 1."
872,HDFC ATM - Market,"Nandurbar, Maharashtra",21.702033,74.137615,1.5214413111667764,0.8419996639399533,Low,6,40959.261666666665,552,03-Oct-2025 13:55,"Complaint received on 03-Oct-2025 13:55 from 0, 0, 3. Fraud type: 3, Bank: 1."
1188,ICICI ATM - Market,"Osmanabad, Maharashtra",18.019367,76.11315,1.5212304593015171,0.8419455761135775,Low,5,26463.696000000004,553,03-Oct-2025 13:55,"Complaint received on 03-Oct-2025 13:55 from 0, 0, 3. Fraud type: 3, Bank: 1."
168,HDFC ATM - Railway Station,"Thane, Maharashtra",19.219097,72.888741,1.5206420352883663,0.84179463329019,Low,8,15438.7975,554,03-Oct-2025 13:55,"Complaint received on 03-Oct-2025 13:55 from 0, 0, 3. Fraud type: 3, Bank: 1."
1179,ICICI ATM - Market,"Osmanabad, Maharashtra",18.029219,76.127585,1.5201820237216828,0.8416766308920652,Low,3,25169.09333333333,555,03-Oct-2025 13:55,"Complaint received on 03-Oct-2025 13:55 from 0, 0, 3. Fraud type: 3, Bank: 1."
765,BoB ATM - Railway Station,"Nashik, Maharashtra",20.064299,74.036899,1.5197682811574527,0.841570497441688,Low,7,32502.85,556,03-Oct-2025 13:55,"Complaint received on 03-Oct-2025 13:55 from 0, 0, 3. Fraud type: 3, Bank: 1."
1235,HDFC ATM - Railway Station,"Latur, Maharashtra",18.503014,76.541846,1.5193264219955267,0.8414571515075485,Low,9,22887.01666666667,557,03-Oct-2025 13:55,"Complaint received on 03-Oct-2025 13:55 from 0, 0, 3. Fraud type: 3, Bank: 1."
2099,SBI ATM - Market,"Dhule, Maharashtra",20.909893,74.605094,1.5192084641171684,0.8414268928933482,Low,1,80132.52,558,03-Oct-2025 13:55,"Complaint received on 03-Oct-2025 13:55 from 0, 0, 3. Fraud type: 3, Bank: 1."
866,BoB ATM - Main Road,"Dhule, Maharashtra",20.944074,75.000582,1.5181779428889997,0.8411625430703228,Low,5,70447.53,559,03-Oct-2025 13:55,"Complaint received on 03-Oct-2025 13:55 from 0, 0, 3. Fraud type: 3, Bank: 1."
763,HDFC ATM - Market,"Nashik, Maharashtra",20.136059,73.972558,1.5175328464866202,0.8409970626171869,Low,5,9466.144,560,03-Oct-2025 13:55,"Complaint received on 03-Oct-2025 13:55 from 0, 0, 3. Fraud type: 3, Bank: 1."
1513,HDFC ATM - Main Road,"Akola, Maharashtra",20.827411,77.062657,1.5173761831971868,0.8409568752714979,Low,7,36693.688571428575,561,03-Oct-2025 13:55,"Complaint received on 03-Oct-2025 13:55 from 0, 0, 3. Fraud type: 3, Bank: 1."
1279,ICICI ATM - Signal,"Nanded, Maharashtra",19.206417,77.450918,1.517211412601197,0.840914608235459,Low,3,9185.693333333336,562,03-Oct-2025 13:55,"Complaint received on 03-Oct-2025 13:55 from 0, 0, 3. Fraud type: 3, Bank: 1."
1313,ICICI ATM - Signal,"Nanded, Maharashtra",19.281376,77.480977,1.517211412601197,0.840914608235459,Low,2,8756.795,563,03-Oct-2025 13:55,"Complaint received on 03-Oct-2025 13:55 from 0, 0, 3. Fraud type: 3, Bank: 1."
970,Axis ATM - Signal,"Jalgaon, Maharashtra",20.993413,75.594266,1.5169235227909652,0.8408407585967467,Low,7,78018.03571428571,564,03-Oct-2025 13:55,"Complaint received on 03-Oct-2025 13:55 from 0, 0, 3. Fraud type: 3, Bank: 1."
827,SBI ATM - Market,"Dhule, Maharashtra",20.862895,74.689741,1.5163107476329534,0.8406835692054493,Low,6,28368.00833333333,565,03-Oct-2025 13:55,"Complaint received on 03-Oct-2025 13:55 from 0, 0, 3. Fraud type: 3, Bank: 1."
932,Axis ATM - Market,"Jalgaon, Maharashtra",21.025159,75.501004,1.5162858163719724,0.8406771738258608,Low,8,26761.75375,566,03-Oct-2025 13:55,"Complaint received on 03-Oct-2025 13:55 from 0, 0, 3. Fraud type: 3, Bank: 1."
540,Axis ATM - Bus Stand,"Sangli, Maharashtra",16.787836,74.608374,1.5156459806433769,0.8405130428434063,Low,8,39416.7875,567,03-Oct-2025 13:55,"Complaint received on 03-Oct-2025 13:55 from 0, 0, 3. Fraud type: 3, Bank: 1."
920,HDFC ATM - Bus Stand,"Nandurbar, Maharashtra",21.686508,74.16338,1.5156292101618967,0.8405087408710742,Low,11,16042.195454545454,568,03-Oct-2025 13:55,"Complaint received on 03-Oct-2025 13:55 from 0, 0, 3. Fraud type: 3, Bank: 1."
1108,PNB ATM - Railway Station,"Beed, Maharashtra",18.858996,75.713548,1.515481084768787,0.8404707436708382,Low,7,41362.95714285714,569,03-Oct-2025 13:55,"Complaint received on 03-Oct-2025 13:55 from 0, 0, 3. Fraud type: 3, Bank: 1."
583,BoB ATM - Railway Station,"Kolhapur, Maharashtra",16.716025,74.221704,1.515244531465241,0.8404100628986045,Low,10,28815.951,570,03-Oct-2025 13:55,"Complaint received on 03-Oct-2025 13:55 from 0, 0, 3. Fraud type: 3, Bank: 1."
1156,BoB ATM - Railway Station,"Osmanabad, Maharashtra",18.239962,76.08664,1.5149560555896728,0.8403360629221177,Low,10,34564.936,571,03-Oct-2025 13:55,"Complaint received on 03-Oct-2025 13:55 from 0, 0, 3. Fraud type: 3, Bank: 1."
767,SBI ATM - Market,"Nashik, Maharashtra",20.059556,73.829096,1.5147881717253646,0.8402929972689263,Low,8,31347.66,572,03-Oct-2025 13:55,"Complaint received on 03-Oct-2025 13:55 from 0, 0, 3. Fraud type: 3, Bank: 1."
922,Axis ATM - Chowk,"Nandurbar, Maharashtra",21.876335,74.171263,1.514506603293744,0.8402207691934303,Low,7,17225.038571428573,573,03-Oct-2025 13:55,"Complaint received on 03-Oct-2025 13:55 from 0, 0, 3. Fraud type: 3, Bank: 1."
1517,ICICI ATM - Chowk,"Akola, Maharashtra",20.699292,76.995492,1.5141856500028836,0.840138438094061,Low,4,14024.5475,574,03-Oct-2025 13:55,"Complaint received on 03-Oct-2025 13:55 from 0, 0, 3. Fraud type: 3, Bank: 1."
623,ICICI ATM - Bus Stand,"Kolhapur, Maharashtra",16.776053,74.289656,1.5136927346506528,0.8400119952003418,Low,5,12103.282,575,03-Oct-2025 13:55,"Complaint received on 03-Oct-2025 13:55 from 0, 0, 3. Fraud type: 3, Bank: 1."
1472,Axis ATM - Market,"Buldhana, Maharashtra",20.495374,76.08595,1.5133700077795627,0.8399292091412812,Low,5,39189.236,576,03-Oct-2025 13:55,"Complaint received on 03-Oct-2025 13:55 from 0, 0, 3. Fraud type: 3, Bank: 1."
777,SBI ATM - Signal,"Nashik, Maharashtra",20.02877,73.759718,1.5131549593493487,0.8398740448099555,Low,5,14579.484,577,03-Oct-2025 13:55,"Complaint received on 03-Oct-2025 13:55 from 0, 0, 3. Fraud type: 3, Bank: 1."
1355,BoB ATM - Railway Station,"Parbhani, Maharashtra",19.409627,76.77256,1.5131219951679251,0.8398655888215806,Low,4,13779.975,578,03-Oct-2025 13:55,"Complaint received on 03-Oct-2025 13:55 from 0, 0, 3. Fraud type: 3, Bank: 1."
1636,Axis ATM - Market,"Amravati, Maharashtra",20.956271,77.622727,1.5130444062950366,0.8398456856849384,Low,7,40227.974285714285,579,03-Oct-2025 13:55,"Complaint received on 03-Oct-2025 13:55 from 0, 0, 3. Fraud type: 3, Bank: 1."
1396,PNB ATM - Main Road,"Hingoli, Maharashtra",19.807899,77.184647,1.511623439124954,0.839481178472793,Low,11,34470.906363636364,580,03-Oct-2025 13:55,"Complaint received on 03-Oct-2025 13:55 from 0, 0, 3. Fraud type: 3, Bank: 1."
606,ICICI ATM - Market,"Kolhapur, Maharashtra",16.619829,74.359045,1.5114866683882713,0.8394460939747266,Low,8,17971.85625,581,03-Oct-2025 13:55,"Complaint received on 03-Oct-2025 13:55 from 0, 0, 3. Fraud type: 3, Bank: 1."
504,BoB ATM - Market,"Satara, Maharashtra",17.695373,73.918274,1.5114728457343358,0.8394425481805967,Low,6,44909.46666666667,582,03-Oct-2025 13:55,"Complaint received on 03-Oct-2025 13:55 from 0, 0, 3. Fraud type: 3, Bank: 1."
1550,ICICI ATM - Signal,"Akola, Maharashtra",20.581498,77.22937,1.5111784871028904,0.8393670391566177,Low,3,8371.876666666667,583,03-Oct-2025 13:55,"Complaint received on 03-Oct-2025 13:55 from 0, 0, 3. Fraud type: 3, Bank: 1."
762,ICICI ATM - Signal,"Nashik, Maharashtra",20.132486,74.100748,1.5110037882005474,0.8393222253064468,Low,6,15566.976666666667,584,03-Oct-2025 13:55,"Complaint received on 03-Oct-2025 13:55 from 0, 0, 3. Fraud type: 3, Bank: 1."
921,BoB ATM - Market,"Nandurbar, Maharashtra",21.911885,74.016059,1.5105867427478274,0.8392152445974553,Low,3,15745.633333333331,585,03-Oct-2025 13:55,"Complaint received on 03-Oct-2025 13:55 from 0, 0, 3. Fraud type: 3, Bank: 1."
1276,ICICI ATM - Bus Stand,"Nanded, Maharashtra",19.226276,77.395076,1.5104478324251174,0.8391796112517066,Low,6,66571.90666666666,586,03-Oct-2025 13:55,"Complaint received on 03-Oct-2025 13:55 from 0, 0, 3. Fraud type: 3, Bank: 1."
732,BoB ATM - Market,"Ahmednagar, Maharashtra",19.11889,75.042202,1.5101259945935646,0.8390970532495148,Low,4,48264.850000000006,587,03-Oct-2025 13:55,"Complaint received on 03-Oct-2025 13:55 from 0, 0, 3. Fraud type: 3, Bank: 1."
913,BoB ATM - Bus Stand,"Nandurbar, Maharashtra",21.749396,74.075599,1.5099840254493337,0.8390606352533332,Low,6,44785.71833333333,588,03-Oct-2025 13:55,"Complaint received on 03-Oct-2025 13:55 from 0, 0, 3. Fraud type: 3, Bank: 1."
855,PNB ATM - Main Road,"Dhule, Maharashtra",20.883506,74.894345,1.509850101838962,0.8390262811015379,Low,5,10653.24,589,03-Oct-2025 13:55,"Complaint received on 03-Oct-2025 13:55 from 0, 0, 3. Fraud type: 3, Bank: 1."
813,PNB ATM - Main Road,"Dhule, Maharashtra",20.835684,74.876967,1.5093506073499843,0.8388981505243561,Low,3,12661.22,590,03-Oct-2025 13:55,"Complaint received on 03-Oct-2025 13:55 from 0, 0, 3. Fraud type: 3, Bank: 1."
861,PNB ATM - Main Road,"Dhule, Maharashtra",20.887466,74.759741,1.5093506073499843,0.8388981505243561,Low,6,12909.735,591,03-Oct-2025 13:55,"Complaint received on 03-Oct-2025 13:55 from 0, 0, 3. Fraud type: 3, Bank: 1."
691,BoB ATM - Chowk,"Solapur, Maharashtra",17.86369,76.066251,1.5090305639565098,0.8388160528323212,Low,6,18672.461666666662,592,03-Oct-2025 13:55,"Complaint received on 03-Oct-2025 13:55 from 0, 0, 3. Fraud type: 3, Bank: 1."
726,SBI ATM - Signal,"Ahmednagar, Maharashtra",18.906921,74.88151,1.5085145059219511,0.8386836733661078,Low,5,13205.04,593,03-Oct-2025 13:55,"Complaint received on 03-Oct-2025 13:55 from 0, 0, 3. Fraud type: 3, Bank: 1."
228,BoB ATM - Chowk,"Palghar, Maharashtra",19.785394,72.625043,1.5083943501722505,0.838652850952847,Low,3,27947.156666666662,594,03-Oct-2025 13:55,"Complaint received on 03-Oct-2025 13:55 from 0, 0, 3. Fraud type: 3, Bank: 1."
1382,BoB ATM - Railway Station,"Parbhani, Maharashtra",19.183523,76.835006,1.5073223147456953,0.8383778518868009,Low,6,16026.461666666668,595,03-Oct-2025 13:55,"Complaint received on 03-Oct-2025 13:55 from 0, 0, 3. Fraud type: 3, Bank: 1."
658,Axis ATM - Railway Station,"Solapur, Maharashtra",17.732433,76.062878,1.506639990928872,0.8382028218386146,Low,6,12670.36,596,03-Oct-2025 13:55,"Complaint received on 03-Oct-2025 13:55 from 0, 0, 3. Fraud type: 3, Bank: 1."
544,HDFC ATM - Market,"Sangli, Maharashtra",16.926006,74.453799,1.506127853524202,0.8380714480943495,Low,8,17162.728750000002,597,03-Oct-2025 13:55,"Complaint received on 03-Oct-2025 13:55 from 0, 0, 3. Fraud type: 3, Bank: 1."
1554,Axis ATM - Signal,"Akola, Maharashtra",20.811038,76.955695,1.5059830820742197,0.8380343112492891,Low,5,15022.354,598,03-Oct-2025 13:55,"Complaint received on 03-Oct-2025 13:55 from 0, 0, 3. Fraud type: 3, Bank: 1."
811,Axis ATM - Signal,"Dhule, Maharashtra",20.914785,74.846178,1.5057688701812173,0.8379793615069089,Low,6,15051.518333333332,599,03-Oct-2025 13:55,"Complaint received on 03-Oct-2025 13:55 from 0, 0, 3. Fraud type: 3, Bank: 1."
1107,PNB ATM - Railway Station,"Beed, Maharashtra",19.014872,75.768321,1.5050207820050434,0.8377874615522322,Low,5,38847.992,600,03-Oct-2025 13:55,"Complaint received on 03-Oct-2025 13:55 from 0, 0, 3. Fraud type: 3, Bank: 1."
2147,ICICI ATM - Bus Stand,"Mumbai City, Maharashtra",19.117347,72.757808,1.5048488834918616,0.8377433660592952,Low,2,33775.16,601,03-Oct-2025 13:55,"Complaint received on 03-Oct-2025 13:55 from 0, 0, 3. Fraud type: 3, Bank: 1."
846,HDFC ATM - Market,"Dhule, Maharashtra",20.961344,74.944839,1.503886815506138,0.8374965758964023,Low,4,27012.1925,602,03-Oct-2025 13:55,"Complaint received on 03-Oct-2025 13:55 from 0, 0, 3. Fraud type: 3, Bank: 1."
1476,ICICI ATM - Signal,"Buldhana, Maharashtra",20.669089,76.139649,1.5035199512841233,0.8374024677019147,Low,4,91501.095,603,03-Oct-2025 13:55,"Complaint received on 03-Oct-2025 13:55 from 0, 0, 3. Fraud type: 3, Bank: 1."
879,PNB ATM - Chowk,"Nandurbar, Maharashtra",21.665466,74.045498,1.502926577796935,0.8372502552369614,Low,7,43877.014285714286,604,03-Oct-2025 13:55,"Complaint received on 03-Oct-2025 13:55 from 0, 0, 3. Fraud type: 3, Bank: 1."
1629,Axis ATM - Signal,"Amravati, Maharashtra",20.598466,77.996357,1.5017443196206646,0.8369469817757995,Low,4,37110.7275,605,03-Oct-2025 13:55,"Complaint received on 03-Oct-2025 13:55 from 0, 0, 3. Fraud type: 3, Bank: 1."
2144,BoB ATM - Signal,"Latur, Maharashtra",18.422876,76.682957,1.501272997831519,0.8368260780737281,Low,2,19726.915,606,03-Oct-2025 13:55,"Complaint received on 03-Oct-2025 13:55 from 0, 0, 3. Fraud type: 3, Bank: 1."
782,ICICI ATM - Chowk,"Nashik, Maharashtra",19.961328,73.745981,1.5004080966276587,0.8366042131825202,Low,9,35907.58888888889,607,03-Oct-2025 13:55,"Complaint received on 03-Oct-2025 13:55 from 0, 0, 3. Fraud type: 3, Bank: 1."
1350,ICICI ATM - Market,"Parbhani, Maharashtra",19.235297,76.690411,1.5001581690767936,0.8365401016416472,Low,11,32571.664545454547,608,03-Oct-2025 13:55,"Complaint received on 03-Oct-2025 13:55 from 0, 0, 3. Fraud type: 3, Bank: 1."
1133,HDFC ATM - Chowk,"Beed, Maharashtra",19.117192,75.834041,1.4998434437071133,0.836459368131747,Low,12,38578.34166666667,609,03-Oct-2025 13:55,"Complaint received on 03-Oct-2025 13:55 from 0, 0, 3. Fraud type: 3, Bank: 1."
43,ICICI ATM - Bus Stand,"Mumbai City, Maharashtra",18.911902,72.791904,1.49957702939658,0.8363910273990034,Low,5,35706.03,610,03-Oct-2025 13:55,"Complaint received on 03-Oct-2025 13:55 from 0, 0, 3. Fraud type: 3, Bank: 1."
461,Axis ATM - Chowk,"Pune, Maharashtra",18.466428,73.873291,1.4995119634174148,0.8363743366413487,Low,3,130899.34666666666,611,03-Oct-2025 13:55,"Complaint received on 03-Oct-2025 13:55 from 0, 0, 3. Fraud type: 3, Bank: 1."
559,SBI ATM - Signal,"Sangli, Maharashtra",16.931688,74.654141,1.4978568378028096,0.8359497629874091,Low,4,15353.85,612,03-Oct-2025 13:55,"Complaint received on 03-Oct-2025 13:55 from 0, 0, 3. Fraud type: 3, Bank: 1."
552,PNB ATM - Bus Stand,"Sangli, Maharashtra",16.872645,74.409917,1.4977676155878252,0.8359268756600098,Low,5,35701.933999999994,613,03-Oct-2025 13:55,"Complaint received on 03-Oct-2025 13:55 from 0, 0, 3. Fraud type: 3, Bank: 1."
499,BoB ATM - Bus Stand,"Satara, Maharashtra",17.739284,74.031281,1.4975378788967897,0.835867943488641,Low,6,25463.811666666665,614,03-Oct-2025 13:55,"Complaint received on 03-Oct-2025 13:55 from 0, 0, 3. Fraud type: 3, Bank: 1."
816,Axis ATM - Market,"Dhule, Maharashtra",20.773558,74.651864,1.497437364105014,0.8358421593837714,Low,6,62612.29,615,03-Oct-2025 13:55,"Complaint received on 03-Oct-2025 13:55 from 0, 0, 3. Fraud type: 3, Bank: 1."
900,ICICI ATM - Signal,"Nandurbar, Maharashtra",21.747124,74.173726,1.496140112544161,0.8355093877618412,Low,11,28127.468181818185,616,03-Oct-2025 13:55,"Complaint received on 03-Oct-2025 13:55 from 0, 0, 3. Fraud type: 3, Bank: 1."
1533,ICICI ATM - Market,"Akola, Maharashtra",20.768945,76.957036,1.4943679944902788,0.8350548031486194,Low,6,27968.785000000003,617,03-Oct-2025 13:55,"Complaint received on 03-Oct-2025 13:55 from 0, 0, 3. Fraud type: 3, Bank: 1."
226,HDFC ATM - Railway Station,"Palghar, Maharashtra",19.686255,72.908538,1.494331088920261,0.8350453361132627,Low,6,27934.465,618,03-Oct-2025 13:55,"Complaint received on 03-Oct-2025 13:55 from 0, 0, 3. Fraud type: 3, Bank: 1."
63,Axis ATM - Bus Stand,"Mumbai Suburban, Maharashtra",19.288335,72.711778,1.4938414009375565,0.8349197211059952,Low,3,32415.7,619,03-Oct-2025 13:55,"Complaint received on 03-Oct-2025 13:55 from 0, 0, 3. Fraud type: 3, Bank: 1."
1541,BoB ATM - Bus Stand,"Akola, Maharashtra",20.659851,76.756903,1.493625308671379,0.834864289009344,Low,8,19273.5525,620,03-Oct-2025 13:55,"Complaint received on 03-Oct-2025 13:55 from 0, 0, 3. Fraud type: 3, Bank: 1."
1327,ICICI ATM - Railway Station,"Nanded, Maharashtra",19.076387,77.389843,1.4932112756028935,0.8347580810386693,Low,2,8752.305,621,03-Oct-2025 13:55,"Complaint received on 03-Oct-2025 13:55 from 0, 0, 3. Fraud type: 3, Bank: 1."
229,BoB ATM - Chowk,"Palghar, Maharashtra",19.711721,72.667239,1.493131895640598,0.8347377184508729,Low,5,18576.870000000003,622,03-Oct-2025 13:55,"Complaint received on 03-Oct-2025 13:55 from 0, 0, 3. Fraud type: 3, Bank: 1."
884,SBI ATM - Bus Stand,"Nandurbar, Maharashtra",21.967902,74.387756,1.4928510998628173,0.8346656885769279,Low,8,20058.3625,623,03-Oct-2025 13:55,"Complaint received on 03-Oct-2025 13:55 from 0, 0, 3. Fraud type: 3, Bank: 1."
784,Axis ATM - Signal,"Nashik, Maharashtra",20.025227,73.62721,1.4922063664085632,0.8345003012274275,Low,6,39124.82,624,03-Oct-2025 13:55,"Complaint received on 03-Oct-2025 13:55 from 0, 0, 3. Fraud type: 3, Bank: 1."
980,BoB ATM - Signal,"Jalgaon, Maharashtra",21.066673,75.57075,1.491440512958684,0.8343038441158173,Low,4,25976.3375,625,03-Oct-2025 13:55,"Complaint received on 03-Oct-2025 13:55 from 0, 0, 3. Fraud type: 3, Bank: 1."
1137,ICICI ATM - Market,"Beed, Maharashtra",19.084007,75.729815,1.4913403890907653,0.834278160290932,Low,4,41241.3075,626,03-Oct-2025 13:55,"Complaint received on 03-Oct-2025 13:55 from 0, 0, 3. Fraud type: 3, Bank: 1."
760,Axis ATM - Signal,"Nashik, Maharashtra",19.901849,73.69277,1.4913346298316308,0.8342766829228863,Low,8,24684.1675,627,03-Oct-2025 13:55,"Complaint received on 03-Oct-2025 13:55 from 0, 0, 3. Fraud type: 3, Bank: 1."
414,PNB ATM - Bus Stand,"Pune, Maharashtra",18.648001,73.990315,1.4913109467887464,0.8342706077368308,Low,1,37904.6,628,03-Oct-2025 13:55,"Complaint received on 03-Oct-2025 13:55 from 0, 0, 3. Fraud type: 3, Bank: 1."
764,Axis ATM - Chowk,"Nashik, Maharashtra",19.912484,73.694097,1.4903050237217197,0.8340125678464557,Low,3,12362.783333333333,629,03-Oct-2025 13:55,"Complaint received on 03-Oct-2025 13:55 from 0, 0, 3. Fraud type: 3, Bank: 1."
867,BoB ATM - Market,"Dhule, Maharashtra",20.942076,74.838702,1.4899921749375065,0.8339323157192022,Low,4,7742.875,630,03-Oct-2025 13:55,"Complaint received on 03-Oct-2025 13:55 from 0, 0, 3. Fraud type: 3, Bank: 1."
1234,SBI ATM - Signal,"Latur, Maharashtra",18.276097,76.617751,1.489662659642049,0.8338477882901135,Low,3,26679.680000000004,631,03-Oct-2025 13:55,"Complaint received on 03-Oct-2025 13:55 from 0, 0, 3. Fraud type: 3, Bank: 1."
1268,SBI ATM - Bus Stand,"Latur, Maharashtra",18.373958,76.532982,1.489662659642049,0.8338477882901135,Low,5,26688.152,632,03-Oct-2025 13:55,"Complaint received on 03-Oct-2025 13:55 from 0, 0, 3. Fraud type: 3, Bank: 1."
944,PNB ATM - Main Road,"Jalgaon, Maharashtra",20.976611,75.696052,1.489630558152654,0.8338395535999311,Low,7,17482.43857142857,633,03-Oct-2025 13:55,"Complaint received on 03-Oct-2025 13:55 from 0, 0, 3. Fraud type: 3, Bank: 1."
425,PNB ATM - Railway Station,"Pune, Maharashtra",18.592948,73.872393,1.4894645913501943,0.8337969797124077,Low,6,17562.648333333334,634,03-Oct-2025 13:55,"Complaint received on 03-Oct-2025 13:55 from 0, 0, 3. Fraud type: 3, Bank: 1."
943,Axis ATM - Bus Stand,"Jalgaon, Maharashtra",21.127225,75.891159,1.4883682216847909,0.8335157384151907,Low,3,36114.20666666667,635,03-Oct-2025 13:55,"Complaint received on 03-Oct-2025 13:55 from 0, 0, 3. Fraud type: 3, Bank: 1."
578,BoB ATM - Bus Stand,"Kolhapur, Maharashtra",16.677765,74.224422,1.4882450096828397,0.8334841320105675,Low,4,25307.52,636,03-Oct-2025 13:55,"Complaint received on 03-Oct-2025 13:55 from 0, 0, 3. Fraud type: 3, Bank: 1."
2141,SBI ATM - Signal,"Sindhudurg, Maharashtra",16.084617,73.491573,1.4882025917189816,0.8334732509331743,Low,1,41258.59,637,03-Oct-2025 13:55,"Complaint received on 03-Oct-2025 13:55 from 0, 0, 3. Fraud type: 3, Bank: 1."
1960,PNB ATM - Signal,"Gondia, Maharashtra",21.491707,80.210404,1.487140922027383,0.8332009108906655,Low,8,32557.9375,638,03-Oct-2025 13:55,"Complaint received on 03-Oct-2025 13:55 from 0, 0, 3. Fraud type: 3, Bank: 1."
1059,HDFC ATM - Main Road,"Jalna, Maharashtra",20.019665,75.758189,1.486091247688307,0.8329316479020104,Low,6,30568.39,639,03-Oct-2025 13:55,"Complaint received on 03-Oct-2025 13:55 from 0, 0, 3. Fraud type: 3, Bank: 1."
1549,BoB ATM - Main Road,"Akola, Maharashtra",20.663209,77.018966,1.4860442123946473,0.8329195823848575,Low,6,10320.535,640,03-Oct-2025 13:55,"Complaint received on 03-Oct-2025 13:55 from 0, 0, 3. Fraud type: 3, Bank: 1."
945,BoB ATM - Signal,"Jalgaon, Maharashtra",21.132115,75.795002,1.4860065026964866,0.8329099090741457,Low,13,13318.923846153846,641,03-Oct-2025 13:55,"Complaint received on 03-Oct-2025 13:55 from 0, 0, 3. Fraud type: 3, Bank: 1."
1537,BoB ATM - Signal,"Akola, Maharashtra",20.361161,76.955021,1.4854306821310808,0.832762199293504,Low,11,33685.83363636363,642,03-Oct-2025 13:55,"Complaint received on 03-Oct-2025 13:55 from 0, 0, 3. Fraud type: 3, Bank: 1."
619,HDFC ATM - Market,"Kolhapur, Maharashtra",16.815665,74.505263,1.4853998920007354,0.8327543009938035,Low,7,96728.46,643,03-Oct-2025 13:55,"Complaint received on 03-Oct-2025 13:55 from 0, 0, 3. Fraud type: 3, Bank: 1."
710,SBI ATM - Railway Station,"Ahmednagar, Maharashtra",19.106906,74.517787,1.483419582564723,0.8322463110226741,Low,4,13039.7725,644,03-Oct-2025 13:55,"Complaint received on 03-Oct-2025 13:55 from 0, 0, 3. Fraud type: 3, Bank: 1."
923,Axis ATM - Market,"Nandurbar, Maharashtra",21.917237,74.287482,1.4833738744195986,0.8322345859463302,Low,3,12606.423333333334,645,03-Oct-2025 13:55,"Complaint received on 03-Oct-2025 13:55 from 0, 0, 3. Fraud type: 3, Bank: 1."
1667,HDFC ATM - Railway Station,"Amravati, Maharashtra",20.795403,77.785126,1.483000962038635,0.8321389262750714,Low,3,48951.920000000006,646,03-Oct-2025 13:55,"Complaint received on 03-Oct-2025 13:55 from 0, 0, 3. Fraud type: 3, Bank: 1."
193,Axis ATM - Bus Stand,"Palghar, Maharashtra",19.599233,72.688073,1.4821953649597726,0.8319322741077932,Low,6,8808.631666666666,647,03-Oct-2025 13:55,"Complaint received on 03-Oct-2025 13:55 from 0, 0, 3. Fraud type: 3, Bank: 1."
97,SBI ATM - Main Road,"Mumbai Suburban, Maharashtra",18.927102,72.902156,1.4816480670817216,0.8317918809812372,Low,5,28469.632,648,03-Oct-2025 13:55,"Complaint received on 03-Oct-2025 13:55 from 0, 0, 3. Fraud type: 3, Bank: 1."
1161,Axis ATM - Bus Stand,"Osmanabad, Maharashtra",18.248474,76.146182,1.481071775974082,0.8316440504968653,Low,6,32421.615,649,03-Oct-2025 13:55,"Complaint received on 03-Oct-2025 13:55 from 0, 0, 3. Fraud type: 3, Bank: 1."
1191,Axis ATM - Railway Station,"Osmanabad, Maharashtra",18.024928,76.112765,1.4810685442467442,0.8316432214925454,Low,4,22720.63,650,03-Oct-2025 13:55,"Complaint received on 03-Oct-2025 13:55 from 0, 0, 3. Fraud type: 3, Bank: 1."
939,ICICI ATM - Signal,"Jalgaon, Maharashtra",20.807093,75.468473,1.4810152692979763,0.8316295553759304,Low,2,14665.195,651,03-Oct-2025 13:55,"Complaint received on 03-Oct-2025 13:55 from 0, 0, 3. Fraud type: 3, Bank: 1."
805,ICICI ATM - Chowk,"Nashik, Maharashtra",20.011173,73.745957,1.479909206293249,0.8313458275384414,Low,3,8097.456666666666,652,03-Oct-2025 13:55,"Complaint received on 03-Oct-2025 13:55 from 0, 0, 3. Fraud type: 3, Bank: 1."
1302,PNB ATM - Bus Stand,"Nanded, Maharashtra",19.206359,77.295463,1.4797820211466202,0.8313132019407499,Low,4,44562.27,653,03-Oct-2025 13:55,"Complaint received on 03-Oct-2025 13:55 from 0, 0, 3. Fraud type: 3, Bank: 1."
2098,HDFC ATM - Main Road,"Satara, Maharashtra",17.774296,74.051055,1.4792771293280116,0.8311836868378603,Low,2,80471.16,654,03-Oct-2025 13:55,"Complaint received on 03-Oct-2025 13:55 from 0, 0, 3. Fraud type: 3, Bank: 1."
955,HDFC ATM - Bus Stand,"Jalgaon, Maharashtra",20.918979,75.542658,1.4782985770485773,0.8309326681156652,Low,5,31860.53000000001,655,03-Oct-2025 13:55,"Complaint received on 03-Oct-2025 13:55 from 0, 0, 3. Fraud type: 3, Bank: 1."
894,PNB ATM - Main Road,"Nandurbar, Maharashtra",21.629084,74.070702,1.4779885962418173,0.8308531516834284,Low,5,31561.286,656,03-Oct-2025 13:55,"Complaint received on 03-Oct-2025 13:55 from 0, 0, 3. Fraud type: 3, Bank: 1."
102,SBI ATM - Bus Stand,"Mumbai Suburban, Maharashtra",19.162934,72.947294,1.477976084970825,0.8308499422859098,Low,4,36500.775,657,03-Oct-2025 13:55,"Complaint received on 03-Oct-2025 13:55 from 0, 0, 3. Fraud type: 3, Bank: 1."
115,PNB ATM - Main Road,"Thane, Maharashtra",19.299675,73.043244,1.4774970101923044,0.8307270497831101,Low,1,37944.04,658,03-Oct-2025 13:55,"Complaint received on 03-Oct-2025 13:55 from 0, 0, 3. Fraud type: 3, Bank: 1."
1574,PNB ATM - Bus Stand,"Washim, Maharashtra",20.250424,77.156116,1.4774602198138096,0.8307176122967408,Low,5,31102.832,659,03-Oct-2025 13:55,"Complaint received on 03-Oct-2025 13:55 from 0, 0, 3. Fraud type: 3, Bank: 1."
2132,PNB ATM - Signal,"Jalgaon, Maharashtra",21.096049,75.650515,1.477114429112251,0.8306289098923049,Low,2,28360.615,660,03-Oct-2025 13:55,"Complaint received on 03-Oct-2025 13:55 from 0, 0, 3. Fraud type: 3, Bank: 1."
2100,PNB ATM - Railway Station,"Parbhani, Maharashtra",19.301976,76.659513,1.4765126885281623,0.8304745510954523,Low,5,35770.784,661,03-Oct-2025 13:55,"Complaint received on 03-Oct-2025 13:55 from 0, 0, 3. Fraud type: 3, Bank: 1."
951,PNB ATM - Signal,"Jalgaon, Maharashtra",21.317321,75.379644,1.4758240881412321,0.8302979109783497,Low,7,18664.952857142856,662,03-Oct-2025 13:55,"Complaint received on 03-Oct-2025 13:55 from 0, 0, 3. Fraud type: 3, Bank: 1."
962,ICICI ATM - Railway Station,"Jalgaon, Maharashtra",21.134894,75.673703,1.4753080986719322,0.8301655491005311,Low,7,12211.401428571427,663,03-Oct-2025 13:55,"Complaint received on 03-Oct-2025 13:55 from 0, 0, 3. Fraud type: 3, Bank: 1."
967,ICICI ATM - Chowk,"Jalgaon, Maharashtra",21.126727,75.586789,1.4748086041829545,0.830037418523349,Low,9,12891.49222222222,664,03-Oct-2025 13:55,"Complaint received on 03-Oct-2025 13:55 from 0, 0, 3. Fraud type: 3, Bank: 1."
1354,HDFC ATM - Signal,"Parbhani, Maharashtra",19.335544,76.683482,1.4742284618743786,0.8298886001269787,Low,6,39412.56166666667,665,03-Oct-2025 13:55,"Complaint received on 03-Oct-2025 13:55 from 0, 0, 3. Fraud type: 3, Bank: 1."
1448,HDFC ATM - Bus Stand,"Buldhana, Maharashtra",20.615753,75.934007,1.4738719506041285,0.8297971476768776,Low,5,16668.966,666,03-Oct-2025 13:55,"Complaint received on 03-Oct-2025 13:55 from 0, 0, 3. Fraud type: 3, Bank: 1."
755,PNB ATM - Railway Station,"Nashik, Maharashtra",19.968052,73.954985,1.473861874990711,0.8297945630754633,Low,9,44647.05111111111,667,03-Oct-2025 13:55,"Complaint received on 03-Oct-2025 13:55 from 0, 0, 3. Fraud type: 3, Bank: 1."
868,BoB ATM - Signal,"Nandurbar, Maharashtra",21.874376,74.154455,1.472924906611971,0.8295542114763598,Low,4,7522.985,668,03-Oct-2025 13:55,"Complaint received on 03-Oct-2025 13:55 from 0, 0, 3. Fraud type: 3, Bank: 1."
1159,SBI ATM - Main Road,"Osmanabad, Maharashtra",18.305678,76.170351,1.4717630157135786,0.8292561626395486,Low,9,38778.834444444445,669,03-Oct-2025 13:55,"Complaint received on 03-Oct-2025 13:55 from 0, 0, 3. Fraud type: 3, Bank: 1."
1208,ICICI ATM - Signal,"Osmanabad, Maharashtra",18.164223,76.129126,1.4717560212800085,0.8292543684239363,Low,5,49553.038,670,03-Oct-2025 13:55,"Complaint received on 03-Oct-2025 13:55 from 0, 0, 3. Fraud type: 3, Bank: 1."
1346,PNB ATM - Signal,"Parbhani, Maharashtra",19.196254,76.838065,1.4717424970106296,0.8292508991715627,Low,8,31831.73875,671,03-Oct-2025 13:55,"Complaint received on 03-Oct-2025 13:55 from 0, 0, 3. Fraud type: 3, Bank: 1."
1164,Axis ATM - Chowk,"Osmanabad, Maharashtra",18.274845,76.070806,1.471049587373943,0.8290731536435484,Low,8,19888.54,672,03-Oct-2025 13:55,"Complaint received on 03-Oct-2025 13:55 from 0, 0, 3. Fraud type: 3, Bank: 1."
243,Axis ATM - Chowk,"Raigad, Maharashtra",18.487615,73.072548,1.4707827462757483,0.8290047034310194,Low,1,7474.23,673,03-Oct-2025 13:55,"Complaint received on 03-Oct-2025 13:55 from 0, 0, 3. Fraud type: 3, Bank: 1."
933,PNB ATM - Bus Stand,"Jalgaon, Maharashtra",21.007192,75.593285,1.4707524918859025,0.828996942559741,Low,8,31294.8675,674,03-Oct-2025 13:55,"Complaint received on 03-Oct-2025 13:55 from 0, 0, 3. Fraud type: 3, Bank: 1."
2154,ICICI ATM - Signal,"Beed, Maharashtra",18.918299,75.930684,1.4707478527777569,0.8289957525333895,Low,1,534.11,675,03-Oct-2025 13:55,"Complaint received on 03-Oct-2025 13:55 from 0, 0, 3. Fraud type: 3, Bank: 1."
1092,ICICI ATM - Railway Station,"Jalna, Maharashtra",19.871721,75.821533,1.4703503762496835,0.828893791654777,Low,6,30633.795,676,03-Oct-2025 13:55,"Complaint received on 03-Oct-2025 13:55 from 0, 0, 3. Fraud type: 3, Bank: 1."
70,Axis ATM - Chowk,"Mumbai Suburban, Maharashtra",19.032356,72.905975,1.469809448098281,0.8287550324937001,Low,5,19959.248,677,03-Oct-2025 13:55,"Complaint received on 03-Oct-2025 13:55 from 0, 0, 3. Fraud type: 3, Bank: 1."
1280,SBI ATM - Chowk,"Nanded, Maharashtra",19.227546,77.214422,1.469682493811301,0.8287224661162415,Low,7,44235.87,678,03-Oct-2025 13:55,"Complaint received on 03-Oct-2025 13:55 from 0, 0, 3. Fraud type: 3, Bank: 1."
925,SBI ATM - Railway Station,"Nandurbar, Maharashtra",21.988143,74.112721,1.4695680851803303,0.8286931179567636,Low,3,30993.13666666666,679,03-Oct-2025 13:55,"Complaint received on 03-Oct-2025 13:55 from 0, 0, 3. Fraud type: 3, Bank: 1."
1123,SBI ATM - Railway Station,"Beed, Maharashtra",18.979987,75.586043,1.46909751364864,0.8285724067111115,Low,7,38218.967142857146,680,03-Oct-2025 13:55,"Complaint received on 03-Oct-2025 13:55 from 0, 0, 3. Fraud type: 3, Bank: 1."
1283,BoB ATM - Railway Station,"Nanded, Maharashtra",19.018929,77.212592,1.4684455886432382,0.8284051745812987,Low,4,48224.075,681,03-Oct-2025 13:55,"Complaint received on 03-Oct-2025 13:55 from 0, 0, 3. Fraud type: 3, Bank: 1."
730,PNB ATM - Railway Station,"Ahmednagar, Maharashtra",19.034076,74.538636,1.4679447524304534,0.8282766998244521,Low,3,12868.516666666668,682,03-Oct-2025 13:55,"Complaint received on 03-Oct-2025 13:55 from 0, 0, 3. Fraud type: 3, Bank: 1."
843,BoB ATM - Signal,"Dhule, Maharashtra",20.949178,74.751049,1.4678990442853295,0.8282649747481081,Low,7,11885.95857142857,683,03-Oct-2025 13:55,"Complaint received on 03-Oct-2025 13:55 from 0, 0, 3. Fraud type: 3, Bank: 1."
860,BoB ATM - Chowk,"Dhule, Maharashtra",20.791556,74.818923,1.4678990442853295,0.8282649747481081,Low,6,13275.041666666666,684,03-Oct-2025 13:55,"Complaint received on 03-Oct-2025 13:55 from 0, 0, 3. Fraud type: 3, Bank: 1."
842,HDFC ATM - Market,"Dhule, Maharashtra",21.03285,74.765554,1.4678661044669477,0.8282565250093528,Low,1,25330.11,685,03-Oct-2025 13:55,"Complaint received on 03-Oct-2025 13:55 from 0, 0, 3. Fraud type: 3, Bank: 1."
1187,Axis ATM - Market,"Osmanabad, Maharashtra",18.120825,76.203236,1.4678011164815516,0.8282398542586991,Low,4,48682.8,686,03-Oct-2025 13:55,"Complaint received on 03-Oct-2025 13:55 from 0, 0, 3. Fraud type: 3, Bank: 1."
766,PNB ATM - Railway Station,"Nashik, Maharashtra",19.869215,73.926785,1.4674413478975306,0.8281475662408335,Low,6,24794.84833333333,687,03-Oct-2025 13:55,"Complaint received on 03-Oct-2025 13:55 from 0, 0, 3. Fraud type: 3, Bank: 1."
682,PNB ATM - Market,"Solapur, Maharashtra",17.650157,76.112881,1.466783615145238,0.8279788443048713,Low,6,10177.67,688,03-Oct-2025 13:55,"Complaint received on 03-Oct-2025 13:55 from 0, 0, 3. Fraud type: 3, Bank: 1."
742,SBI ATM - Signal,"Ahmednagar, Maharashtra",19.169546,74.870817,1.4667270156759848,0.8279643253805917,Low,4,14218.5,689,03-Oct-2025 13:55,"Complaint received on 03-Oct-2025 13:55 from 0, 0, 3. Fraud type: 3, Bank: 1."
621,HDFC ATM - Signal,"Kolhapur, Maharashtra",16.723046,74.202906,1.4666900627321173,0.8279548461928713,Low,3,10411.85,690,03-Oct-2025 13:55,"Complaint received on 03-Oct-2025 13:55 from 0, 0, 3. Fraud type: 3, Bank: 1."
429,Axis ATM - Signal,"Pune, Maharashtra",18.443471,73.78628,1.466432471759539,0.8278887688272112,Low,8,17505.1825,691,03-Oct-2025 13:55,"Complaint received on 03-Oct-2025 13:55 from 0, 0, 3. Fraud type: 3, Bank: 1."
778,PNB ATM - Chowk,"Nashik, Maharashtra",19.706448,73.668832,1.4657444527742276,0.827712277851544,Low,11,17577.284545454546,692,03-Oct-2025 13:55,"Complaint received on 03-Oct-2025 13:55 from 0, 0, 3. Fraud type: 3, Bank: 1."
449,SBI ATM - Bus Stand,"Pune, Maharashtra",18.685859,73.927845,1.4651741988711982,0.827565996033931,Low,4,13167.8525,693,03-Oct-2025 13:55,"Complaint received on 03-Oct-2025 13:55 from 0, 0, 3. Fraud type: 3, Bank: 1."
439,PNB ATM - Signal,"Pune, Maharashtra",18.690461,73.78151,1.4651741988711982,0.827565996033931,Low,5,10764.912,694,03-Oct-2025 13:55,"Complaint received on 03-Oct-2025 13:55 from 0, 0, 3. Fraud type: 3, Bank: 1."
442,PNB ATM - Chowk,"Pune, Maharashtra",18.354482,73.762288,1.4651741988711982,0.827565996033931,Low,5,12767.314,695,03-Oct-2025 13:55,"Complaint received on 03-Oct-2025 13:55 from 0, 0, 3. Fraud type: 3, Bank: 1."
1359,HDFC ATM - Main Road,"Parbhani, Maharashtra",19.468662,76.741451,1.4649205152887086,0.827500920993939,Low,5,10264.564,696,03-Oct-2025 13:55,"Complaint received on 03-Oct-2025 13:55 from 0, 0, 3. Fraud type: 3, Bank: 1."
10,ICICI ATM - Signal,"Mumbai City, Maharashtra",18.882499,72.797721,1.464650272818368,0.827431598259719,Low,6,31685.12,697,03-Oct-2025 13:55,"Complaint received on 03-Oct-2025 13:55 from 0, 0, 3. Fraud type: 3, Bank: 1."
705,HDFC ATM - Bus Stand,"Ahmednagar, Maharashtra",19.12878,74.712288,1.464255818601378,0.8273304126658634,Low,8,12695.3975,698,03-Oct-2025 13:55,"Complaint received on 03-Oct-2025 13:55 from 0, 0, 3. Fraud type: 3, Bank: 1."
548,PNB ATM - Main Road,"Sangli, Maharashtra",16.931371,74.67241,1.4642299445158542,0.8273237754324496,Low,7,17287.71,699,03-Oct-2025 13:55,"Complaint received on 03-Oct-2025 13:55 from 0, 0, 3. Fraud type: 3, Bank: 1."
877,Axis ATM - Railway Station,"Nandurbar, Maharashtra",21.501782,74.033702,1.4635926699033226,0.8271603014287742,Low,6,40103.87833333333,700,03-Oct-2025 13:55,"Complaint received on 03-Oct-2025 13:55 from 0, 0, 3. Fraud type: 3, Bank: 1."
2103,PNB ATM - Railway Station,"Nanded, Maharashtra",19.08106,77.422543,1.4635907361814358,0.8271598053894645,Low,3,33323.62333333333,701,03-Oct-2025 13:55,"Complaint received on 03-Oct-2025 13:55 from 0, 0, 3. Fraud type: 3, Bank: 1."
1384,Axis ATM - Signal,"Parbhani, Maharashtra",19.488496,76.975115,1.4629914523446808,0.827006076798672,Low,4,28747.595,702,03-Oct-2025 13:55,"Complaint received on 03-Oct-2025 13:55 from 0, 0, 3. Fraud type: 3, Bank: 1."
1917,ICICI ATM - Market,"Gondia, Maharashtra",21.565438,80.171559,1.4620820238800714,0.826772789752173,Low,7,21897.924285714285,703,03-Oct-2025 13:55,"Complaint received on 03-Oct-2025 13:55 from 0, 0, 3. Fraud type: 3, Bank: 1."
1929,PNB ATM - Chowk,"Gondia, Maharashtra",21.641825,80.296255,1.4618214112316323,0.8267059372647036,Low,5,9050.346,704,03-Oct-2025 13:55,"Complaint received on 03-Oct-2025 13:55 from 0, 0, 3. Fraud type: 3, Bank: 1."
886,HDFC ATM - Signal,"Nandurbar, Maharashtra",21.694153,74.131141,1.461745102163644,0.8266863624242573,Low,6,42050.495,705,03-Oct-2025 13:55,"Complaint received on 03-Oct-2025 13:55 from 0, 0, 3. Fraud type: 3, Bank: 1."
1330,Axis ATM - Signal,"Nanded, Maharashtra",19.346499,77.422477,1.4616766570394573,0.8266688048466246,Low,3,19637.24,706,03-Oct-2025 13:55,"Complaint received on 03-Oct-2025 13:55 from 0, 0, 3. Fraud type: 3, Bank: 1."
42,Axis ATM - Bus Stand,"Mumbai City, Maharashtra",18.867795,73.042273,1.4600797271658392,0.8262591595933917,Low,3,10274.653333333334,707,03-Oct-2025 13:55,"Complaint received on 03-Oct-2025 13:55 from 0, 0, 3. Fraud type: 3, Bank: 1."
1054,Axis ATM - Market,"Jalna, Maharashtra",19.792433,75.879915,1.459326832245991,0.8260660266104133,Low,6,44421.23500000001,708,03-Oct-2025 13:55,"Complaint received on 03-Oct-2025 13:55 from 0, 0, 3. Fraud type: 3, Bank: 1."
96,BoB ATM - Railway Station,"Mumbai Suburban, Maharashtra",19.034164,72.961552,1.4586947631778395,0.8259038879355967,Low,6,37186.30833333333,709,03-Oct-2025 13:55,"Complaint received on 03-Oct-2025 13:55 from 0, 0, 3. Fraud type: 3, Bank: 1."
1126,PNB ATM - Bus Stand,"Beed, Maharashtra",19.05008,75.765973,1.4583166951903006,0.8258069057455498,Low,9,29982.961111111115,710,03-Oct-2025 13:55,"Complaint received on 03-Oct-2025 13:55 from 0, 0, 3. Fraud type: 3, Bank: 1."
1168,HDFC ATM - Bus Stand,"Osmanabad, Maharashtra",18.183047,75.799639,1.4580414642913164,0.8257363033771087,Low,3,33366.55333333334,711,03-Oct-2025 13:55,"Complaint received on 03-Oct-2025 13:55 from 0, 0, 3. Fraud type: 3, Bank: 1."
2113,HDFC ATM - Bus Stand,"Parbhani, Maharashtra",19.127725,76.861763,1.4579095477066597,0.825702464068558,Low,5,38253.318,712,03-Oct-2025 13:55,"Complaint received on 03-Oct-2025 13:55 from 0, 0, 3. Fraud type: 3, Bank: 1."
986,PNB ATM - Chowk,"Aurangabad, Maharashtra",19.57252,75.297077,1.4576265170407592,0.82562986089999,Low,8,20047.74125,713,03-Oct-2025 13:55,"Complaint received on 03-Oct-2025 13:55 from 0, 0, 3. Fraud type: 3, Bank: 1."
741,BoB ATM - Market,"Ahmednagar, Maharashtra",19.180401,74.775739,1.4574727658414341,0.8255904205651181,Low,2,17513.885000000002,714,03-Oct-2025 13:55,"Complaint received on 03-Oct-2025 13:55 from 0, 0, 3. Fraud type: 3, Bank: 1."
863,ICICI ATM - Market,"Dhule, Maharashtra",20.908406,74.919425,1.4572006402607751,0.8255206147744932,Low,2,13094.525,715,03-Oct-2025 13:55,"Complaint received on 03-Oct-2025 13:55 from 0, 0, 3. Fraud type: 3, Bank: 1."
918,HDFC ATM - Main Road,"Nandurbar, Maharashtra",21.843635,74.079942,1.4568582822725322,0.8254327929314011,Low,3,12827.213333333331,716,03-Oct-2025 13:55,"Complaint received on 03-Oct-2025 13:55 from 0, 0, 3. Fraud type: 3, Bank: 1."
952,BoB ATM - Chowk,"Jalgaon, Maharashtra",21.216061,75.708674,1.456778572907263,0.8254123458449886,Low,7,24997.022857142856,717,03-Oct-2025 13:55,"Complaint received on 03-Oct-2025 13:55 from 0, 0, 3. Fraud type: 3, Bank: 1."
1098,HDFC ATM - Signal,"Jalna, Maharashtra",19.911525,75.742145,1.4563798504618595,0.8253100653630366,Low,5,31361.956,718,03-Oct-2025 13:55,"Complaint received on 03-Oct-2025 13:55 from 0, 0, 3. Fraud type: 3, Bank: 1."
2101,Axis ATM - Market,"Buldhana, Maharashtra",20.488894,76.200456,1.45446359445337,0.8248185064093061,Low,3,23983.42,719,03-Oct-2025 13:55,"Complaint received on 03-Oct-2025 13:55 from 0, 0, 3. Fraud type: 3, Bank: 1."
1434,SBI ATM - Chowk,"Hingoli, Maharashtra",19.65162,77.189541,1.4544480365346475,0.8248145154841814,Low,9,54363.14555555556,720,03-Oct-2025 13:55,"Complaint received on 03-Oct-2025 13:55 from 0, 0, 3. Fraud type: 3, Bank: 1."
1185,PNB ATM - Market,"Osmanabad, Maharashtra",18.314922,75.989911,1.4543705943038165,0.8247946499642335,Low,4,11521.1425,721,03-Oct-2025 13:55,"Complaint received on 03-Oct-2025 13:55 from 0, 0, 3. Fraud type: 3, Bank: 1."
1189,PNB ATM - Main Road,"Osmanabad, Maharashtra",18.226884,75.870823,1.4543705943038165,0.8247946499642335,Low,7,12014.194285714286,722,03-Oct-2025 13:55,"Complaint received on 03-Oct-2025 13:55 from 0, 0, 3. Fraud type: 3, Bank: 1."
1582,BoB ATM - Main Road,"Washim, Maharashtra",20.08412,77.035245,1.4541706553273483,0.8247433615175713,Low,5,18613.134,723,03-Oct-2025 13:55,"Complaint received on 03-Oct-2025 13:55 from 0, 0, 3. Fraud type: 3, Bank: 1."
1586,HDFC ATM - Main Road,"Washim, Maharashtra",20.047672,77.099091,1.4536711608383706,0.8246152309403894,Low,8,19239.77,724,03-Oct-2025 13:55,"Complaint received on 03-Oct-2025 13:55 from 0, 0, 3. Fraud type: 3, Bank: 1."
768,SBI ATM - Main Road,"Nashik, Maharashtra",20.045972,73.785723,1.4534559741088733,0.8245600311324619,Low,7,18687.551428571427,725,03-Oct-2025 13:55,"Complaint received on 03-Oct-2025 13:55 from 0, 0, 3. Fraud type: 3, Bank: 1."
898,Axis ATM - Main Road,"Nandurbar, Maharashtra",21.570257,74.227405,1.4527322103990088,0.8243743709020998,Low,5,17562.216,726,03-Oct-2025 13:55,"Complaint received on 03-Oct-2025 13:55 from 0, 0, 3. Fraud type: 3, Bank: 1."
400,PNB ATM - Signal,"Sindhudurg, Maharashtra",16.128119,73.654321,1.4520619663609182,0.824202439564821,Low,1,14373.85,727,03-Oct-2025 13:55,"Complaint received on 03-Oct-2025 13:55 from 0, 0, 3. Fraud type: 3, Bank: 1."
906,BoB ATM - Main Road,"Nandurbar, Maharashtra",21.825554,74.120771,1.451815814858463,0.8241392966577824,Low,3,13338.773333333333,728,03-Oct-2025 13:55,"Complaint received on 03-Oct-2025 13:55 from 0, 0, 3. Fraud type: 3, Bank: 1."
969,Axis ATM - Chowk,"Jalgaon, Maharashtra",21.099537,75.536741,1.4503424529768394,0.8237613491279175,Low,3,8448.050000000001,729,03-Oct-2025 13:55,"Complaint received on 03-Oct-2025 13:55 from 0, 0, 3. Fraud type: 3, Bank: 1."
930,PNB ATM - Market,"Jalgaon, Maharashtra",20.980432,75.470612,1.4503420750242386,0.8237612521753266,Low,5,26939.612,730,03-Oct-2025 13:55,"Complaint received on 03-Oct-2025 13:55 from 0, 0, 3. Fraud type: 3, Bank: 1."
1130,PNB ATM - Bus Stand,"Beed, Maharashtra",18.946828,75.600874,1.4501826562137594,0.8237203579819947,Low,4,16069.6775,731,03-Oct-2025 13:55,"Complaint received on 03-Oct-2025 13:55 from 0, 0, 3. Fraud type: 3, Bank: 1."
1147,SBI ATM - Chowk,"Beed, Maharashtra",19.133293,75.64226,1.4501826562137594,0.8237203579819947,Low,6,15742.081666666663,732,03-Oct-2025 13:55,"Complaint received on 03-Oct-2025 13:55 from 0, 0, 3. Fraud type: 3, Bank: 1."
957,ICICI ATM - Signal,"Jalgaon, Maharashtra",21.130294,75.571758,1.4501566832223205,0.8237136953771861,Low,3,5152.216666666666,733,03-Oct-2025 13:55,"Complaint received on 03-Oct-2025 13:55 from 0, 0, 3. Fraud type: 3, Bank: 1."
1267,Axis ATM - Chowk,"Latur, Maharashtra",18.394861,76.576963,1.4499968617330419,0.8236726978884865,Low,2,32162.3,734,03-Oct-2025 13:55,"Complaint received on 03-Oct-2025 13:55 from 0, 0, 3. Fraud type: 3, Bank: 1."
584,PNB ATM - Signal,"Kolhapur, Maharashtra",16.701242,74.08258,1.4488917153259069,0.8233892051770724,Low,6,37636.82833333333,735,03-Oct-2025 13:55,"Complaint received on 03-Oct-2025 13:55 from 0, 0, 3. Fraud type: 3, Bank: 1."
824,ICICI ATM - Main Road,"Dhule, Maharashtra",20.933995,74.748931,1.447485808632602,0.823028561285994,Low,4,42114.44,736,03-Oct-2025 13:55,"Complaint received on 03-Oct-2025 13:55 from 0, 0, 3. Fraud type: 3, Bank: 1."
848,ICICI ATM - Bus Stand,"Dhule, Maharashtra",21.014037,74.985274,1.4472224598259935,0.8229610069178569,Low,4,53733.7975,737,03-Oct-2025 13:55,"Complaint received on 03-Oct-2025 13:55 from 0, 0, 3. Fraud type: 3, Bank: 1."
1372,HDFC ATM - Market,"Parbhani, Maharashtra",19.317848,76.824248,1.4471508896103538,0.822942647690195,Low,4,13316.3825,738,03-Oct-2025 13:55,"Complaint received on 03-Oct-2025 13:55 from 0, 0, 3. Fraud type: 3, Bank: 1."
1222,PNB ATM - Market,"Latur, Maharashtra",18.603995,76.698585,1.446233434521841,0.8227073016501011,Low,5,39613.35799999999,739,03-Oct-2025 13:55,"Complaint received on 03-Oct-2025 13:55 from 0, 0, 3. Fraud type: 3, Bank: 1."
794,BoB ATM - Bus Stand,"Nashik, Maharashtra",20.095973,73.78066,1.4459020351403116,0.822622290914307,Low,5,37504.188,740,03-Oct-2025 13:55,"Complaint received on 03-Oct-2025 13:55 from 0, 0, 3. Fraud type: 3, Bank: 1."
844,Axis ATM - Railway Station,"Dhule, Maharashtra",20.861714,74.684477,1.4457213470956247,0.8225759407263339,Low,9,37848.40222222222,741,03-Oct-2025 13:55,"Complaint received on 03-Oct-2025 13:55 from 0, 0, 3. Fraud type: 3, Bank: 1."
1422,SBI ATM - Bus Stand,"Hingoli, Maharashtra",19.584376,77.439401,1.445401703956786,0.8224939457078194,Low,5,49173.794,742,03-Oct-2025 13:55,"Complaint received on 03-Oct-2025 13:55 from 0, 0, 3. Fraud type: 3, Bank: 1."
1455,BoB ATM - Railway Station,"Buldhana, Maharashtra",20.584072,75.955622,1.4447070490934613,0.8223157524933915,Low,5,9857.418,743,03-Oct-2025 13:55,"Complaint received on 03-Oct-2025 13:55 from 0, 0, 3. Fraud type: 3, Bank: 1."
1933,HDFC ATM - Market,"Gondia, Maharashtra",21.49268,80.222989,1.4445906437435498,0.8222858921345679,Low,5,52404.982,744,03-Oct-2025 13:55,"Complaint received on 03-Oct-2025 13:55 from 0, 0, 3. Fraud type: 3, Bank: 1."
1385,PNB ATM - Railway Station,"Parbhani, Maharashtra",19.406155,76.718416,1.4444380103803767,0.8222467385475872,Low,5,19925.338,745,03-Oct-2025 13:55,"Complaint received on 03-Oct-2025 13:55 from 0, 0, 3. Fraud type: 3, Bank: 1."
1450,BoB ATM - Chowk,"Buldhana, Maharashtra",20.37554,76.012346,1.444433796265476,0.8222456575407164,Low,11,31939.547272727275,746,03-Oct-2025 13:55,"Complaint received on 03-Oct-2025 13:55 from 0, 0, 3. Fraud type: 3, Bank: 1."
512,SBI ATM - Main Road,"Satara, Maharashtra",17.669232,74.172814,1.4442268545430712,0.8221925727461492,Low,5,16327.282,747,03-Oct-2025 13:55,"Complaint received on 03-Oct-2025 13:55 from 0, 0, 3. Fraud type: 3, Bank: 1."
561,BoB ATM - Market,"Sangli, Maharashtra",16.992982,74.445211,1.4438805005578026,0.8221037258478932,Low,8,24771.385,748,03-Oct-2025 13:55,"Complaint received on 03-Oct-2025 13:55 from 0, 0, 3. Fraud type: 3, Bank: 1."
896,SBI ATM - Signal,"Nandurbar, Maharashtra",21.875782,74.31387,1.4436586186813654,0.82204680859751,Low,9,10613.854444444443,749,03-Oct-2025 13:55,"Complaint received on 03-Oct-2025 13:55 from 0, 0, 3. Fraud type: 3, Bank: 1."
750,BoB ATM - Chowk,"Ahmednagar, Maharashtra",19.003981,74.506016,1.4427111937000285,0.8218037746654566,Low,2,19447.17,750,03-Oct-2025 13:55,"Complaint received on 03-Oct-2025 13:55 from 0, 0, 3. Fraud type: 3, Bank: 1."
1371,Axis ATM - Railway Station,"Parbhani, Maharashtra",19.252588,76.837533,1.4426079166852623,0.8217772819937582,Low,7,12315.222857142857,751,03-Oct-2025 13:55,"Complaint received on 03-Oct-2025 13:55 from 0, 0, 3. Fraud type: 3, Bank: 1."
451,ICICI ATM - Main Road,"Pune, Maharashtra",18.397452,73.935003,1.4420640474747854,0.8216377683907304,Low,4,4574.31,752,03-Oct-2025 13:55,"Complaint received on 03-Oct-2025 13:55 from 0, 0, 3. Fraud type: 3, Bank: 1."
1578,PNB ATM - Main Road,"Washim, Maharashtra",20.004272,77.054534,1.442039757234992,0.8216315374462189,Low,8,30872.035,753,03-Oct-2025 13:55,"Complaint received on 03-Oct-2025 13:55 from 0, 0, 3. Fraud type: 3, Bank: 1."
1555,PNB ATM - Chowk,"Akola, Maharashtra",20.502256,77.179393,1.4415346395823674,0.821501964412274,Low,5,42388.712,754,03-Oct-2025 13:55,"Complaint received on 03-Oct-2025 13:55 from 0, 0, 3. Fraud type: 3, Bank: 1."
806,PNB ATM - Chowk,"Nashik, Maharashtra",19.735377,73.717061,1.4414540602952315,0.8214812941730673,Low,8,11270.3,755,03-Oct-2025 13:55,"Complaint received on 03-Oct-2025 13:55 from 0, 0, 3. Fraud type: 3, Bank: 1."
1484,ICICI ATM - Railway Station,"Buldhana, Maharashtra",20.347678,75.840141,1.441401591344865,0.8214678348115669,Low,6,14530.803333333335,756,03-Oct-2025 13:55,"Complaint received on 03-Oct-2025 13:55 from 0, 0, 3. Fraud type: 3, Bank: 1."
919,SBI ATM - Bus Stand,"Nandurbar, Maharashtra",21.622753,74.133027,1.4411339058142305,0.8213991679848044,Low,5,18237.014000000003,757,03-Oct-2025 13:55,"Complaint received on 03-Oct-2025 13:55 from 0, 0, 3. Fraud type: 3, Bank: 1."
911,ICICI ATM - Main Road,"Nandurbar, Maharashtra",21.792055,74.181047,1.4411174108339084,0.8213949366841676,Low,4,11078.79,758,03-Oct-2025 13:55,"Complaint received on 03-Oct-2025 13:55 from 0, 0, 3. Fraud type: 3, Bank: 1."
1141,HDFC ATM - Main Road,"Beed, Maharashtra",18.95152,75.975425,1.440694569129438,0.821286469117766,Low,5,17323.329999999998,759,03-Oct-2025 13:55,"Complaint received on 03-Oct-2025 13:55 from 0, 0, 3. Fraud type: 3, Bank: 1."
703,SBI ATM - Signal,"Ahmednagar, Maharashtra",19.062823,74.774084,1.4395991850893914,0.8210054806536606,Low,6,3436.536666666667,760,03-Oct-2025 13:55,"Complaint received on 03-Oct-2025 13:55 from 0, 0, 3. Fraud type: 3, Bank: 1."
1300,Axis ATM - Market,"Nanded, Maharashtra",19.024326,77.394725,1.4395721114802176,0.8209985357178377,Low,9,25750.492222222223,761,03-Oct-2025 13:55,"Complaint received on 03-Oct-2025 13:55 from 0, 0, 3. Fraud type: 3, Bank: 1."
802,ICICI ATM - Main Road,"Nashik, Maharashtra",20.148054,73.775832,1.4395591827461482,0.8209952192324809,Low,7,37746.58428571429,762,03-Oct-2025 13:55,"Complaint received on 03-Oct-2025 13:55 from 0, 0, 3. Fraud type: 3, Bank: 1."
2125,BoB ATM - Market,"Chandrapur, Maharashtra",19.838316,79.122769,1.439454833698373,0.8209684515623366,Low,1,36202.07,763,03-Oct-2025 13:55,"Complaint received on 03-Oct-2025 13:55 from 0, 0, 3. Fraud type: 3, Bank: 1."
629,ICICI ATM - Chowk,"Kolhapur, Maharashtra",16.766999,74.249121,1.4394057417525137,0.8209558584717285,Low,5,8802.84,764,03-Oct-2025 13:55,"Complaint received on 03-Oct-2025 13:55 from 0, 0, 3. Fraud type: 3, Bank: 1."
633,Axis ATM - Railway Station,"Kolhapur, Maharashtra",16.715027,74.188471,1.4392313379677757,0.8209111203252737,Low,4,13919.6325,765,03-Oct-2025 13:55,"Complaint received on 03-Oct-2025 13:55 from 0, 0, 3. Fraud type: 3, Bank: 1."
974,HDFC ATM - Railway Station,"Jalgaon, Maharashtra",20.996931,75.347711,1.4379155943097772,0.8205736051012963,Low,4,29193.35,766,03-Oct-2025 13:55,"Complaint received on 03-Oct-2025 13:55 from 0, 0, 3. Fraud type: 3, Bank: 1."
714,HDFC ATM - Signal,"Ahmednagar, Maharashtra",19.077982,74.705559,1.4373355776153847,0.8204248189275394,Low,8,27881.0275,767,03-Oct-2025 13:55,"Complaint received on 03-Oct-2025 13:55 from 0, 0, 3. Fraud type: 3, Bank: 1."
1153,HDFC ATM - Market,"Beed, Maharashtra",18.940384,75.791234,1.4372742030724992,0.8204090750989732,Low,5,16265.503999999995,768,03-Oct-2025 13:55,"Complaint received on 03-Oct-2025 13:55 from 0, 0, 3. Fraud type: 3, Bank: 1."
508,BoB ATM - Railway Station,"Satara, Maharashtra",17.809442,73.995379,1.4368966109051844,0.8203122149665694,Low,7,23073.61285714286,769,03-Oct-2025 13:55,"Complaint received on 03-Oct-2025 13:55 from 0, 0, 3. Fraud type: 3, Bank: 1."
1527,HDFC ATM - Chowk,"Akola, Maharashtra",20.57756,76.960305,1.4368888923860237,0.8203102350081577,Low,6,35879.61666666667,770,03-Oct-2025 13:55,"Complaint received on 03-Oct-2025 13:55 from 0, 0, 3. Fraud type: 3, Bank: 1."
1730,SBI ATM - Main Road,"Yavatmal, Maharashtra",20.450029,78.065968,1.4368482870474282,0.8202998189063072,Low,4,15910.2775,771,03-Oct-2025 13:55,"Complaint received on 03-Oct-2025 13:55 from 0, 0, 3. Fraud type: 3, Bank: 1."
737,HDFC ATM - Chowk,"Ahmednagar, Maharashtra",18.967098,74.952491,1.4368360831264069,0.8202966883503575,Low,4,28249.42,772,03-Oct-2025 13:55,"Complaint received on 03-Oct-2025 13:55 from 0, 0, 3. Fraud type: 3, Bank: 1."
479,HDFC ATM - Railway Station,"Satara, Maharashtra",17.636507,73.86564,1.4366546832414313,0.8202501555607561,Low,5,42745.030000000006,773,03-Oct-2025 13:55,"Complaint received on 03-Oct-2025 13:55 from 0, 0, 3. Fraud type: 3, Bank: 1."
1323,HDFC ATM - Market,"Nanded, Maharashtra",19.151126,77.265801,1.4366261858537897,0.8202428453965656,Low,6,42653.585,774,03-Oct-2025 13:55,"Complaint received on 03-Oct-2025 13:55 from 0, 0, 3. Fraud type: 3, Bank: 1."
701,ICICI ATM - Bus Stand,"Ahmednagar, Maharashtra",19.271614,74.805697,1.4365898670992097,0.8202335288913997,Low,7,17846.36857142857,775,03-Oct-2025 13:55,"Complaint received on 03-Oct-2025 13:55 from 0, 0, 3. Fraud type: 3, Bank: 1."
164,ICICI ATM - Signal,"Thane, Maharashtra",19.362029,72.88508,1.4364970635218135,0.8202097228711157,Low,4,39232.6875,776,03-Oct-2025 13:55,"Complaint received on 03-Oct-2025 13:55 from 0, 0, 3. Fraud type: 3, Bank: 1."
1105,SBI ATM - Bus Stand,"Beed, Maharashtra",18.990848,75.680761,1.4357706373467094,0.820023379663833,Low,1,3188.95,777,03-Oct-2025 13:55,"Complaint received on 03-Oct-2025 13:55 from 0, 0, 3. Fraud type: 3, Bank: 1."
186,BoB ATM - Signal,"Palghar, Maharashtra",19.445133,72.696909,1.4351124393934416,0.8198545383942831,Low,7,23203.86857142857,778,03-Oct-2025 13:55,"Complaint received on 03-Oct-2025 13:55 from 0, 0, 3. Fraud type: 3, Bank: 1."
585,Axis ATM - Railway Station,"Kolhapur, Maharashtra",16.615399,74.233308,1.4349694766157859,0.8198178655107564,Low,5,11915.978,779,03-Oct-2025 13:55,"Complaint received on 03-Oct-2025 13:55 from 0, 0, 3. Fraud type: 3, Bank: 1."
604,BoB ATM - Market,"Kolhapur, Maharashtra",16.603559,74.436694,1.434757799052835,0.819763565875994,Low,3,10058.17,780,03-Oct-2025 13:55,"Complaint received on 03-Oct-2025 13:55 from 0, 0, 3. Fraud type: 3, Bank: 1."
1535,BoB ATM - Signal,"Akola, Maharashtra",20.817154,77.219554,1.433733925318419,0.8195009212714045,Low,7,26936.164285714283,781,03-Oct-2025 13:55,"Complaint received on 03-Oct-2025 13:55 from 0, 0, 3. Fraud type: 3, Bank: 1."
557,SBI ATM - Signal,"Sangli, Maharashtra",16.869436,74.330216,1.433618110201088,0.819471212319339,Low,6,8404.478333333334,782,03-Oct-2025 13:55,"Complaint received on 03-Oct-2025 13:55 from 0, 0, 3. Fraud type: 3, Bank: 1."
1474,SBI ATM - Chowk,"Buldhana, Maharashtra",20.740592,76.182208,1.4334534568081128,0.8194289753482764,Low,3,40317.15666666667,783,03-Oct-2025 13:55,"Complaint received on 03-Oct-2025 13:55 from 0, 0, 3. Fraud type: 3, Bank: 1."
3,PNB ATM - Main Road,"Mumbai City, Maharashtra",18.969035,72.590406,1.4331387269277045,0.8193482406812821,Low,5,16558.084,784,03-Oct-2025 13:55,"Complaint received on 03-Oct-2025 13:55 from 0, 0, 3. Fraud type: 3, Bank: 1."
964,HDFC ATM - Railway Station,"Jalgaon, Maharashtra",21.032295,75.518817,1.432751274976841,0.8192488513122502,Low,6,19571.79333333333,785,03-Oct-2025 13:55,"Complaint received on 03-Oct-2025 13:55 from 0, 0, 3. Fraud type: 3, Bank: 1."
966,BoB ATM - Chowk,"Jalgaon, Maharashtra",21.036966,75.513002,1.432751274976841,0.8192488513122502,Low,7,19598.414285714283,786,03-Oct-2025 13:55,"Complaint received on 03-Oct-2025 13:55 from 0, 0, 3. Fraud type: 3, Bank: 1."
418,BoB ATM - Chowk,"Pune, Maharashtra",18.705701,74.065505,1.4313195680704993,0.8188815891375656,Low,4,36695.4875,787,03-Oct-2025 13:55,"Complaint received on 03-Oct-2025 13:55 from 0, 0, 3. Fraud type: 3, Bank: 1."
720,PNB ATM - Railway Station,"Ahmednagar, Maharashtra",19.026566,74.800364,1.4304258029058567,0.818652320048641,Low,9,19339.245555555557,788,03-Oct-2025 13:55,"Complaint received on 03-Oct-2025 13:55 from 0, 0, 3. Fraud type: 3, Bank: 1."
727,SBI ATM - Market,"Ahmednagar, Maharashtra",19.173566,74.844637,1.4304258029058567,0.818652320048641,Low,8,19415.65625,789,03-Oct-2025 13:55,"Complaint received on 03-Oct-2025 13:55 from 0, 0, 3. Fraud type: 3, Bank: 1."
144,SBI ATM - Bus Stand,"Thane, Maharashtra",19.243719,72.895276,1.430390452386937,0.8186432519157731,Low,5,26271.176,790,03-Oct-2025 13:55,"Complaint received on 03-Oct-2025 13:55 from 0, 0, 3. Fraud type: 3, Bank: 1."
1344,SBI ATM - Signal,"Parbhani, Maharashtra",19.331404,76.713109,1.4301779663308827,0.8185887448859537,Low,6,26757.38333333333,791,03-Oct-2025 13:55,"Complaint received on 03-Oct-2025 13:55 from 0, 0, 3. Fraud type: 3, Bank: 1."
829,Axis ATM - Bus Stand,"Dhule, Maharashtra",20.905232,74.983406,1.4296474772049843,0.818452663548942,Low,9,38816.125555555554,792,03-Oct-2025 13:55,"Complaint received on 03-Oct-2025 13:55 from 0, 0, 3. Fraud type: 3, Bank: 1."
818,PNB ATM - Signal,"Dhule, Maharashtra",20.948448,74.777097,1.4289442966834305,0.818272283328383,Low,6,68915.07333333333,793,03-Oct-2025 13:55,"Complaint received on 03-Oct-2025 13:55 from 0, 0, 3. Fraud type: 3, Bank: 1."
161,BoB ATM - Signal,"Thane, Maharashtra",19.284894,73.045401,1.4286004094027673,0.8181840691904311,Low,3,12384.713333333331,794,03-Oct-2025 13:55,"Complaint received on 03-Oct-2025 13:55 from 0, 0, 3. Fraud type: 3, Bank: 1."
729,PNB ATM - Railway Station,"Ahmednagar, Maharashtra",19.017735,74.786253,1.4281828741565088,0.8180769628393553,Low,2,32395.02,795,03-Oct-2025 13:55,"Complaint received on 03-Oct-2025 13:55 from 0, 0, 3. Fraud type: 3, Bank: 1."
1331,ICICI ATM - Railway Station,"Nanded, Maharashtra",19.165222,77.386977,1.4281231312374416,0.8180616375557505,Low,7,42461.30142857142,796,03-Oct-2025 13:55,"Complaint received on 03-Oct-2025 13:55 from 0, 0, 3. Fraud type: 3, Bank: 1."
712,BoB ATM - Railway Station,"Ahmednagar, Maharashtra",19.157861,74.518708,1.4279434568983307,0.8180155474040409,Low,6,63063.993333333325,797,03-Oct-2025 13:55,"Complaint received on 03-Oct-2025 13:55 from 0, 0, 3. Fraud type: 3, Bank: 1."
126,BoB ATM - Chowk,"Thane, Maharashtra",18.821048,72.847073,1.4276776229601587,0.8179473555487068,Low,5,8779.484,798,03-Oct-2025 13:55,"Complaint received on 03-Oct-2025 13:55 from 0, 0, 3. Fraud type: 3, Bank: 1."
116,BoB ATM - Market,"Thane, Maharashtra",19.34958,72.971228,1.4273826726482988,0.8178716947465708,Low,6,14028.636666666667,799,03-Oct-2025 13:55,"Complaint received on 03-Oct-2025 13:55 from 0, 0, 3. Fraud type: 3, Bank: 1."
529,BoB ATM - Bus Stand,"Sangli, Maharashtra",16.857643,74.636299,1.4271134879895861,0.8178026433627208,Low,6,95625.84833333331,800,03-Oct-2025 13:55,"Complaint received on 03-Oct-2025 13:55 from 0, 0, 3. Fraud type: 3, Bank: 1."
579,ICICI ATM - Signal,"Kolhapur, Maharashtra",16.686653,74.131531,1.4266991512925082,0.8176963575050871,Low,5,6747.762,801,03-Oct-2025 13:55,"Complaint received on 03-Oct-2025 13:55 from 0, 0, 3. Fraud type: 3, Bank: 1."
64,ICICI ATM - Signal,"Mumbai Suburban, Maharashtra",18.93392,72.888228,1.4259377824076551,0.8175010507763497,Low,5,18200.736,802,03-Oct-2025 13:55,"Complaint received on 03-Oct-2025 13:55 from 0, 0, 3. Fraud type: 3, Bank: 1."
477,BoB ATM - Main Road,"Satara, Maharashtra",17.887305,74.052359,1.4255910803995815,0.8174121146031088,Low,6,39422.53,803,03-Oct-2025 13:55,"Complaint received on 03-Oct-2025 13:55 from 0, 0, 3. Fraud type: 3, Bank: 1."
597,SBI ATM - Signal,"Kolhapur, Maharashtra",16.479655,74.300959,1.4239727669700184,0.8169969840293652,Low,4,18266.4675,804,03-Oct-2025 13:55,"Complaint received on 03-Oct-2025 13:55 from 0, 0, 3. Fraud type: 3, Bank: 1."
769,SBI ATM - Main Road,"Nashik, Maharashtra",19.949827,73.741562,1.423180162199112,0.8167936646554491,Low,4,28445.4125,805,03-Oct-2025 13:55,"Complaint received on 03-Oct-2025 13:55 from 0, 0, 3. Fraud type: 3, Bank: 1."
1095,Axis ATM - Chowk,"Jalna, Maharashtra",19.684659,75.967692,1.4229406942840332,0.8167322362256012,Low,6,41557.965,806,03-Oct-2025 13:55,"Complaint received on 03-Oct-2025 13:55 from 0, 0, 3. Fraud type: 3, Bank: 1."
133,PNB ATM - Signal,"Thane, Maharashtra",19.11094,72.931434,1.4228500931911454,0.8167089951877495,Low,5,5864.433999999999,807,03-Oct-2025 13:55,"Complaint received on 03-Oct-2025 13:55 from 0, 0, 3. Fraud type: 3, Bank: 1."
609,HDFC ATM - Market,"Kolhapur, Maharashtra",16.572186,74.203373,1.4227725791597743,0.8166891112494911,Low,5,10616.266,808,03-Oct-2025 13:55,"Complaint received on 03-Oct-2025 13:55 from 0, 0, 3. Fraud type: 3, Bank: 1."
958,ICICI ATM - Signal,"Jalgaon, Maharashtra",21.24889,75.449674,1.4226751320740678,0.8166641140741232,Low,10,19165.869,809,03-Oct-2025 13:55,"Complaint received on 03-Oct-2025 13:55 from 0, 0, 3. Fraud type: 3, Bank: 1."
456,HDFC ATM - Signal,"Pune, Maharashtra",18.443514,73.992682,1.422659850423539,0.8166601940174544,Low,4,41810.2575,810,03-Oct-2025 13:55,"Complaint received on 03-Oct-2025 13:55 from 0, 0, 3. Fraud type: 3, Bank: 1."
464,BoB ATM - Bus Stand,"Satara, Maharashtra",17.675181,73.828307,1.4220972818161466,0.816515883635738,Low,1,7419.45,811,03-Oct-2025 13:55,"Complaint received on 03-Oct-2025 13:55 from 0, 0, 3. Fraud type: 3, Bank: 1."
1244,Axis ATM - Main Road,"Latur, Maharashtra",18.24169,76.545642,1.4216948212629958,0.8164126442525094,Low,5,19653.82,812,03-Oct-2025 13:55,"Complaint received on 03-Oct-2025 13:55 from 0, 0, 3. Fraud type: 3, Bank: 1."
892,PNB ATM - Market,"Nandurbar, Maharashtra",21.953466,74.227621,1.4212736297994062,0.8163046000067274,Low,6,28236.735,813,03-Oct-2025 13:55,"Complaint received on 03-Oct-2025 13:55 from 0, 0, 3. Fraud type: 3, Bank: 1."
852,BoB ATM - Railway Station,"Dhule, Maharashtra",20.985134,74.727742,1.4208080395905105,0.8161851665725004,Low,8,18934.3675,814,03-Oct-2025 13:55,"Complaint received on 03-Oct-2025 13:55 from 0, 0, 3. Fraud type: 3, Bank: 1."
1524,Axis ATM - Market,"Akola, Maharashtra",20.608378,77.149954,1.4205581830082965,0.8161210732365414,Low,10,47425.418,815,03-Oct-2025 13:55,"Complaint received on 03-Oct-2025 13:55 from 0, 0, 3. Fraud type: 3, Bank: 1."
947,BoB ATM - Signal,"Jalgaon, Maharashtra",21.071227,75.207153,1.4203085451015331,0.8160570359953186,Low,4,18514.6675,816,03-Oct-2025 13:55,"Complaint received on 03-Oct-2025 13:55 from 0, 0, 3. Fraud type: 3, Bank: 1."
1608,Axis ATM - Railway Station,"Washim, Maharashtra",20.001446,77.280731,1.4198075862798516,0.815928529786776,Low,5,26758.276,817,03-Oct-2025 13:55,"Complaint received on 03-Oct-2025 13:55 from 0, 0, 3. Fraud type: 3, Bank: 1."
1947,PNB ATM - Railway Station,"Gondia, Maharashtra",21.516378,80.134216,1.4180873599968882,0.8154872564766926,Low,9,41794.57555555555,818,03-Oct-2025 13:55,"Complaint received on 03-Oct-2025 13:55 from 0, 0, 3. Fraud type: 3, Bank: 1."
1398,PNB ATM - Market,"Hingoli, Maharashtra",19.621058,77.076969,1.417759609898158,0.815403181856755,Low,5,58461.94,819,03-Oct-2025 13:55,"Complaint received on 03-Oct-2025 13:55 from 0, 0, 3. Fraud type: 3, Bank: 1."
1529,Axis ATM - Railway Station,"Akola, Maharashtra",20.616376,77.159669,1.4174656363595266,0.815327771616978,Low,8,29696.1225,820,03-Oct-2025 13:55,"Complaint received on 03-Oct-2025 13:55 from 0, 0, 3. Fraud type: 3, Bank: 1."
1597,PNB ATM - Signal,"Washim, Maharashtra",20.311167,77.026539,1.417200655693053,0.8152597986433286,Low,8,13636.4175,821,03-Oct-2025 13:55,"Complaint received on 03-Oct-2025 13:55 from 0, 0, 3. Fraud type: 3, Bank: 1."
1446,HDFC ATM - Signal,"Buldhana, Maharashtra",20.480629,76.318468,1.4163659643262128,0.8150456831946861,Low,7,49540.404285714285,822,03-Oct-2025 13:55,"Complaint received on 03-Oct-2025 13:55 from 0, 0, 3. Fraud type: 3, Bank: 1."
1058,PNB ATM - Market,"Jalna, Maharashtra",19.722146,75.720362,1.4159880505857492,0.8149487405721764,Low,7,40913.91285714286,823,03-Oct-2025 13:55,"Complaint received on 03-Oct-2025 13:55 from 0, 0, 3. Fraud type: 3, Bank: 1."
1610,SBI ATM - Market,"Washim, Maharashtra",20.150626,77.027449,1.4159829189385844,0.8149474241994683,Low,5,14458.13,824,03-Oct-2025 13:55,"Complaint received on 03-Oct-2025 13:55 from 0, 0, 3. Fraud type: 3, Bank: 1."
159,BoB ATM - Signal,"Thane, Maharashtra",19.223622,73.049456,1.4158433158975907,0.8149116131572776,Low,7,30337.15142857143,825,03-Oct-2025 13:55,"Complaint received on 03-Oct-2025 13:55 from 0, 0, 3. Fraud type: 3, Bank: 1."
1097,Axis ATM - Signal,"Jalna, Maharashtra",19.729783,76.130745,1.4148749255680486,0.8146632011835727,Low,4,19909.0725,826,03-Oct-2025 13:55,"Complaint received on 03-Oct-2025 13:55 from 0, 0, 3. Fraud type: 3, Bank: 1."
509,HDFC ATM - Railway Station,"Satara, Maharashtra",17.857185,74.165611,1.4138816103270073,0.8144083954590516,Low,6,16417.033333333333,827,03-Oct-2025 13:55,"Complaint received on 03-Oct-2025 13:55 from 0, 0, 3. Fraud type: 3, Bank: 1."
1488,Axis ATM - Signal,"Buldhana, Maharashtra",20.554279,76.375823,1.4131878134322748,0.8142304223311578,Low,7,33889.577142857146,828,03-Oct-2025 13:55,"Complaint received on 03-Oct-2025 13:55 from 0, 0, 3. Fraud type: 3, Bank: 1."
1588,PNB ATM - Railway Station,"Washim, Maharashtra",20.034672,77.105435,1.4126393440216973,0.8140897286824896,Low,4,13068.67,829,03-Oct-2025 13:55,"Complaint received on 03-Oct-2025 13:55 from 0, 0, 3. Fraud type: 3, Bank: 1."
438,ICICI ATM - Main Road,"Pune, Maharashtra",18.514064,73.930978,1.4125247372930112,0.8140603297068864,Low,5,13566.444,830,03-Oct-2025 13:55,"Complaint received on 03-Oct-2025 13:55 from 0, 0, 3. Fraud type: 3, Bank: 1."
342,Axis ATM - Market,"Ratnagiri, Maharashtra",17.094353,73.472677,1.4108087646038896,0.8136201475308315,Low,1,11653.98,831,03-Oct-2025 13:55,"Complaint received on 03-Oct-2025 13:55 from 0, 0, 3. Fraud type: 3, Bank: 1."
979,BoB ATM - Market,"Jalgaon, Maharashtra",20.891312,75.481548,1.4106930005277039,0.8135904516718663,Low,5,16845.172,832,03-Oct-2025 13:55,"Complaint received on 03-Oct-2025 13:55 from 0, 0, 3. Fraud type: 3, Bank: 1."
960,BoB ATM - Bus Stand,"Jalgaon, Maharashtra",21.045252,75.556488,1.410607170632927,0.8135684345441503,Low,6,17624.493333333332,833,03-Oct-2025 13:55,"Complaint received on 03-Oct-2025 13:55 from 0, 0, 3. Fraud type: 3, Bank: 1."
837,ICICI ATM - Main Road,"Dhule, Maharashtra",20.731242,74.770027,1.4096805633160887,0.8133307407698497,Low,2,14641.44,834,03-Oct-2025 13:55,"Complaint received on 03-Oct-2025 13:55 from 0, 0, 3. Fraud type: 3, Bank: 1."
978,SBI ATM - Railway Station,"Jalgaon, Maharashtra",21.087011,75.621941,1.4093184050674208,0.8132378397540087,Low,3,29627.656666666662,835,03-Oct-2025 13:55,"Complaint received on 03-Oct-2025 13:55 from 0, 0, 3. Fraud type: 3, Bank: 1."
807,HDFC ATM - Main Road,"Nashik, Maharashtra",20.090874,73.855608,1.4085793011632812,0.8130482444493063,Low,7,26362.602857142854,836,03-Oct-2025 13:55,"Complaint received on 03-Oct-2025 13:55 from 0, 0, 3. Fraud type: 3, Bank: 1."
223,ICICI ATM - Bus Stand,"Palghar, Maharashtra",19.558009,72.515292,1.408505770040916,0.8130293822088664,Low,3,26282.366666666665,837,03-Oct-2025 13:55,"Complaint received on 03-Oct-2025 13:55 from 0, 0, 3. Fraud type: 3, Bank: 1."
596,PNB ATM - Market,"Kolhapur, Maharashtra",16.705257,74.22236,1.4083023133288963,0.8129771913909138,Low,4,29942.9175,838,03-Oct-2025 13:55,"Complaint received on 03-Oct-2025 13:55 from 0, 0, 3. Fraud type: 3, Bank: 1."
1685,BoB ATM - Bus Stand,"Yavatmal, Maharashtra",20.505006,78.136199,1.4072847625696763,0.8127161687590974,Low,5,19423.808,839,03-Oct-2025 13:55,"Complaint received on 03-Oct-2025 13:55 from 0, 0, 3. Fraud type: 3, Bank: 1."
1252,ICICI ATM - Chowk,"Latur, Maharashtra",18.456836,76.458834,1.4065924277046853,0.8125385706718071,Low,6,20610.181666666667,840,03-Oct-2025 13:55,"Complaint received on 03-Oct-2025 13:55 from 0, 0, 3. Fraud type: 3, Bank: 1."
587,BoB ATM - Market,"Kolhapur, Maharashtra",16.550736,74.156851,1.4064716946233091,0.8125076001611348,Low,5,25238.414,841,03-Oct-2025 13:55,"Complaint received on 03-Oct-2025 13:55 from 0, 0, 3. Fraud type: 3, Bank: 1."
1607,PNB ATM - Main Road,"Washim, Maharashtra",20.154114,77.157771,1.4062548826890782,0.8124519834548728,Low,6,18207.265,842,03-Oct-2025 13:55,"Complaint received on 03-Oct-2025 13:55 from 0, 0, 3. Fraud type: 3, Bank: 1."
83,SBI ATM - Signal,"Mumbai Suburban, Maharashtra",19.110748,72.920938,1.4054345163447688,0.8122415426682044,Low,4,42224.47,843,03-Oct-2025 13:55,"Complaint received on 03-Oct-2025 13:55 from 0, 0, 3. Fraud type: 3, Bank: 1."
2097,HDFC ATM - Main Road,"Gondia, Maharashtra",21.828247,80.065181,1.4049267906006806,0.8121113006053274,Low,5,24728.966,844,03-Oct-2025 13:55,"Complaint received on 03-Oct-2025 13:55 from 0, 0, 3. Fraud type: 3, Bank: 1."
916,BoB ATM - Railway Station,"Nandurbar, Maharashtra",21.794643,74.151239,1.4047248101636463,0.8120594884821755,Low,7,18465.92142857143,845,03-Oct-2025 13:55,"Complaint received on 03-Oct-2025 13:55 from 0, 0, 3. Fraud type: 3, Bank: 1."
1918,PNB ATM - Chowk,"Gondia, Maharashtra",21.647205,80.243278,1.4044009521216658,0.81197641225459,Low,6,37633.215,846,03-Oct-2025 13:55,"Complaint received on 03-Oct-2025 13:55 from 0, 0, 3. Fraud type: 3, Bank: 1."
1160,PNB ATM - Railway Station,"Osmanabad, Maharashtra",18.246177,76.070871,1.4039079866801982,0.8118499565119546,Low,7,24866.307142857146,847,03-Oct-2025 13:55,"Complaint received on 03-Oct-2025 13:55 from 0, 0, 3. Fraud type: 3, Bank: 1."
1419,BoB ATM - Market,"Hingoli, Maharashtra",19.613291,77.264636,1.402408551442872,0.8114653206317894,Low,6,60132.855,848,03-Oct-2025 13:55,"Complaint received on 03-Oct-2025 13:55 from 0, 0, 3. Fraud type: 3, Bank: 1."
2153,Axis ATM - Bus Stand,"Kolhapur, Maharashtra",16.746629,74.53916,1.4023282535441528,0.8114447225744809,Low,1,7808.6,849,03-Oct-2025 13:55,"Complaint received on 03-Oct-2025 13:55 from 0, 0, 3. Fraud type: 3, Bank: 1."
1506,BoB ATM - Railway Station,"Akola, Maharashtra",20.736675,77.153464,1.4014289384528225,0.8112140298155749,Low,8,23345.43875,850,03-Oct-2025 13:55,"Complaint received on 03-Oct-2025 13:55 from 0, 0, 3. Fraud type: 3, Bank: 1."
1106,HDFC ATM - Bus Stand,"Beed, Maharashtra",19.073859,75.810517,1.4012377624849992,0.8111649892602913,Low,10,29678.408,851,03-Oct-2025 13:55,"Complaint received on 03-Oct-2025 13:55 from 0, 0, 3. Fraud type: 3, Bank: 1."
1184,HDFC ATM - Chowk,"Osmanabad, Maharashtra",18.277368,75.892208,1.4003928931820813,0.8109482629623742,Low,5,12942.468,852,03-Oct-2025 13:55,"Complaint received on 03-Oct-2025 13:55 from 0, 0, 3. Fraud type: 3, Bank: 1."
713,BoB ATM - Railway Station,"Ahmednagar, Maharashtra",19.183403,74.663858,1.4002660008719825,0.8109157124832563,Low,6,13565.681666666664,853,03-Oct-2025 13:55,"Complaint received on 03-Oct-2025 13:55 from 0, 0, 3. Fraud type: 3, Bank: 1."
716,Axis ATM - Chowk,"Ahmednagar, Maharashtra",18.984642,74.630774,1.4002660008719825,0.8109157124832563,Low,4,12113.555,854,03-Oct-2025 13:55,"Complaint received on 03-Oct-2025 13:55 from 0, 0, 3. Fraud type: 3, Bank: 1."
123,SBI ATM - Bus Stand,"Thane, Maharashtra",19.291834,72.932768,1.4001658606239706,0.8108900244565413,Low,2,9132.775,855,03-Oct-2025 13:55,"Complaint received on 03-Oct-2025 13:55 from 0, 0, 3. Fraud type: 3, Bank: 1."
804,Axis ATM - Market,"Nashik, Maharashtra",19.796184,73.929769,1.399326580315637,0.810674731850322,Low,2,16404.690000000002,856,03-Oct-2025 13:55,"Complaint received on 03-Oct-2025 13:55 from 0, 0, 3. Fraud type: 3, Bank: 1."
1696,Axis ATM - Signal,"Yavatmal, Maharashtra",20.326225,77.941857,1.3993085412402895,0.8106701044576538,Low,6,55940.43333333333,857,03-Oct-2025 13:55,"Complaint received on 03-Oct-2025 13:55 from 0, 0, 3. Fraud type: 3, Bank: 1."
1540,PNB ATM - Bus Stand,"Akola, Maharashtra",20.798275,77.213816,1.399160017962275,0.8106320051917822,Low,5,26037.428,858,03-Oct-2025 13:55,"Complaint received on 03-Oct-2025 13:55 from 0, 0, 3. Fraud type: 3, Bank: 1."
662,Axis ATM - Main Road,"Solapur, Maharashtra",17.373529,76.032118,1.3985606675051148,0.8104782595114898,Low,5,26060.828,859,03-Oct-2025 13:55,"Complaint received on 03-Oct-2025 13:55 from 0, 0, 3. Fraud type: 3, Bank: 1."
953,HDFC ATM - Signal,"Jalgaon, Maharashtra",20.90491,75.523045,1.3983529701463457,0.8104249808807031,Low,5,54644.074,860,03-Oct-2025 13:55,"Complaint received on 03-Oct-2025 13:55 from 0, 0, 3. Fraud type: 3, Bank: 1."
793,BoB ATM - Main Road,"Nashik, Maharashtra",20.100307,73.709823,1.3983402304595989,0.8104217128898603,Low,6,38423.02333333333,861,03-Oct-2025 13:55,"Complaint received on 03-Oct-2025 13:55 from 0, 0, 3. Fraud type: 3, Bank: 1."
473,SBI ATM - Signal,"Satara, Maharashtra",17.758279,73.810833,1.3982775534418679,0.8104056349497927,Low,6,8415.023333333333,862,03-Oct-2025 13:55,"Complaint received on 03-Oct-2025 13:55 from 0, 0, 3. Fraud type: 3, Bank: 1."
1062,Axis ATM - Signal,"Jalna, Maharashtra",19.93588,75.825749,1.3974064146819312,0.8101821699975673,Low,6,5313.64,863,03-Oct-2025 13:55,"Complaint received on 03-Oct-2025 13:55 from 0, 0, 3. Fraud type: 3, Bank: 1."
949,ICICI ATM - Railway Station,"Jalgaon, Maharashtra",20.762484,75.649749,1.3966207330001696,0.809980626537956,Low,10,37642.25,864,03-Oct-2025 13:55,"Complaint received on 03-Oct-2025 13:55 from 0, 0, 3. Fraud type: 3, Bank: 1."
940,HDFC ATM - Railway Station,"Jalgaon, Maharashtra",20.637659,75.582062,1.39642704362944,0.8099309412432966,Low,11,41557.95181818181,865,03-Oct-2025 13:55,"Complaint received on 03-Oct-2025 13:55 from 0, 0, 3. Fraud type: 3, Bank: 1."
1759,HDFC ATM - Market,"Nagpur, Maharashtra",21.002838,79.178419,1.3964258551366298,0.809930636370524,Low,10,17439.989,866,03-Oct-2025 13:55,"Complaint received on 03-Oct-2025 13:55 from 0, 0, 3. Fraud type: 3, Bank: 1."
1866,SBI ATM - Main Road,"Chandrapur, Maharashtra",19.987166,79.401953,1.3963479452048757,0.8099106508757005,Low,9,17188.92222222222,867,03-Oct-2025 13:55,"Complaint received on 03-Oct-2025 13:55 from 0, 0, 3. Fraud type: 3, Bank: 1."
6,HDFC ATM - Signal,"Mumbai City, Maharashtra",18.965064,72.58484,1.395791360240241,0.8097678754210295,Low,4,25412.665,868,03-Oct-2025 13:55,"Complaint received on 03-Oct-2025 13:55 from 0, 0, 3. Fraud type: 3, Bank: 1."
636,Axis ATM - Railway Station,"Solapur, Maharashtra",17.502531,75.942003,1.3957491484504705,0.8097570472315169,Low,6,38665.941666666666,869,03-Oct-2025 13:55,"Complaint received on 03-Oct-2025 13:55 from 0, 0, 3. Fraud type: 3, Bank: 1."
680,SBI ATM - Railway Station,"Solapur, Maharashtra",17.836209,76.107381,1.3955657798221013,0.8097100094188713,Low,7,28875.06857142857,870,03-Oct-2025 13:55,"Complaint received on 03-Oct-2025 13:55 from 0, 0, 3. Fraud type: 3, Bank: 1."
1558,ICICI ATM - Market,"Akola, Maharashtra",20.874464,77.083424,1.3949550130820592,0.8095533352279601,Low,8,20888.1325,871,03-Oct-2025 13:55,"Complaint received on 03-Oct-2025 13:55 from 0, 0, 3. Fraud type: 3, Bank: 1."
467,SBI ATM - Main Road,"Satara, Maharashtra",17.679568,73.860996,1.3929995771621375,0.8090517258236711,Low,4,41203.105,872,03-Oct-2025 13:55,"Complaint received on 03-Oct-2025 13:55 from 0, 0, 3. Fraud type: 3, Bank: 1."
973,ICICI ATM - Main Road,"Jalgaon, Maharashtra",20.944163,75.547286,1.3929305425734169,0.8090340170363,Low,5,39017.698,873,03-Oct-2025 13:55,"Complaint received on 03-Oct-2025 13:55 from 0, 0, 3. Fraud type: 3, Bank: 1."
550,HDFC ATM - Railway Station,"Sangli, Maharashtra",16.783325,74.411229,1.3928986083111232,0.8090258252432977,Low,3,11064.510000000002,874,03-Oct-2025 13:55,"Complaint received on 03-Oct-2025 13:55 from 0, 0, 3. Fraud type: 3, Bank: 1."
814,HDFC ATM - Market,"Dhule, Maharashtra",20.825282,74.803353,1.39061341898906,0.8084396273306736,Low,7,19775.77142857143,875,03-Oct-2025 13:55,"Complaint received on 03-Oct-2025 13:55 from 0, 0, 3. Fraud type: 3, Bank: 1."
775,PNB ATM - Chowk,"Nashik, Maharashtra",19.967543,73.908288,1.3905628214992503,0.8084266480371752,Low,5,27876.460000000003,876,03-Oct-2025 13:55,"Complaint received on 03-Oct-2025 13:55 from 0, 0, 3. Fraud type: 3, Bank: 1."
941,PNB ATM - Main Road,"Jalgaon, Maharashtra",20.696365,75.525679,1.3899532696460555,0.8082702854896484,Low,5,13424.184,877,03-Oct-2025 13:55,"Complaint received on 03-Oct-2025 13:55 from 0, 0, 3. Fraud type: 3, Bank: 1."
41,BoB ATM - Main Road,"Mumbai City, Maharashtra",18.876429,72.881592,1.3899057845729479,0.8082581045948457,Low,7,46851.17,878,03-Oct-2025 13:55,"Complaint received on 03-Oct-2025 13:55 from 0, 0, 3. Fraud type: 3, Bank: 1."
695,Axis ATM - Chowk,"Ahmednagar, Maharashtra",19.116962,74.841911,1.3898199456294233,0.8082360851459404,Low,6,26311.726666666666,879,03-Oct-2025 13:55,"Complaint received on 03-Oct-2025 13:55 from 0, 0, 3. Fraud type: 3, Bank: 1."
1171,SBI ATM - Market,"Osmanabad, Maharashtra",18.190307,75.763684,1.3896086035075101,0.8081818715586814,Low,5,16365.232,880,03-Oct-2025 13:55,"Complaint received on 03-Oct-2025 13:55 from 0, 0, 3. Fraud type: 3, Bank: 1."
968,SBI ATM - Market,"Jalgaon, Maharashtra",21.079109,75.672508,1.3894537751570777,0.8081421549124664,Low,6,12285.386666666667,881,03-Oct-2025 13:55,"Complaint received on 03-Oct-2025 13:55 from 0, 0, 3. Fraud type: 3, Bank: 1."
1708,ICICI ATM - Market,"Yavatmal, Maharashtra",20.641501,78.321333,1.38934483446501,0.8081142093914221,Low,6,24420.153333333332,882,03-Oct-2025 13:55,"Complaint received on 03-Oct-2025 13:55 from 0, 0, 3. Fraud type: 3, Bank: 1."
865,SBI ATM - Chowk,"Dhule, Maharashtra",20.758515,74.922522,1.3887519960222279,0.8079621341763287,Low,4,23025.29,883,03-Oct-2025 13:55,"Complaint received on 03-Oct-2025 13:55 from 0, 0, 3. Fraud type: 3, Bank: 1."
631,HDFC ATM - Market,"Kolhapur, Maharashtra",16.613791,74.347391,1.3885756638638258,0.8079169013624932,Low,10,24733.991,884,03-Oct-2025 13:55,"Complaint received on 03-Oct-2025 13:55 from 0, 0, 3. Fraud type: 3, Bank: 1."
891,ICICI ATM - Railway Station,"Nandurbar, Maharashtra",21.844986,74.147986,1.388484444236045,0.8078935016577601,Low,11,19220.18727272727,885,03-Oct-2025 13:55,"Complaint received on 03-Oct-2025 13:55 from 0, 0, 3. Fraud type: 3, Bank: 1."
546,BoB ATM - Chowk,"Sangli, Maharashtra",16.693251,74.372552,1.3881792129600699,0.8078152035775455,Low,5,15564.858000000002,886,03-Oct-2025 13:55,"Complaint received on 03-Oct-2025 13:55 from 0, 0, 3. Fraud type: 3, Bank: 1."
90,PNB ATM - Market,"Mumbai Suburban, Maharashtra",19.009669,73.065992,1.387252391673149,0.8075774549155318,Low,10,25570.976,887,03-Oct-2025 13:55,"Complaint received on 03-Oct-2025 13:55 from 0, 0, 3. Fraud type: 3, Bank: 1."
454,ICICI ATM - Chowk,"Pune, Maharashtra",18.420117,73.90657,1.3866733072983377,0.8074289079008622,Low,10,35868.228,888,03-Oct-2025 13:55,"Complaint received on 03-Oct-2025 13:55 from 0, 0, 3. Fraud type: 3, Bank: 1."
526,SBI ATM - Main Road,"Sangli, Maharashtra",16.560071,74.844913,1.3864609030840584,0.807374421865136,Low,7,37218.502857142856,889,03-Oct-2025 13:55,"Complaint received on 03-Oct-2025 13:55 from 0, 0, 3. Fraud type: 3, Bank: 1."
520,BoB ATM - Market,"Sangli, Maharashtra",16.896316,74.479487,1.3862052510914118,0.8073088418875819,Low,8,23903.54125,890,03-Oct-2025 13:55,"Complaint received on 03-Oct-2025 13:55 from 0, 0, 3. Fraud type: 3, Bank: 1."
183,SBI ATM - Railway Station,"Palghar, Maharashtra",19.616033,72.785678,1.3861723146978717,0.8073003930273689,Low,6,39855.36,891,03-Oct-2025 13:55,"Complaint received on 03-Oct-2025 13:55 from 0, 0, 3. Fraud type: 3, Bank: 1."
1962,SBI ATM - Railway Station,"Gondia, Maharashtra",21.377013,80.243574,1.3860378240317415,0.8072658934141457,Low,1,16323.93,892,03-Oct-2025 13:55,"Complaint received on 03-Oct-2025 13:55 from 0, 0, 3. Fraud type: 3, Bank: 1."
522,Axis ATM - Signal,"Sangli, Maharashtra",17.051341,74.468365,1.3858692071936416,0.8072226397381491,Low,6,16970.743333333332,893,03-Oct-2025 13:55,"Complaint received on 03-Oct-2025 13:55 from 0, 0, 3. Fraud type: 3, Bank: 1."
904,Axis ATM - Market,"Nandurbar, Maharashtra",21.662848,74.170887,1.3858538899055506,0.807218710539715,Low,3,29577.996666666662,894,03-Oct-2025 13:55,"Complaint received on 03-Oct-2025 13:55 from 0, 0, 3. Fraud type: 3, Bank: 1."
487,PNB ATM - Railway Station,"Satara, Maharashtra",17.623876,74.04158,1.3854559266537068,0.8071166248064763,Low,5,13148.222,895,03-Oct-2025 13:55,"Complaint received on 03-Oct-2025 13:55 from 0, 0, 3. Fraud type: 3, Bank: 1."
474,PNB ATM - Signal,"Satara, Maharashtra",17.524638,74.139299,1.384956432164729,0.8069884942292944,Low,8,13044.385,896,03-Oct-2025 13:55,"Complaint received on 03-Oct-2025 13:55 from 0, 0, 3. Fraud type: 3, Bank: 1."
486,SBI ATM - Market,"Satara, Maharashtra",17.727907,74.077664,1.3842381898992382,0.8068042503626159,Low,6,14062.273333333333,897,03-Oct-2025 13:55,"Complaint received on 03-Oct-2025 13:55 from 0, 0, 3. Fraud type: 3, Bank: 1."
779,ICICI ATM - Chowk,"Nashik, Maharashtra",20.183845,73.751322,1.3836929013962045,0.8066643726819485,Low,7,35579.41,898,03-Oct-2025 13:55,"Complaint received on 03-Oct-2025 13:55 from 0, 0, 3. Fraud type: 3, Bank: 1."
1199,Axis ATM - Chowk,"Osmanabad, Maharashtra",18.178339,75.947233,1.3821392085838697,0.8062658186213917,Low,6,38910.26,899,03-Oct-2025 13:55,"Complaint received on 03-Oct-2025 13:55 from 0, 0, 3. Fraud type: 3, Bank: 1."
148,Axis ATM - Signal,"Thane, Maharashtra",19.089278,72.824297,1.3818292851819451,0.8061863169146719,Low,7,13764.332857142856,900,03-Oct-2025 13:55,"Complaint received on 03-Oct-2025 13:55 from 0, 0, 3. Fraud type: 3, Bank: 1."
715,ICICI ATM - Bus Stand,"Ahmednagar, Maharashtra",19.023777,75.036984,1.3811740218131494,0.8060182284262049,Low,7,51819.22857142857,901,03-Oct-2025 13:55,"Complaint received on 03-Oct-2025 13:55 from 0, 0, 3. Fraud type: 3, Bank: 1."
707,HDFC ATM - Chowk,"Ahmednagar, Maharashtra",19.031338,74.595646,1.380709737152054,0.8058991298917553,Low,6,35331.46,902,03-Oct-2025 13:55,"Complaint received on 03-Oct-2025 13:55 from 0, 0, 3. Fraud type: 3, Bank: 1."
1604,HDFC ATM - Signal,"Washim, Maharashtra",20.263236,77.180563,1.3802920655534896,0.8057919885635174,Low,5,12135.816,903,03-Oct-2025 13:55,"Complaint received on 03-Oct-2025 13:55 from 0, 0, 3. Fraud type: 3, Bank: 1."
1468,ICICI ATM - Chowk,"Buldhana, Maharashtra",20.596786,76.019742,1.3791266098566157,0.8054930252828092,Low,6,18846.83333333333,904,03-Oct-2025 13:55,"Complaint received on 03-Oct-2025 13:55 from 0, 0, 3. Fraud type: 3, Bank: 1."
1948,HDFC ATM - Signal,"Gondia, Maharashtra",21.474571,80.291905,1.3788395505660187,0.8054193886894108,Low,5,24323.704,905,03-Oct-2025 13:55,"Complaint received on 03-Oct-2025 13:55 from 0, 0, 3. Fraud type: 3, Bank: 1."
917,PNB ATM - Bus Stand,"Nandurbar, Maharashtra",21.748169,74.122262,1.3787178901403805,0.8053881802959225,Low,6,27285.65833333333,906,03-Oct-2025 13:55,"Complaint received on 03-Oct-2025 13:55 from 0, 0, 3. Fraud type: 3, Bank: 1."
1127,HDFC ATM - Chowk,"Beed, Maharashtra",18.934271,75.815447,1.378003780694157,0.8052049965821183,Low,3,11396.093333333332,907,03-Oct-2025 13:55,"Complaint received on 03-Oct-2025 13:55 from 0, 0, 3. Fraud type: 3, Bank: 1."
569,Axis ATM - Railway Station,"Sangli, Maharashtra",17.056012,74.432439,1.376481527659127,0.804814507469026,Low,1,6054.6,908,03-Oct-2025 13:55,"Complaint received on 03-Oct-2025 13:55 from 0, 0, 3. Fraud type: 3, Bank: 1."
1374,HDFC ATM - Bus Stand,"Parbhani, Maharashtra",19.187055,76.715305,1.3757285838048967,0.8046213619333756,Low,6,23428.255,909,03-Oct-2025 13:55,"Complaint received on 03-Oct-2025 13:55 from 0, 0, 3. Fraud type: 3, Bank: 1."
1526,SBI ATM - Chowk,"Akola, Maharashtra",20.566385,77.107244,1.3744358283086031,0.8042897436441844,Low,8,23548.92,910,03-Oct-2025 13:55,"Complaint received on 03-Oct-2025 13:55 from 0, 0, 3. Fraud type: 3, Bank: 1."
155,BoB ATM - Signal,"Thane, Maharashtra",19.153007,72.8916,1.3740608928407256,0.8041935650096544,Low,4,27286.53,911,03-Oct-2025 13:55,"Complaint received on 03-Oct-2025 13:55 from 0, 0, 3. Fraud type: 3, Bank: 1."
1363,BoB ATM - Railway Station,"Parbhani, Maharashtra",19.1676,76.624466,1.3736197070746041,0.804080391815345,Low,5,38613.81,912,03-Oct-2025 13:55,"Complaint received on 03-Oct-2025 13:55 from 0, 0, 3. Fraud type: 3, Bank: 1."
1155,Axis ATM - Market,"Beed, Maharashtra",18.856017,75.908297,1.3734608077690655,0.8040396308856815,Low,2,13630.43,913,03-Oct-2025 13:55,"Complaint received on 03-Oct-2025 13:55 from 0, 0, 3. Fraud type: 3, Bank: 1."
59,Axis ATM - Chowk,"Mumbai Suburban, Maharashtra",19.23448,72.958167,1.3731488113754005,0.8039595974140795,Low,5,22602.514,914,03-Oct-2025 13:55,"Complaint received on 03-Oct-2025 13:55 from 0, 0, 3. Fraud type: 3, Bank: 1."
1122,BoB ATM - Signal,"Beed, Maharashtra",18.954724,75.751408,1.3729613132800877,0.8039115003084997,Low,4,12822.2525,915,03-Oct-2025 13:55,"Complaint received on 03-Oct-2025 13:55 from 0, 0, 3. Fraud type: 3, Bank: 1."
128,Axis ATM - Railway Station,"Thane, Maharashtra",19.22164,73.041419,1.3727341685974843,0.8038532330404355,Low,2,35868.845,916,03-Oct-2025 13:55,"Complaint received on 03-Oct-2025 13:55 from 0, 0, 3. Fraud type: 3, Bank: 1."
1783,ICICI ATM - Main Road,"Nagpur, Maharashtra",21.122942,79.120642,1.3725922698107524,0.8038168330923949,Low,8,17819.47625,917,03-Oct-2025 13:55,"Complaint received on 03-Oct-2025 13:55 from 0, 0, 3. Fraud type: 3, Bank: 1."
1935,ICICI ATM - Bus Stand,"Gondia, Maharashtra",21.406426,79.959105,1.3725922698107524,0.8038168330923949,Low,6,17952.721666666668,918,03-Oct-2025 13:55,"Complaint received on 03-Oct-2025 13:55 from 0, 0, 3. Fraud type: 3, Bank: 1."
1109,BoB ATM - Signal,"Beed, Maharashtra",18.945687,75.777207,1.372243071014597,0.8037272564418213,Low,5,14317.72,919,03-Oct-2025 13:55,"Complaint received on 03-Oct-2025 13:55 from 0, 0, 3. Fraud type: 3, Bank: 1."
1592,SBI ATM - Bus Stand,"Washim, Maharashtra",20.000047,77.302653,1.3721338889869956,0.8036992490132646,Low,7,11974.208571428571,920,03-Oct-2025 13:55,"Complaint received on 03-Oct-2025 13:55 from 0, 0, 3. Fraud type: 3, Bank: 1."
1702,BoB ATM - Chowk,"Yavatmal, Maharashtra",20.543542,77.863982,1.3718522581283865,0.8036270049239661,Low,4,14698.6425,921,03-Oct-2025 13:55,"Complaint received on 03-Oct-2025 13:55 from 0, 0, 3. Fraud type: 3, Bank: 1."
435,BoB ATM - Market,"Pune, Maharashtra",18.499946,73.867606,1.3717347934661237,0.8035968728298062,Low,3,25443.63333333333,922,03-Oct-2025 13:55,"Complaint received on 03-Oct-2025 13:55 from 0, 0, 3. Fraud type: 3, Bank: 1."
1186,BoB ATM - Railway Station,"Osmanabad, Maharashtra",18.189115,76.119122,1.3716966146957588,0.8035870791924571,Low,7,51084.94714285714,923,03-Oct-2025 13:55,"Complaint received on 03-Oct-2025 13:55 from 0, 0, 3. Fraud type: 3, Bank: 1."
573,HDFC ATM - Railway Station,"Sangli, Maharashtra",16.992663,74.712444,1.3711939118645093,0.8034581256097043,Low,5,13002.872,924,03-Oct-2025 13:55,"Complaint received on 03-Oct-2025 13:55 from 0, 0, 3. Fraud type: 3, Bank: 1."
1183,ICICI ATM - Chowk,"Osmanabad, Maharashtra",18.284299,76.136475,1.3710784813410033,0.80342851531384,Low,4,21331.2675,925,03-Oct-2025 13:55,"Complaint received on 03-Oct-2025 13:55 from 0, 0, 3. Fraud type: 3, Bank: 1."
2003,SBI ATM - Railway Station,"Bhandara, Maharashtra",21.233184,79.592711,1.3706533099743465,0.8033194501413243,Low,8,30469.7175,926,03-Oct-2025 13:55,"Complaint received on 03-Oct-2025 13:55 from 0, 0, 3. Fraud type: 3, Bank: 1."
1724,SBI ATM - Main Road,"Yavatmal, Maharashtra",20.471474,78.032512,1.3704166577435493,0.8032587439922225,Low,3,14342.06,927,03-Oct-2025 13:55,"Complaint received on 03-Oct-2025 13:55 from 0, 0, 3. Fraud type: 3, Bank: 1."
972,BoB ATM - Main Road,"Jalgaon, Maharashtra",20.743719,75.93653,1.3700953427445999,0.8031763201073125,Low,7,7188.152857142857,928,03-Oct-2025 13:55,"Complaint received on 03-Oct-2025 13:55 from 0, 0, 3. Fraud type: 3, Bank: 1."
1584,Axis ATM - Signal,"Washim, Maharashtra",20.070386,77.1146,1.3694705497135957,0.8030160478851993,Low,7,14320.787142857142,929,03-Oct-2025 13:55,"Complaint received on 03-Oct-2025 13:55 from 0, 0, 3. Fraud type: 3, Bank: 1."
1594,BoB ATM - Market,"Washim, Maharashtra",20.119552,77.206487,1.3694705497135957,0.8030160478851993,Low,6,13985.703333333331,930,03-Oct-2025 13:55,"Complaint received on 03-Oct-2025 13:55 from 0, 0, 3. Fraud type: 3, Bank: 1."
1715,ICICI ATM - Market,"Yavatmal, Maharashtra",20.428757,78.12268,1.3694414798491361,0.8030085908689678,Low,9,35641.01666666667,931,03-Oct-2025 13:55,"Complaint received on 03-Oct-2025 13:55 from 0, 0, 3. Fraud type: 3, Bank: 1."
1945,PNB ATM - Chowk,"Gondia, Maharashtra",21.534084,80.537759,1.369406372467033,0.8029995851056781,Low,5,22362.226,932,03-Oct-2025 13:55,"Complaint received on 03-Oct-2025 13:55 from 0, 0, 3. Fraud type: 3, Bank: 1."
93,ICICI ATM - Bus Stand,"Mumbai Suburban, Maharashtra",19.02601,72.841353,1.368290071841377,0.8027132311085268,Low,7,53931.13571428572,933,03-Oct-2025 13:55,"Complaint received on 03-Oct-2025 13:55 from 0, 0, 3. Fraud type: 3, Bank: 1."
503,HDFC ATM - Signal,"Satara, Maharashtra",17.74274,73.931156,1.367932309225804,0.8026214576626951,Low,2,8245.215,934,03-Oct-2025 13:55,"Complaint received on 03-Oct-2025 13:55 from 0, 0, 3. Fraud type: 3, Bank: 1."
48,SBI ATM - Main Road,"Mumbai City, Maharashtra",18.762577,72.733619,1.3669236521659862,0.8023627164471161,Low,4,28812.275,935,03-Oct-2025 13:55,"Complaint received on 03-Oct-2025 13:55 from 0, 0, 3. Fraud type: 3, Bank: 1."
69,PNB ATM - Main Road,"Mumbai Suburban, Maharashtra",19.088241,73.20642,1.366126969080092,0.8021583509017911,Low,11,23226.949090909093,936,03-Oct-2025 13:55,"Complaint received on 03-Oct-2025 13:55 from 0, 0, 3. Fraud type: 3, Bank: 1."
901,HDFC ATM - Railway Station,"Nandurbar, Maharashtra",21.739823,74.063349,1.366030956263792,0.8021337216459319,Low,8,30125.94375,937,03-Oct-2025 13:55,"Complaint received on 03-Oct-2025 13:55 from 0, 0, 3. Fraud type: 3, Bank: 1."
1364,ICICI ATM - Bus Stand,"Parbhani, Maharashtra",19.115616,76.654955,1.3646171579692778,0.8017710533973479,Low,4,42013.4775,938,03-Oct-2025 13:55,"Complaint received on 03-Oct-2025 13:55 from 0, 0, 3. Fraud type: 3, Bank: 1."
305,PNB ATM - Signal,"Ratnagiri, Maharashtra",16.959403,73.490479,1.3642159599823696,0.8016681378882458,Low,5,14677.698,939,03-Oct-2025 13:55,"Complaint received on 03-Oct-2025 13:55 from 0, 0, 3. Fraud type: 3, Bank: 1."
1315,PNB ATM - Railway Station,"Nanded, Maharashtra",19.221295,77.44367,1.3641902900463898,0.8016615530233756,Low,9,42265.94,940,03-Oct-2025 13:55,"Complaint received on 03-Oct-2025 13:55 from 0, 0, 3. Fraud type: 3, Bank: 1."
825,Axis ATM - Signal,"Dhule, Maharashtra",20.719434,74.871207,1.364099580208034,0.8016382840900819,Low,4,18368.1275,941,03-Oct-2025 13:55,"Complaint received on 03-Oct-2025 13:55 from 0, 0, 3. Fraud type: 3, Bank: 1."
2120,BoB ATM - Railway Station,"Raigad, Maharashtra",18.295505,73.147818,1.3636172622496054,0.8015145596451433,Low,2,41399.835,942,03-Oct-2025 13:55,"Complaint received on 03-Oct-2025 13:55 from 0, 0, 3. Fraud type: 3, Bank: 1."
787,Axis ATM - Market,"Nashik, Maharashtra",19.968342,74.173173,1.3635512732327368,0.8014976321093934,Low,4,7468.8175,943,03-Oct-2025 13:55,"Complaint received on 03-Oct-2025 13:55 from 0, 0, 3. Fraud type: 3, Bank: 1."
1214,HDFC ATM - Market,"Osmanabad, Maharashtra",18.085948,75.947135,1.3631626473745142,0.8013979416090562,Low,2,7655.434999999999,944,03-Oct-2025 13:55,"Complaint received on 03-Oct-2025 13:55 from 0, 0, 3. Fraud type: 3, Bank: 1."
530,SBI ATM - Bus Stand,"Sangli, Maharashtra",16.872504,74.562489,1.362898679170241,0.8013302283527188,Low,4,6561.0375,945,03-Oct-2025 13:55,"Complaint received on 03-Oct-2025 13:55 from 0, 0, 3. Fraud type: 3, Bank: 1."
801,BoB ATM - Chowk,"Nashik, Maharashtra",19.954983,73.602417,1.3625160689033151,0.8012320809748823,Low,4,44498.9775,946,03-Oct-2025 13:55,"Complaint received on 03-Oct-2025 13:55 from 0, 0, 3. Fraud type: 3, Bank: 1."
2124,PNB ATM - Main Road,"Pune, Maharashtra",18.618458,73.910873,1.362440505895499,0.8012126975141661,Low,3,25927.286666666667,947,03-Oct-2025 13:55,"Complaint received on 03-Oct-2025 13:55 from 0, 0, 3. Fraud type: 3, Bank: 1."
483,PNB ATM - Chowk,"Satara, Maharashtra",17.860091,74.102027,1.3623342446535427,0.8011854393270103,Low,10,44479.236,948,03-Oct-2025 13:55,"Complaint received on 03-Oct-2025 13:55 from 0, 0, 3. Fraud type: 3, Bank: 1."
841,SBI ATM - Bus Stand,"Dhule, Maharashtra",21.093473,74.93779,1.3622433005921133,0.801162110310696,Low,3,33295.23333333333,949,03-Oct-2025 13:55,"Complaint received on 03-Oct-2025 13:55 from 0, 0, 3. Fraud type: 3, Bank: 1."
1609,Axis ATM - Market,"Washim, Maharashtra",20.18239,77.175779,1.3621323942717738,0.8011336605657002,Low,7,8401.301428571429,950,03-Oct-2025 13:55,"Complaint received on 03-Oct-2025 13:55 from 0, 0, 3. Fraud type: 3, Bank: 1."
1616,SBI ATM - Main Road,"Washim, Maharashtra",19.986836,77.2876,1.3619662374451798,0.8010910379330906,Low,5,26607.752,951,03-Oct-2025 13:55,"Complaint received on 03-Oct-2025 13:55 from 0, 0, 3. Fraud type: 3, Bank: 1."
1349,Axis ATM - Chowk,"Parbhani, Maharashtra",19.324178,76.927478,1.361918060185973,0.8010786794783621,Low,7,24216.074285714283,952,03-Oct-2025 13:55,"Complaint received on 03-Oct-2025 13:55 from 0, 0, 3. Fraud type: 3, Bank: 1."
1167,PNB ATM - Market,"Osmanabad, Maharashtra",18.107297,76.236325,1.3616506345532988,0.8010100793207549,Low,4,23177.185,953,03-Oct-2025 13:55,"Complaint received on 03-Oct-2025 13:55 from 0, 0, 3. Fraud type: 3, Bank: 1."
1942,SBI ATM - Railway Station,"Gondia, Maharashtra",21.553467,80.030053,1.361629618742417,0.8010046883343923,Low,3,29595.52,954,03-Oct-2025 13:55,"Complaint received on 03-Oct-2025 13:55 from 0, 0, 3. Fraud type: 3, Bank: 1."
666,SBI ATM - Railway Station,"Solapur, Maharashtra",17.926745,75.787615,1.3613744813889181,0.800939240372331,Low,4,43651.405,955,03-Oct-2025 13:55,"Complaint received on 03-Oct-2025 13:55 from 0, 0, 3. Fraud type: 3, Bank: 1."
1955,Axis ATM - Chowk,"Gondia, Maharashtra",21.691833,80.354877,1.3611246918735858,0.800875164240402,Low,2,5143.33,956,03-Oct-2025 13:55,"Complaint received on 03-Oct-2025 13:55 from 0, 0, 3. Fraud type: 3, Bank: 1."
1352,ICICI ATM - Railway Station,"Parbhani, Maharashtra",19.307256,76.548679,1.3604872068552512,0.8007116362633242,Low,9,22724.007777777777,957,03-Oct-2025 13:55,"Complaint received on 03-Oct-2025 13:55 from 0, 0, 3. Fraud type: 3, Bank: 1."
1143,BoB ATM - Signal,"Beed, Maharashtra",18.807855,75.717156,1.3601444711680333,0.8006237175327011,Low,4,20000.1325,958,03-Oct-2025 13:55,"Complaint received on 03-Oct-2025 13:55 from 0, 0, 3. Fraud type: 3, Bank: 1."
424,ICICI ATM - Chowk,"Pune, Maharashtra",18.590071,73.806885,1.3601413505743702,0.8006229170364475,Low,6,10168.518333333332,959,03-Oct-2025 13:55,"Complaint received on 03-Oct-2025 13:55 from 0, 0, 3. Fraud type: 3, Bank: 1."
1519,SBI ATM - Signal,"Akola, Maharashtra",20.556345,77.022738,1.3593828139497544,0.8004283368405286,Low,7,44093.68142857143,960,03-Oct-2025 13:55,"Complaint received on 03-Oct-2025 13:55 from 0, 0, 3. Fraud type: 3, Bank: 1."
217,HDFC ATM - Main Road,"Palghar, Maharashtra",19.63634,72.690902,1.3593723212713853,0.8004256452534035,Low,3,12055.723333333332,961,03-Oct-2025 13:55,"Complaint received on 03-Oct-2025 13:55 from 0, 0, 3. Fraud type: 3, Bank: 1."
104,SBI ATM - Chowk,"Mumbai Suburban, Maharashtra",19.040586,72.982292,1.3592005553936906,0.8003815837841884,Low,3,48060.91333333334,962,03-Oct-2025 13:55,"Complaint received on 03-Oct-2025 13:55 from 0, 0, 3. Fraud type: 3, Bank: 1."
1060,HDFC ATM - Railway Station,"Jalna, Maharashtra",19.881106,75.882298,1.3591999873390819,0.800381438066535,Low,8,41028.4875,963,03-Oct-2025 13:55,"Complaint received on 03-Oct-2025 13:55 from 0, 0, 3. Fraud type: 3, Bank: 1."
1575,ICICI ATM - Main Road,"Washim, Maharashtra",19.971598,77.276478,1.358182944987143,0.8001205458516095,Low,6,26170.478333333333,964,03-Oct-2025 13:55,"Complaint received on 03-Oct-2025 13:55 from 0, 0, 3. Fraud type: 3, Bank: 1."
1356,HDFC ATM - Bus Stand,"Parbhani, Maharashtra",19.328775,76.565696,1.3581746541298667,0.800118419076737,Low,4,19834.57,965,03-Oct-2025 13:55,"Complaint received on 03-Oct-2025 13:55 from 0, 0, 3. Fraud type: 3, Bank: 1."
1927,ICICI ATM - Chowk,"Gondia, Maharashtra",21.539988,80.233512,1.357635973440467,0.7999802364357417,Low,4,23616.515,966,03-Oct-2025 13:55,"Complaint received on 03-Oct-2025 13:55 from 0, 0, 3. Fraud type: 3, Bank: 1."
1687,PNB ATM - Chowk,"Yavatmal, Maharashtra",20.294533,78.180927,1.3570759864396424,0.7998365882890387,Low,8,15245.02,967,03-Oct-2025 13:55,"Complaint received on 03-Oct-2025 13:55 from 0, 0, 3. Fraud type: 3, Bank: 1."
58,HDFC ATM - Signal,"Mumbai Suburban, Maharashtra",19.188507,73.016268,1.356683720001415,0.7997359639052901,Low,11,24720.22454545455,968,03-Oct-2025 13:55,"Complaint received on 03-Oct-2025 13:55 from 0, 0, 3. Fraud type: 3, Bank: 1."
1705,BoB ATM - Signal,"Yavatmal, Maharashtra",20.45138,78.362218,1.3566660238338035,0.7997314244754866,Low,6,25380.646666666667,969,03-Oct-2025 13:55,"Complaint received on 03-Oct-2025 13:55 from 0, 0, 3. Fraud type: 3, Bank: 1."
1711,BoB ATM - Chowk,"Yavatmal, Maharashtra",20.368022,78.087199,1.3561665293448257,0.7996032938983046,Low,3,25575.29333333333,970,03-Oct-2025 13:55,"Complaint received on 03-Oct-2025 13:55 from 0, 0, 3. Fraud type: 3, Bank: 1."
1462,ICICI ATM - Railway Station,"Buldhana, Maharashtra",20.523209,76.326276,1.3559449407998427,0.7995464518934536,Low,7,56719.822857142855,971,03-Oct-2025 13:55,"Complaint received on 03-Oct-2025 13:55 from 0, 0, 3. Fraud type: 3, Bank: 1."
1274,Axis ATM - Railway Station,"Nanded, Maharashtra",19.161874,77.428273,1.3558238331202572,0.7995153852906604,Low,11,34222.126363636366,972,03-Oct-2025 13:55,"Complaint received on 03-Oct-2025 13:55 from 0, 0, 3. Fraud type: 3, Bank: 1."
12,ICICI ATM - Bus Stand,"Mumbai City, Maharashtra",18.935835,72.679759,1.355340149794187,0.7993913106009286,Low,9,41639.47666666667,973,03-Oct-2025 13:55,"Complaint received on 03-Oct-2025 13:55 from 0, 0, 3. Fraud type: 3, Bank: 1."
143,SBI ATM - Bus Stand,"Thane, Maharashtra",19.275652,72.945737,1.3546446393166043,0.7992128979039013,Low,4,18773.115,974,03-Oct-2025 13:55,"Complaint received on 03-Oct-2025 13:55 from 0, 0, 3. Fraud type: 3, Bank: 1."
869,BoB ATM - Market,"Nandurbar, Maharashtra",21.836566,74.180101,1.3541646061205244,0.799089759547348,Low,7,23760.17142857143,975,03-Oct-2025 13:55,"Complaint received on 03-Oct-2025 13:55 from 0, 0, 3. Fraud type: 3, Bank: 1."
1601,ICICI ATM - Railway Station,"Washim, Maharashtra",20.194729,77.110878,1.3539829194938795,0.7990431532026295,Low,6,7695.125,976,03-Oct-2025 13:55,"Complaint received on 03-Oct-2025 13:55 from 0, 0, 3. Fraud type: 3, Bank: 1."
1898,BoB ATM - Signal,"Chandrapur, Maharashtra",19.800168,79.326224,1.3538973931622644,0.7990212139450883,Low,8,17007.87875,977,03-Oct-2025 13:55,"Complaint received on 03-Oct-2025 13:55 from 0, 0, 3. Fraud type: 3, Bank: 1."
431,ICICI ATM - Signal,"Pune, Maharashtra",18.336937,73.766971,1.3538452438388864,0.7990078365744635,Low,5,30569.154,978,03-Oct-2025 13:55,"Complaint received on 03-Oct-2025 13:55 from 0, 0, 3. Fraud type: 3, Bank: 1."
297,SBI ATM - Market,"Ratnagiri, Maharashtra",16.666374,73.303485,1.3535917610426795,0.7989428130402698,Low,1,4412.94,979,03-Oct-2025 13:55,"Complaint received on 03-Oct-2025 13:55 from 0, 0, 3. Fraud type: 3, Bank: 1."
677,PNB ATM - Railway Station,"Solapur, Maharashtra",17.539586,75.703762,1.3533432229417837,0.7988790579218005,Low,3,14520.266666666665,980,03-Oct-2025 13:55,"Complaint received on 03-Oct-2025 13:55 from 0, 0, 3. Fraud type: 3, Bank: 1."
725,SBI ATM - Main Road,"Ahmednagar, Maharashtra",19.073385,74.583084,1.3533079871834706,0.798870019227381,Low,9,25877.55333333333,981,03-Oct-2025 13:55,"Complaint received on 03-Oct-2025 13:55 from 0, 0, 3. Fraud type: 3, Bank: 1."
845,ICICI ATM - Railway Station,"Dhule, Maharashtra",20.870473,74.67881,1.3530612069260983,0.7988067150318153,Low,8,22077.9975,982,03-Oct-2025 13:55,"Complaint received on 03-Oct-2025 13:55 from 0, 0, 3. Fraud type: 3, Bank: 1."
976,HDFC ATM - Bus Stand,"Jalgaon, Maharashtra",20.907255,75.608846,1.3525451850175143,0.7986743448326552,Low,5,13223.045999999998,983,03-Oct-2025 13:55,"Complaint received on 03-Oct-2025 13:55 from 0, 0, 3. Fraud type: 3, Bank: 1."
515,HDFC ATM - Railway Station,"Satara, Maharashtra",17.703583,74.08508,1.3524051216862836,0.7986384157165816,Low,6,17946.885,984,03-Oct-2025 13:55,"Complaint received on 03-Oct-2025 13:55 from 0, 0, 3. Fraud type: 3, Bank: 1."
630,BoB ATM - Bus Stand,"Kolhapur, Maharashtra",16.768278,74.435408,1.3519617595739353,0.7985246842448448,Low,3,10135.72,985,03-Oct-2025 13:55,"Complaint received on 03-Oct-2025 13:55 from 0, 0, 3. Fraud type: 3, Bank: 1."
1181,HDFC ATM - Signal,"Osmanabad, Maharashtra",18.045295,75.9199,1.3516855968931172,0.7984538428552598,Low,4,15169.61,986,03-Oct-2025 13:55,"Complaint received on 03-Oct-2025 13:55 from 0, 0, 3. Fraud type: 3, Bank: 1."
1065,ICICI ATM - Railway Station,"Jalna, Maharashtra",20.000352,75.807949,1.3506969327227338,0.7982002302257198,Low,5,38601.91,987,03-Oct-2025 13:55,"Complaint received on 03-Oct-2025 13:55 from 0, 0, 3. Fraud type: 3, Bank: 1."
463,Axis ATM - Main Road,"Satara, Maharashtra",17.67437,74.057245,1.3500481165076643,0.7980337955643646,Low,10,24554.619,988,03-Oct-2025 13:55,"Complaint received on 03-Oct-2025 13:55 from 0, 0, 3. Fraud type: 3, Bank: 1."
67,BoB ATM - Railway Station,"Mumbai Suburban, Maharashtra",19.153203,72.979262,1.3498606468390757,0.7979857057508222,Low,5,50510.4,989,03-Oct-2025 13:55,"Complaint received on 03-Oct-2025 13:55 from 0, 0, 3. Fraud type: 3, Bank: 1."
536,ICICI ATM - Railway Station,"Sangli, Maharashtra",17.053645,74.624424,1.3488896945023863,0.7977366365697572,Low,7,13068.468571428572,990,03-Oct-2025 13:55,"Complaint received on 03-Oct-2025 13:55 from 0, 0, 3. Fraud type: 3, Bank: 1."
602,Axis ATM - Main Road,"Kolhapur, Maharashtra",16.739706,74.340023,1.3488639607034292,0.7977300353227239,Low,7,10458.0,991,03-Oct-2025 13:55,"Complaint received on 03-Oct-2025 13:55 from 0, 0, 3. Fraud type: 3, Bank: 1."
1192,ICICI ATM - Main Road,"Osmanabad, Maharashtra",18.049782,75.930951,1.3485010992607254,0.7976369539231957,Low,5,13582.198,992,03-Oct-2025 13:55,"Complaint received on 03-Oct-2025 13:55 from 0, 0, 3. Fraud type: 3, Bank: 1."
498,BoB ATM - Bus Stand,"Satara, Maharashtra",17.745232,73.955526,1.347455917680611,0.797368843419326,Low,5,30415.056,993,03-Oct-2025 13:55,"Complaint received on 03-Oct-2025 13:55 from 0, 0, 3. Fraud type: 3, Bank: 1."
588,HDFC ATM - Bus Stand,"Kolhapur, Maharashtra",16.679005,74.149311,1.3468501261712247,0.7972134454770816,Low,10,22747.834,994,03-Oct-2025 13:55,"Complaint received on 03-Oct-2025 13:55 from 0, 0, 3. Fraud type: 3, Bank: 1."
169,PNB ATM - Main Road,"Thane, Maharashtra",19.259552,72.902353,1.3457733555553757,0.7969372317378997,Low,2,6172.37,995,03-Oct-2025 13:55,"Complaint received on 03-Oct-2025 13:55 from 0, 0, 3. Fraud type: 3, Bank: 1."
443,Axis ATM - Market,"Pune, Maharashtra",18.544351,73.668111,1.3453575330889878,0.7968305647499764,Low,4,9745.3425,996,03-Oct-2025 13:55,"Complaint received on 03-Oct-2025 13:55 from 0, 0, 3. Fraud type: 3, Bank: 1."
502,BoB ATM - Signal,"Satara, Maharashtra",17.705006,73.754992,1.3451025883488315,0.7967651661971864,Low,8,39618.12625,997,03-Oct-2025 13:55,"Complaint received on 03-Oct-2025 13:55 from 0, 0, 3. Fraud type: 3, Bank: 1."
35,SBI ATM - Signal,"Mumbai City, Maharashtra",18.983396,72.742586,1.3440050618752675,0.796483628154959,Low,9,27951.454444444444,998,03-Oct-2025 13:55,"Complaint received on 03-Oct-2025 13:55 from 0, 0, 3. Fraud type: 3, Bank: 1."
1859,ICICI ATM - Signal,"Chandrapur, Maharashtra",19.952007,79.128022,1.3436984836266879,0.7964049845486555,Low,7,17098.485714285714,999,03-Oct-2025 13:55,"Complaint received on 03-Oct-2025 13:55 from 0, 0, 3. Fraud type: 3, Bank: 1."
1564,BoB ATM - Railway Station,"Washim, Maharashtra",20.004601,77.094639,1.3425414967870053,0.7961081937034475,Low,5,27652.49,1000,03-Oct-2025 13:55,"Complaint received on 03-Oct-2025 13:55 from 0, 0, 3. Fraud type: 3, Bank: 1."
1881,BoB ATM - Bus Stand,"Chandrapur, Maharashtra",20.006204,79.321064,1.3416732721305982,0.7958854762785231,Low,3,31012.3,1001,03-Oct-2025 13:55,"Complaint received on 03-Oct-2025 13:55 from 0, 0, 3. Fraud type: 3, Bank: 1."
139,BoB ATM - Railway Station,"Thane, Maharashtra",19.191786,73.040598,1.3411829969084839,0.7957597106323074,Low,8,28338.261250000003,1002,03-Oct-2025 13:55,"Complaint received on 03-Oct-2025 13:55 from 0, 0, 3. Fraud type: 3, Bank: 1."
887,ICICI ATM - Chowk,"Nandurbar, Maharashtra",21.728944,74.311838,1.3410723497922197,0.7957313273784712,Low,7,34505.38571428571,1003,03-Oct-2025 13:55,"Complaint received on 03-Oct-2025 13:55 from 0, 0, 3. Fraud type: 3, Bank: 1."
1099,BoB ATM - Market,"Beed, Maharashtra",19.090673,75.68593,1.3409843256585379,0.7957087473834893,Low,8,18462.3,1004,03-Oct-2025 13:55,"Complaint received on 03-Oct-2025 13:55 from 0, 0, 3. Fraud type: 3, Bank: 1."
733,PNB ATM - Bus Stand,"Ahmednagar, Maharashtra",19.045335,74.86065,1.3405434823777622,0.7955956620436928,Low,4,80682.89249999999,1005,03-Oct-2025 13:55,"Complaint received on 03-Oct-2025 13:55 from 0, 0, 3. Fraud type: 3, Bank: 1."
195,PNB ATM - Signal,"Palghar, Maharashtra",19.571886,72.742914,1.340502877175077,0.7955852459767061,Low,9,27162.38555555556,1006,03-Oct-2025 13:55,"Complaint received on 03-Oct-2025 13:55 from 0, 0, 3. Fraud type: 3, Bank: 1."
673,PNB ATM - Railway Station,"Solapur, Maharashtra",17.744976,76.011099,1.3404132517770313,0.7955622552245855,Low,6,15604.228333333333,1007,03-Oct-2025 13:55,"Complaint received on 03-Oct-2025 13:55 from 0, 0, 3. Fraud type: 3, Bank: 1."
646,PNB ATM - Railway Station,"Solapur, Maharashtra",17.636206,75.819295,1.3404132517770313,0.7955622552245855,Low,8,15701.56375,1008,03-Oct-2025 13:55,"Complaint received on 03-Oct-2025 13:55 from 0, 0, 3. Fraud type: 3, Bank: 1."
654,PNB ATM - Main Road,"Solapur, Maharashtra",17.65345,75.886782,1.3404132517770313,0.7955622552245855,Low,6,15816.038333333336,1009,03-Oct-2025 13:55,"Complaint received on 03-Oct-2025 13:55 from 0, 0, 3. Fraud type: 3, Bank: 1."
785,BoB ATM - Market,"Nashik, Maharashtra",19.868101,73.797402,1.3400561579372947,0.795470653333467,Low,6,11358.316666666666,1010,03-Oct-2025 13:55,"Complaint received on 03-Oct-2025 13:55 from 0, 0, 3. Fraud type: 3, Bank: 1."
245,SBI ATM - Main Road,"Raigad, Maharashtra",18.51207,73.044678,1.3398656337745285,0.7954217799795441,Low,4,47978.945,1011,03-Oct-2025 13:55,"Complaint received on 03-Oct-2025 13:55 from 0, 0, 3. Fraud type: 3, Bank: 1."
1612,HDFC ATM - Main Road,"Washim, Maharashtra",20.135995,77.01691,1.3398412856653996,0.7954155341903616,Low,7,14608.754285714283,1012,03-Oct-2025 13:55,"Complaint received on 03-Oct-2025 13:55 from 0, 0, 3. Fraud type: 3, Bank: 1."
2142,HDFC ATM - Signal,"Washim, Maharashtra",19.97894,77.24017,1.339786610518788,0.7954015088942925,Low,3,11644.173333333334,1013,03-Oct-2025 13:55,"Complaint received on 03-Oct-2025 13:55 from 0, 0, 3. Fraud type: 3, Bank: 1."
954,Axis ATM - Railway Station,"Jalgaon, Maharashtra",21.030449,75.616123,1.3373501382549586,0.7947765038054653,Low,7,55117.01857142857,1014,03-Oct-2025 13:55,"Complaint received on 03-Oct-2025 13:55 from 0, 0, 3. Fraud type: 3, Bank: 1."
2152,Axis ATM - Chowk,"Nagpur, Maharashtra",21.267821,79.254314,1.337101249892513,0.7947126588377273,Low,1,10625.32,1015,03-Oct-2025 13:55,"Complaint received on 03-Oct-2025 13:55 from 0, 0, 3. Fraud type: 3, Bank: 1."
37,BoB ATM - Bus Stand,"Mumbai City, Maharashtra",18.892947,72.644378,1.3368554434983773,0.7946496044580482,Low,4,12945.9325,1016,03-Oct-2025 13:55,"Complaint received on 03-Oct-2025 13:55 from 0, 0, 3. Fraud type: 3, Bank: 1."
405,SBI ATM - Railway Station,"Pune, Maharashtra",18.597458,74.109591,1.3363556529067486,0.7945213979244656,Low,6,30141.1,1017,03-Oct-2025 13:55,"Complaint received on 03-Oct-2025 13:55 from 0, 0, 3. Fraud type: 3, Bank: 1."
1172,BoB ATM - Main Road,"Osmanabad, Maharashtra",18.215307,76.001871,1.3348032738157596,0.7941231808603681,Low,9,25788.957777777778,1018,03-Oct-2025 13:55,"Complaint received on 03-Oct-2025 13:55 from 0, 0, 3. Fraud type: 3, Bank: 1."
702,HDFC ATM - Main Road,"Ahmednagar, Maharashtra",19.236524,74.799852,1.3344230955051284,0.7940256573291817,Low,7,29369.450000000004,1019,03-Oct-2025 13:55,"Complaint received on 03-Oct-2025 13:55 from 0, 0, 3. Fraud type: 3, Bank: 1."
182,Axis ATM - Railway Station,"Palghar, Maharashtra",19.895434,72.594388,1.3340520086985121,0.7939304659551716,Low,6,21524.56333333333,1020,03-Oct-2025 13:55,"Complaint received on 03-Oct-2025 13:55 from 0, 0, 3. Fraud type: 3, Bank: 1."
2087,HDFC ATM - Signal,"Osmanabad, Maharashtra",18.38995,76.195774,1.333794344841316,0.7938643698931128,Low,2,53186.715,1021,03-Oct-2025 13:55,"Complaint received on 03-Oct-2025 13:55 from 0, 0, 3. Fraud type: 3, Bank: 1."
1682,BoB ATM - Main Road,"Yavatmal, Maharashtra",20.430337,78.102703,1.3326471292324882,0.7935700855689513,Low,3,11565.476666666667,1022,03-Oct-2025 13:55,"Complaint received on 03-Oct-2025 13:55 from 0, 0, 3. Fraud type: 3, Bank: 1."
721,BoB ATM - Main Road,"Ahmednagar, Maharashtra",19.297236,74.682044,1.3319244038413938,0.7933846916886413,Low,3,46928.55666666666,1023,03-Oct-2025 13:55,"Complaint received on 03-Oct-2025 13:55 from 0, 0, 3. Fraud type: 3, Bank: 1."
661,BoB ATM - Railway Station,"Solapur, Maharashtra",17.699269,75.920366,1.3317209638768037,0.7933325051667477,Low,5,31922.064,1024,03-Oct-2025 13:55,"Complaint received on 03-Oct-2025 13:55 from 0, 0, 3. Fraud type: 3, Bank: 1."
648,HDFC ATM - Chowk,"Solapur, Maharashtra",17.85654,75.894881,1.3317209638768037,0.7933325051667477,Low,9,32271.236666666668,1025,03-Oct-2025 13:55,"Complaint received on 03-Oct-2025 13:55 from 0, 0, 3. Fraud type: 3, Bank: 1."
651,BoB ATM - Bus Stand,"Solapur, Maharashtra",17.921606,75.936384,1.3317209638768037,0.7933325051667477,Low,7,31863.522857142856,1026,03-Oct-2025 13:55,"Complaint received on 03-Oct-2025 13:55 from 0, 0, 3. Fraud type: 3, Bank: 1."
1196,PNB ATM - Signal,"Osmanabad, Maharashtra",18.247753,75.90764,1.3316247899575637,0.7933078345846812,Low,2,14108.635,1027,03-Oct-2025 13:55,"Complaint received on 03-Oct-2025 13:55 from 0, 0, 3. Fraud type: 3, Bank: 1."
134,HDFC ATM - Railway Station,"Thane, Maharashtra",19.317952,73.006876,1.3315382043581079,0.7932856236032216,Low,4,9651.405,1028,03-Oct-2025 13:55,"Complaint received on 03-Oct-2025 13:55 from 0, 0, 3. Fraud type: 3, Bank: 1."
706,SBI ATM - Chowk,"Ahmednagar, Maharashtra",19.137963,74.651837,1.331517285576456,0.7932802575068458,Low,6,25074.095,1029,03-Oct-2025 13:55,"Complaint received on 03-Oct-2025 13:55 from 0, 0, 3. Fraud type: 3, Bank: 1."
783,PNB ATM - Chowk,"Nashik, Maharashtra",19.987436,73.700335,1.3314979425146427,0.7932752956149145,Low,4,104252.3575,1030,03-Oct-2025 13:55,"Complaint received on 03-Oct-2025 13:55 from 0, 0, 3. Fraud type: 3, Bank: 1."
152,PNB ATM - Bus Stand,"Thane, Maharashtra",19.098768,72.962857,1.3314916489655226,0.7932736811905333,Low,6,18562.993333333336,1031,03-Oct-2025 13:55,"Complaint received on 03-Oct-2025 13:55 from 0, 0, 3. Fraud type: 3, Bank: 1."
1151,PNB ATM - Main Road,"Beed, Maharashtra",18.807317,75.893523,1.3311637133684562,0.7931895589864694,Low,3,97750.33666666668,1032,03-Oct-2025 13:55,"Complaint received on 03-Oct-2025 13:55 from 0, 0, 3. Fraud type: 3, Bank: 1."
1116,SBI ATM - Railway Station,"Beed, Maharashtra",19.116234,75.640233,1.329849767926042,0.7928525050416567,Low,8,25949.2325,1033,03-Oct-2025 13:55,"Complaint received on 03-Oct-2025 13:55 from 0, 0, 3. Fraud type: 3, Bank: 1."
786,HDFC ATM - Railway Station,"Nashik, Maharashtra",19.861343,73.439438,1.3291868399088564,0.7926824504137351,Low,9,37285.39666666667,1034,03-Oct-2025 13:55,"Complaint received on 03-Oct-2025 13:55 from 0, 0, 3. Fraud type: 3, Bank: 1."
1211,Axis ATM - Railway Station,"Osmanabad, Maharashtra",18.245866,75.999405,1.3291714076414098,0.7926784917207388,Low,7,17773.334285714285,1035,03-Oct-2025 13:55,"Complaint received on 03-Oct-2025 13:55 from 0, 0, 3. Fraud type: 3, Bank: 1."
1079,SBI ATM - Chowk,"Jalna, Maharashtra",19.696625,75.909581,1.3290233058604992,0.7926405005775161,Low,6,28202.76833333333,1036,03-Oct-2025 13:55,"Complaint received on 03-Oct-2025 13:55 from 0, 0, 3. Fraud type: 3, Bank: 1."
625,PNB ATM - Market,"Kolhapur, Maharashtra",16.611736,74.388331,1.3288531378509547,0.7925968489942414,Low,4,19641.47,1037,03-Oct-2025 13:55,"Complaint received on 03-Oct-2025 13:55 from 0, 0, 3. Fraud type: 3, Bank: 1."
728,HDFC ATM - Market,"Ahmednagar, Maharashtra",19.176686,74.68526,1.3280970658271705,0.7924029010189657,Low,6,25760.42,1038,03-Oct-2025 13:55,"Complaint received on 03-Oct-2025 13:55 from 0, 0, 3. Fraud type: 3, Bank: 1."
124,HDFC ATM - Bus Stand,"Thane, Maharashtra",19.185025,72.91084,1.3262153531082745,0.7919202031272309,Low,5,40869.416000000005,1039,03-Oct-2025 13:55,"Complaint received on 03-Oct-2025 13:55 from 0, 0, 3. Fraud type: 3, Bank: 1."
885,HDFC ATM - Railway Station,"Nandurbar, Maharashtra",21.744249,74.129222,1.325615805035118,0.7917664067543839,Low,5,33805.198,1040,03-Oct-2025 13:55,"Complaint received on 03-Oct-2025 13:55 from 0, 0, 3. Fraud type: 3, Bank: 1."
1725,ICICI ATM - Main Road,"Yavatmal, Maharashtra",20.169191,78.126126,1.3240457390801643,0.791363652647059,Low,6,13492.591666666667,1041,03-Oct-2025 13:55,"Complaint received on 03-Oct-2025 13:55 from 0, 0, 3. Fraud type: 3, Bank: 1."
339,HDFC ATM - Main Road,"Ratnagiri, Maharashtra",16.905479,73.140985,1.3239393362748995,0.791336358146012,Low,6,30407.47333333333,1042,03-Oct-2025 13:55,"Complaint received on 03-Oct-2025 13:55 from 0, 0, 3. Fraud type: 3, Bank: 1."
723,Axis ATM - Railway Station,"Ahmednagar, Maharashtra",19.269123,74.697465,1.3232658392056011,0.791163592339534,Low,7,34497.71571428572,1043,03-Oct-2025 13:55,"Complaint received on 03-Oct-2025 13:55 from 0, 0, 3. Fraud type: 3, Bank: 1."
1959,PNB ATM - Main Road,"Gondia, Maharashtra",21.518172,80.074041,1.3223089977928515,0.7909181428997653,Low,8,26485.61875,1044,03-Oct-2025 13:55,"Complaint received on 03-Oct-2025 13:55 from 0, 0, 3. Fraud type: 3, Bank: 1."
600,PNB ATM - Market,"Kolhapur, Maharashtra",16.866825,74.306937,1.3219509634439262,0.7908262997487574,Low,7,23268.56428571429,1045,03-Oct-2025 13:55,"Complaint received on 03-Oct-2025 13:55 from 0, 0, 3. Fraud type: 3, Bank: 1."
1534,HDFC ATM - Market,"Akola, Maharashtra",20.811612,76.744733,1.3216799107657247,0.7907567691796099,Low,8,53403.37,1046,03-Oct-2025 13:55,"Complaint received on 03-Oct-2025 13:55 from 0, 0, 3. Fraud type: 3, Bank: 1."
2104,PNB ATM - Bus Stand,"Satara, Maharashtra",17.763787,74.047218,1.3206975765901905,0.7905047803235279,Low,2,5746.875,1047,03-Oct-2025 13:55,"Complaint received on 03-Oct-2025 13:55 from 0, 0, 3. Fraud type: 3, Bank: 1."
1884,PNB ATM - Signal,"Chandrapur, Maharashtra",19.928429,79.106612,1.320167007488379,0.7903686784710547,Low,4,22074.7875,1048,03-Oct-2025 13:55,"Complaint received on 03-Oct-2025 13:55 from 0, 0, 3. Fraud type: 3, Bank: 1."
2119,PNB ATM - Chowk,"Sangli, Maharashtra",16.668841,74.622857,1.3200230402243418,0.7903317479161769,Low,3,16649.943333333333,1049,03-Oct-2025 13:55,"Complaint received on 03-Oct-2025 13:55 from 0, 0, 3. Fraud type: 3, Bank: 1."
1590,Axis ATM - Main Road,"Washim, Maharashtra",20.16498,77.022433,1.3199551059296113,0.7903143213767729,Low,4,47045.64,1050,03-Oct-2025 13:55,"Complaint received on 03-Oct-2025 13:55 from 0, 0, 3. Fraud type: 3, Bank: 1."
611,ICICI ATM - Railway Station,"Kolhapur, Maharashtra",16.732087,74.278604,1.3195658051916213,0.7902144577559388,Low,10,22652.26,1051,03-Oct-2025 13:55,"Complaint received on 03-Oct-2025 13:55 from 0, 0, 3. Fraud type: 3, Bank: 1."
1611,ICICI ATM - Bus Stand,"Washim, Maharashtra",20.300781,77.208889,1.3194844274088082,0.79019358268622,Low,7,11240.67714285714,1052,03-Oct-2025 13:55,"Complaint received on 03-Oct-2025 13:55 from 0, 0, 3. Fraud type: 3, Bank: 1."
1542,HDFC ATM - Main Road,"Akola, Maharashtra",20.718722,76.950621,1.3193305399562307,0.7901541073995952,Low,4,90825.88,1053,03-Oct-2025 13:55,"Complaint received on 03-Oct-2025 13:55 from 0, 0, 3. Fraud type: 3, Bank: 1."
832,BoB ATM - Signal,"Dhule, Maharashtra",20.925584,74.689764,1.3189994282660353,0.7900691704625267,Low,8,34455.935,1054,03-Oct-2025 13:55,"Complaint received on 03-Oct-2025 13:55 from 0, 0, 3. Fraud type: 3, Bank: 1."
1699,ICICI ATM - Bus Stand,"Yavatmal, Maharashtra",20.48786,78.124229,1.3189849329198304,0.7900654521090379,Low,5,12381.274,1055,03-Oct-2025 13:55,"Complaint received on 03-Oct-2025 13:55 from 0, 0, 3. Fraud type: 3, Bank: 1."
1626,Axis ATM - Railway Station,"Amravati, Maharashtra",20.883986,77.732357,1.3186696452109272,0.789984574347598,Low,9,25029.757777777777,1056,03-Oct-2025 13:55,"Complaint received on 03-Oct-2025 13:55 from 0, 0, 3. Fraud type: 3, Bank: 1."
1229,Axis ATM - Railway Station,"Latur, Maharashtra",18.444098,76.532376,1.3186656011882198,0.7899835369728619,Low,9,49814.44,1057,03-Oct-2025 13:55,"Complaint received on 03-Oct-2025 13:55 from 0, 0, 3. Fraud type: 3, Bank: 1."
1103,ICICI ATM - Bus Stand,"Beed, Maharashtra",19.198668,75.877463,1.3185556683135877,0.789955336936648,Low,4,8379.0175,1058,03-Oct-2025 13:55,"Complaint received on 03-Oct-2025 13:55 from 0, 0, 3. Fraud type: 3, Bank: 1."
1139,BoB ATM - Chowk,"Beed, Maharashtra",18.971292,75.694206,1.3169477934486908,0.7895428840687551,Low,4,76563.2325,1059,03-Oct-2025 13:55,"Complaint received on 03-Oct-2025 13:55 from 0, 0, 3. Fraud type: 3, Bank: 1."
65,BoB ATM - Railway Station,"Mumbai Suburban, Maharashtra",19.063368,73.010674,1.3166664045955259,0.7894707020588146,Low,6,28729.31,1060,03-Oct-2025 13:55,"Complaint received on 03-Oct-2025 13:55 from 0, 0, 3. Fraud type: 3, Bank: 1."
1118,Axis ATM - Chowk,"Beed, Maharashtra",18.776852,75.809038,1.316371470533335,0.7893950454250517,Low,4,5816.045,1061,03-Oct-2025 13:55,"Complaint received on 03-Oct-2025 13:55 from 0, 0, 3. Fraud type: 3, Bank: 1."
114,HDFC ATM - Market,"Thane, Maharashtra",19.252842,72.886851,1.3160412905601238,0.7893103474924918,Low,8,38178.24625,1062,03-Oct-2025 13:55,"Complaint received on 03-Oct-2025 13:55 from 0, 0, 3. Fraud type: 3, Bank: 1."
1583,HDFC ATM - Railway Station,"Washim, Maharashtra",20.215769,77.226536,1.315606084628723,0.7891987082483883,Low,9,14852.89,1063,03-Oct-2025 13:55,"Complaint received on 03-Oct-2025 13:55 from 0, 0, 3. Fraud type: 3, Bank: 1."
36,SBI ATM - Signal,"Mumbai City, Maharashtra",18.858769,72.893401,1.3151537443862342,0.7890826737021989,Low,9,20469.75888888889,1064,03-Oct-2025 13:55,"Complaint received on 03-Oct-2025 13:55 from 0, 0, 3. Fraud type: 3, Bank: 1."
679,HDFC ATM - Market,"Solapur, Maharashtra",17.793946,75.741812,1.313987868106884,0.7887836025334625,Low,8,17366.4975,1065,03-Oct-2025 13:55,"Complaint received on 03-Oct-2025 13:55 from 0, 0, 3. Fraud type: 3, Bank: 1."
937,Axis ATM - Bus Stand,"Jalgaon, Maharashtra",21.07625,75.411289,1.3132065890799731,0.7885831884450847,Low,4,150707.27,1066,03-Oct-2025 13:55,"Complaint received on 03-Oct-2025 13:55 from 0, 0, 3. Fraud type: 3, Bank: 1."
1203,HDFC ATM - Railway Station,"Osmanabad, Maharashtra",18.152424,75.927831,1.3131986596888512,0.7885811543936917,Low,3,33673.89666666667,1067,03-Oct-2025 13:55,"Complaint received on 03-Oct-2025 13:55 from 0, 0, 3. Fraud type: 3, Bank: 1."
1577,SBI ATM - Signal,"Washim, Maharashtra",19.968175,77.193937,1.312743399249576,0.7884643707571558,Low,7,24690.19428571428,1068,03-Oct-2025 13:55,"Complaint received on 03-Oct-2025 13:55 from 0, 0, 3. Fraud type: 3, Bank: 1."
1709,ICICI ATM - Main Road,"Yavatmal, Maharashtra",20.569692,78.352924,1.3126004715872113,0.788427706881421,Low,5,18102.306,1069,03-Oct-2025 13:55,"Complaint received on 03-Oct-2025 13:55 from 0, 0, 3. Fraud type: 3, Bank: 1."
774,SBI ATM - Main Road,"Nashik, Maharashtra",20.041458,73.873173,1.3116367254700567,0.7881804862434105,Low,7,38757.91285714286,1070,03-Oct-2025 13:55,"Complaint received on 03-Oct-2025 13:55 from 0, 0, 3. Fraud type: 3, Bank: 1."
222,ICICI ATM - Bus Stand,"Palghar, Maharashtra",19.638336,72.632894,1.3113573908367446,0.7881088311829785,Low,3,12335.433333333334,1071,03-Oct-2025 13:55,"Complaint received on 03-Oct-2025 13:55 from 0, 0, 3. Fraud type: 3, Bank: 1."
1794,BoB ATM - Market,"Wardha, Maharashtra",20.573375,78.407967,1.3113552190934818,0.7881082740863059,Low,6,32447.89833333333,1072,03-Oct-2025 13:55,"Complaint received on 03-Oct-2025 13:55 from 0, 0, 3. Fraud type: 3, Bank: 1."
1114,HDFC ATM - Railway Station,"Beed, Maharashtra",19.096846,75.829025,1.310940757746881,0.7880019562535141,Low,4,32670.7675,1073,03-Oct-2025 13:55,"Complaint received on 03-Oct-2025 13:55 from 0, 0, 3. Fraud type: 3, Bank: 1."
1520,PNB ATM - Bus Stand,"Akola, Maharashtra",20.803522,76.995318,1.3101987877231567,0.7878116257303764,Low,1,6409.32,1074,03-Oct-2025 13:55,"Complaint received on 03-Oct-2025 13:55 from 0, 0, 3. Fraud type: 3, Bank: 1."
1451,BoB ATM - Signal,"Buldhana, Maharashtra",20.231401,76.10101,1.309881130213794,0.7877301400665323,Low,6,54677.73333333334,1075,03-Oct-2025 13:55,"Complaint received on 03-Oct-2025 13:55 from 0, 0, 3. Fraud type: 3, Bank: 1."
640,ICICI ATM - Market,"Solapur, Maharashtra",17.641278,75.8899,1.3094167465146807,0.7876110161268006,Low,7,30847.78857142857,1076,03-Oct-2025 13:55,"Complaint received on 03-Oct-2025 13:55 from 0, 0, 3. Fraud type: 3, Bank: 1."
555,BoB ATM - Market,"Sangli, Maharashtra",16.977812,74.53102,1.3090951726737738,0.7875285258436219,Low,3,19099.056666666667,1077,03-Oct-2025 13:55,"Complaint received on 03-Oct-2025 13:55 from 0, 0, 3. Fraud type: 3, Bank: 1."
324,BoB ATM - Bus Stand,"Ratnagiri, Maharashtra",16.776554,73.489525,1.3083128119495708,0.7873278342777115,Low,5,38307.108,1078,03-Oct-2025 13:55,"Complaint received on 03-Oct-2025 13:55 from 0, 0, 3. Fraud type: 3, Bank: 1."
696,BoB ATM - Main Road,"Ahmednagar, Maharashtra",19.12706,74.934266,1.3081619502766042,0.7872891351655923,Low,8,23142.835,1079,03-Oct-2025 13:55,"Complaint received on 03-Oct-2025 13:55 from 0, 0, 3. Fraud type: 3, Bank: 1."
79,BoB ATM - Railway Station,"Mumbai Suburban, Maharashtra",19.19508,72.777141,1.3079737658246657,0.7872408619954662,Low,6,54120.82,1080,03-Oct-2025 13:55,"Complaint received on 03-Oct-2025 13:55 from 0, 0, 3. Fraud type: 3, Bank: 1."
1088,PNB ATM - Signal,"Jalna, Maharashtra",19.978294,75.751474,1.3074376690472895,0.7871033421808807,Low,6,17865.33,1081,03-Oct-2025 13:55,"Complaint received on 03-Oct-2025 13:55 from 0, 0, 3. Fraud type: 3, Bank: 1."
2131,BoB ATM - Market,"Jalna, Maharashtra",19.831713,75.765527,1.3061634890145188,0.7867764888789219,Low,2,47414.035,1082,03-Oct-2025 13:55,"Complaint received on 03-Oct-2025 13:55 from 0, 0, 3. Fraud type: 3, Bank: 1."
2021,SBI ATM - Chowk,"Bhandara, Maharashtra",21.307524,79.556715,1.3057423798906225,0.7866684657549595,Low,2,30504.81,1083,03-Oct-2025 13:55,"Complaint received on 03-Oct-2025 13:55 from 0, 0, 3. Fraud type: 3, Bank: 1."
1120,ICICI ATM - Signal,"Beed, Maharashtra",19.04274,75.853472,1.3053135868847259,0.7865584715577272,Low,3,100665.90666666668,1084,03-Oct-2025 13:55,"Complaint received on 03-Oct-2025 13:55 from 0, 0, 3. Fraud type: 3, Bank: 1."
1509,SBI ATM - Market,"Akola, Maharashtra",20.732165,77.11255,1.3049985386142084,0.7864776552171421,Low,4,32822.4425,1085,03-Oct-2025 13:55,"Complaint received on 03-Oct-2025 13:55 from 0, 0, 3. Fraud type: 3, Bank: 1."
2112,HDFC ATM - Market,"Bhandara, Maharashtra",21.276956,79.650508,1.3049134714990154,0.7864558337580281,Low,1,6557.86,1086,03-Oct-2025 13:55,"Complaint received on 03-Oct-2025 13:55 from 0, 0, 3. Fraud type: 3, Bank: 1."
718,ICICI ATM - Bus Stand,"Ahmednagar, Maharashtra",19.289351,74.675148,1.3041851106561957,0.7862689942688112,Low,7,27391.08142857143,1087,03-Oct-2025 13:55,"Complaint received on 03-Oct-2025 13:55 from 0, 0, 3. Fraud type: 3, Bank: 1."
476,PNB ATM - Chowk,"Satara, Maharashtra",17.687156,73.922368,1.3029991076434009,0.7859647601803034,Low,5,39823.034,1088,03-Oct-2025 13:55,"Complaint received on 03-Oct-2025 13:55 from 0, 0, 3. Fraud type: 3, Bank: 1."
287,BoB ATM - Signal,"Raigad, Maharashtra",18.461487,73.138093,1.3027431148412594,0.7858990927781264,Low,5,30781.16,1089,03-Oct-2025 13:55,"Complaint received on 03-Oct-2025 13:55 from 0, 0, 3. Fraud type: 3, Bank: 1."
1317,SBI ATM - Signal,"Nanded, Maharashtra",19.188959,77.181878,1.301868230305953,0.785674666957722,Low,8,57220.06125,1090,03-Oct-2025 13:55,"Complaint received on 03-Oct-2025 13:55 from 0, 0, 3. Fraud type: 3, Bank: 1."
1144,ICICI ATM - Chowk,"Beed, Maharashtra",18.731599,75.891658,1.3016216212747607,0.785611406685182,Low,4,69989.99,1091,03-Oct-2025 13:55,"Complaint received on 03-Oct-2025 13:55 from 0, 0, 3. Fraud type: 3, Bank: 1."
80,HDFC ATM - Railway Station,"Mumbai Suburban, Maharashtra",19.176789,72.871261,1.301469566381641,0.7855724014876299,Low,5,69987.208,1092,03-Oct-2025 13:55,"Complaint received on 03-Oct-2025 13:55 from 0, 0, 3. Fraud type: 3, Bank: 1."
927,BoB ATM - Bus Stand,"Jalgaon, Maharashtra",20.907703,75.447212,1.3009112073976041,0.7854291709606109,Low,7,18272.905714285716,1093,03-Oct-2025 13:55,"Complaint received on 03-Oct-2025 13:55 from 0, 0, 3. Fraud type: 3, Bank: 1."
1142,ICICI ATM - Bus Stand,"Beed, Maharashtra",19.073465,75.861892,1.3007438227326338,0.7853862333622844,Low,5,19382.724,1094,03-Oct-2025 13:55,"Complaint received on 03-Oct-2025 13:55 from 0, 0, 3. Fraud type: 3, Bank: 1."
931,BoB ATM - Railway Station,"Jalgaon, Maharashtra",21.042174,75.688418,1.3000267316619503,0.7852022848006761,Low,6,40868.72666666667,1095,03-Oct-2025 13:55,"Complaint received on 03-Oct-2025 13:55 from 0, 0, 3. Fraud type: 3, Bank: 1."
566,HDFC ATM - Chowk,"Sangli, Maharashtra",16.839231,74.571869,1.2999648672734285,0.7851864153166614,Low,4,11327.1175,1096,03-Oct-2025 13:55,"Complaint received on 03-Oct-2025 13:55 from 0, 0, 3. Fraud type: 3, Bank: 1."
752,SBI ATM - Signal,"Nashik, Maharashtra",20.237503,73.661896,1.2993253530677744,0.7850223668114331,Low,7,44065.18428571429,1097,03-Oct-2025 13:55,"Complaint received on 03-Oct-2025 13:55 from 0, 0, 3. Fraud type: 3, Bank: 1."
1338,ICICI ATM - Market,"Parbhani, Maharashtra",19.479907,76.877698,1.2984412940725347,0.7847955875539587,Low,5,24968.048000000003,1098,03-Oct-2025 13:55,"Complaint received on 03-Oct-2025 13:55 from 0, 0, 3. Fraud type: 3, Bank: 1."
1213,Axis ATM - Market,"Osmanabad, Maharashtra",18.070057,75.930181,1.2981278014186668,0.7847151702609381,Low,6,16726.678333333333,1099,03-Oct-2025 13:55,"Complaint received on 03-Oct-2025 13:55 from 0, 0, 3. Fraud type: 3, Bank: 1."
1342,ICICI ATM - Main Road,"Parbhani, Maharashtra",19.367443,76.704211,1.298067252595875,0.784699638246505,Low,9,21494.284444444445,1100,03-Oct-2025 13:55,"Complaint received on 03-Oct-2025 13:55 from 0, 0, 3. Fraud type: 3, Bank: 1."
873,PNB ATM - Chowk,"Nandurbar, Maharashtra",21.703139,74.118266,1.2979932074639111,0.7846806441520647,Low,4,45795.3825,1101,03-Oct-2025 13:55,"Complaint received on 03-Oct-2025 13:55 from 0, 0, 3. Fraud type: 3, Bank: 1."
828,HDFC ATM - Chowk,"Dhule, Maharashtra",20.961669,74.80155,1.2978593227037005,0.7846462999661323,Low,10,35296.163,1102,03-Oct-2025 13:55,"Complaint received on 03-Oct-2025 13:55 from 0, 0, 3. Fraud type: 3, Bank: 1."
935,HDFC ATM - Chowk,"Jalgaon, Maharashtra",20.928521,75.724933,1.297735815862402,0.7846146179291715,Low,5,24939.682,1103,03-Oct-2025 13:55,"Complaint received on 03-Oct-2025 13:55 from 0, 0, 3. Fraud type: 3, Bank: 1."
799,PNB ATM - Railway Station,"Nashik, Maharashtra",20.085312,73.639485,1.2963836200797811,0.7842677519878781,Low,3,70738.59666666666,1104,03-Oct-2025 13:55,"Complaint received on 03-Oct-2025 13:55 from 0, 0, 3. Fraud type: 3, Bank: 1."
1566,PNB ATM - Chowk,"Washim, Maharashtra",20.173841,77.183399,1.2949722392344947,0.783905703864584,Low,9,23084.344444444447,1105,03-Oct-2025 13:55,"Complaint received on 03-Oct-2025 13:55 from 0, 0, 3. Fraud type: 3, Bank: 1."
1085,SBI ATM - Signal,"Jalna, Maharashtra",20.081967,75.850357,1.294486921928003,0.7837812100253738,Low,3,7829.683333333333,1106,03-Oct-2025 13:55,"Complaint received on 03-Oct-2025 13:55 from 0, 0, 3. Fraud type: 3, Bank: 1."
531,Axis ATM - Main Road,"Sangli, Maharashtra",16.841993,74.585069,1.294353103833579,0.7837468829405825,Low,3,16696.98,1107,03-Oct-2025 13:55,"Complaint received on 03-Oct-2025 13:55 from 0, 0, 3. Fraud type: 3, Bank: 1."
1046,Axis ATM - Signal,"Jalna, Maharashtra",19.791618,75.898211,1.2942696220856873,0.783725468160685,Low,5,93367.754,1108,03-Oct-2025 13:55,"Complaint received on 03-Oct-2025 13:55 from 0, 0, 3. Fraud type: 3, Bank: 1."
929,HDFC ATM - Bus Stand,"Jalgaon, Maharashtra",20.924794,75.663487,1.2937621955939478,0.7835953028621708,Low,6,24682.55833333333,1109,03-Oct-2025 13:55,"Complaint received on 03-Oct-2025 13:55 from 0, 0, 3. Fraud type: 3, Bank: 1."
1568,Axis ATM - Signal,"Washim, Maharashtra",20.280224,76.841463,1.2931829047553232,0.7834467028853,Low,5,6831.918,1110,03-Oct-2025 13:55,"Complaint received on 03-Oct-2025 13:55 from 0, 0, 3. Fraud type: 3, Bank: 1."
800,SBI ATM - Market,"Nashik, Maharashtra",19.699091,73.896085,1.2929877686548412,0.7833966464747979,Low,2,32340.875,1111,03-Oct-2025 13:55,"Complaint received on 03-Oct-2025 13:55 from 0, 0, 3. Fraud type: 3, Bank: 1."
1152,HDFC ATM - Railway Station,"Beed, Maharashtra",18.993936,75.668981,1.2911613185110167,0.7829281245665759,Low,3,65259.81666666667,1112,03-Oct-2025 13:55,"Complaint received on 03-Oct-2025 13:55 from 0, 0, 3. Fraud type: 3, Bank: 1."
517,BoB ATM - Chowk,"Satara, Maharashtra",17.604932,74.047496,1.2911208647082473,0.7829177473367717,Low,2,13554.765,1113,03-Oct-2025 13:55,"Complaint received on 03-Oct-2025 13:55 from 0, 0, 3. Fraud type: 3, Bank: 1."
491,Axis ATM - Railway Station,"Satara, Maharashtra",17.489932,74.09125,1.2911208647082473,0.7829177473367717,Low,5,13029.302,1114,03-Oct-2025 13:55,"Complaint received on 03-Oct-2025 13:55 from 0, 0, 3. Fraud type: 3, Bank: 1."
514,BoB ATM - Chowk,"Satara, Maharashtra",17.757127,74.159498,1.2911208647082473,0.7829177473367717,Low,2,10725.005,1115,03-Oct-2025 13:55,"Complaint received on 03-Oct-2025 13:55 from 0, 0, 3. Fraud type: 3, Bank: 1."
1111,PNB ATM - Railway Station,"Beed, Maharashtra",19.062807,75.738016,1.290485976276251,0.7827548854373254,Low,7,45808.12,1116,03-Oct-2025 13:55,"Complaint received on 03-Oct-2025 13:55 from 0, 0, 3. Fraud type: 3, Bank: 1."
1113,BoB ATM - Market,"Beed, Maharashtra",19.054141,75.866519,1.2902364733224627,0.7826908828143078,Low,4,34164.3825,1117,03-Oct-2025 13:55,"Complaint received on 03-Oct-2025 13:55 from 0, 0, 3. Fraud type: 3, Bank: 1."
2077,PNB ATM - Main Road,"Gadchiroli, Maharashtra",20.055741,79.93688,1.2895990838128255,0.782527379337169,Low,4,29899.1,1118,03-Oct-2025 13:55,"Complaint received on 03-Oct-2025 13:55 from 0, 0, 3. Fraud type: 3, Bank: 1."
247,BoB ATM - Signal,"Raigad, Maharashtra",18.560512,73.140575,1.289290387593064,0.7824481924278341,Low,6,28180.02,1119,03-Oct-2025 13:55,"Complaint received on 03-Oct-2025 13:55 from 0, 0, 3. Fraud type: 3, Bank: 1."
1719,HDFC ATM - Market,"Yavatmal, Maharashtra",20.450329,77.830808,1.289268118024038,0.7824424798268027,Low,2,57105.245,1120,03-Oct-2025 13:55,"Complaint received on 03-Oct-2025 13:55 from 0, 0, 3. Fraud type: 3, Bank: 1."
2134,ICICI ATM - Signal,"Jalgaon, Maharashtra",20.968258,75.319537,1.2889331259989958,0.7823565475042904,Low,3,23676.373333333333,1121,03-Oct-2025 13:55,"Complaint received on 03-Oct-2025 13:55 from 0, 0, 3. Fraud type: 3, Bank: 1."
1248,Axis ATM - Signal,"Latur, Maharashtra",18.393626,76.716828,1.2884400988769849,0.7822300759393309,Low,5,34642.672000000006,1122,03-Oct-2025 13:55,"Complaint received on 03-Oct-2025 13:55 from 0, 0, 3. Fraud type: 3, Bank: 1."
343,HDFC ATM - Bus Stand,"Ratnagiri, Maharashtra",17.215843,73.47145,1.2869764307474114,0.7818546150556106,Low,2,15171.355,1123,03-Oct-2025 13:55,"Complaint received on 03-Oct-2025 13:55 from 0, 0, 3. Fraud type: 3, Bank: 1."
1082,Axis ATM - Signal,"Jalna, Maharashtra",20.008094,75.922674,1.2869571186402764,0.7818496611041889,Low,2,38881.465,1124,03-Oct-2025 13:55,"Complaint received on 03-Oct-2025 13:55 from 0, 0, 3. Fraud type: 3, Bank: 1."
780,HDFC ATM - Signal,"Nashik, Maharashtra",20.048168,73.688437,1.2868053048305796,0.7818107177494775,Low,5,20087.282,1125,03-Oct-2025 13:55,"Complaint received on 03-Oct-2025 13:55 from 0, 0, 3. Fraud type: 3, Bank: 1."
854,SBI ATM - Bus Stand,"Dhule, Maharashtra",20.77996,74.698671,1.2859191680721047,0.7815834055031344,Low,7,47975.54571428571,1126,03-Oct-2025 13:55,"Complaint received on 03-Oct-2025 13:55 from 0, 0, 3. Fraud type: 3, Bank: 1."
60,ICICI ATM - Bus Stand,"Mumbai Suburban, Maharashtra",19.190423,73.142855,1.2857128289203261,0.781530475280287,Low,4,35882.9725,1127,03-Oct-2025 13:55,"Complaint received on 03-Oct-2025 13:55 from 0, 0, 3. Fraud type: 3, Bank: 1."
971,ICICI ATM - Market,"Jalgaon, Maharashtra",20.883401,75.394446,1.2851703359589814,0.7813913147133777,Low,4,18930.98,1128,03-Oct-2025 13:55,"Complaint received on 03-Oct-2025 13:55 from 0, 0, 3. Fraud type: 3, Bank: 1."
1799,PNB ATM - Chowk,"Wardha, Maharashtra",20.911463,78.423104,1.2845764644883158,0.7812389745054527,Low,9,11272.24,1129,03-Oct-2025 13:55,"Complaint received on 03-Oct-2025 13:55 from 0, 0, 3. Fraud type: 3, Bank: 1."
1117,PNB ATM - Railway Station,"Beed, Maharashtra",18.810416,75.681997,1.2840074582128835,0.7810930127298974,Low,8,27522.94,1130,03-Oct-2025 13:55,"Complaint received on 03-Oct-2025 13:55 from 0, 0, 3. Fraud type: 3, Bank: 1."
883,BoB ATM - Bus Stand,"Nandurbar, Maharashtra",21.616729,74.137153,1.2839840319703109,0.7810870034183869,Low,3,57609.06333333333,1131,03-Oct-2025 13:55,"Complaint received on 03-Oct-2025 13:55 from 0, 0, 3. Fraud type: 3, Bank: 1."
1055,ICICI ATM - Signal,"Jalna, Maharashtra",19.807306,75.990598,1.283540801052981,0.7809733056008623,Low,5,27876.508,1132,03-Oct-2025 13:55,"Complaint received on 03-Oct-2025 13:55 from 0, 0, 3. Fraud type: 3, Bank: 1."
1983,SBI ATM - Main Road,"Bhandara, Maharashtra",21.148955,79.708981,1.283474084874313,0.7809561915332024,Low,6,30014.82833333333,1133,03-Oct-2025 13:55,"Complaint received on 03-Oct-2025 13:55 from 0, 0, 3. Fraud type: 3, Bank: 1."
893,PNB ATM - Signal,"Nandurbar, Maharashtra",21.780239,74.173033,1.282805572826994,0.7807847044870663,Low,12,33879.9425,1134,03-Oct-2025 13:55,"Complaint received on 03-Oct-2025 13:55 from 0, 0, 3. Fraud type: 3, Bank: 1."
1514,HDFC ATM - Railway Station,"Akola, Maharashtra",20.766817,76.967883,1.2821023278233383,0.7806043077255261,Low,7,27351.46142857143,1135,03-Oct-2025 13:55,"Complaint received on 03-Oct-2025 13:55 from 0, 0, 3. Fraud type: 3, Bank: 1."
664,SBI ATM - Chowk,"Solapur, Maharashtra",17.678163,75.989515,1.2816423238876669,0.7804863072849124,Low,7,10754.595714285711,1136,03-Oct-2025 13:55,"Complaint received on 03-Oct-2025 13:55 from 0, 0, 3. Fraud type: 3, Bank: 1."
671,SBI ATM - Railway Station,"Solapur, Maharashtra",17.636161,75.942162,1.2816423238876669,0.7804863072849124,Low,7,13101.621428571429,1137,03-Oct-2025 13:55,"Complaint received on 03-Oct-2025 13:55 from 0, 0, 3. Fraud type: 3, Bank: 1."
191,PNB ATM - Railway Station,"Palghar, Maharashtra",19.494424,72.922465,1.280673837405272,0.7802378706460295,Low,5,42923.172000000006,1138,03-Oct-2025 13:55,"Complaint received on 03-Oct-2025 13:55 from 0, 0, 3. Fraud type: 3, Bank: 1."
1215,Axis ATM - Chowk,"Latur, Maharashtra",18.349916,76.534589,1.280037090128765,0.7800745319148558,Low,6,86801.31166666666,1139,03-Oct-2025 13:55,"Complaint received on 03-Oct-2025 13:55 from 0, 0, 3. Fraud type: 3, Bank: 1."
674,PNB ATM - Railway Station,"Solapur, Maharashtra",17.735197,75.838674,1.2799250926442205,0.7800458022638701,Low,5,13978.432,1140,03-Oct-2025 13:55,"Complaint received on 03-Oct-2025 13:55 from 0, 0, 3. Fraud type: 3, Bank: 1."
146,ICICI ATM - Market,"Thane, Maharashtra",19.092219,73.025452,1.2788421873873352,0.7797680148634886,Low,7,18553.79142857143,1141,03-Oct-2025 13:55,"Complaint received on 03-Oct-2025 13:55 from 0, 0, 3. Fraud type: 3, Bank: 1."
1064,HDFC ATM - Signal,"Jalna, Maharashtra",19.94848,75.870886,1.2783106899065182,0.7796316748627666,Low,8,27046.07125,1142,03-Oct-2025 13:55,"Complaint received on 03-Oct-2025 13:55 from 0, 0, 3. Fraud type: 3, Bank: 1."
571,BoB ATM - Railway Station,"Sangli, Maharashtra",16.881587,74.73704,1.278238160570582,0.7796130696010847,Low,3,9285.006666666666,1143,03-Oct-2025 13:55,"Complaint received on 03-Oct-2025 13:55 from 0, 0, 3. Fraud type: 3, Bank: 1."
127,HDFC ATM - Main Road,"Thane, Maharashtra",19.327014,72.952353,1.2779318992324955,0.77953450728882,Low,3,31682.26,1144,03-Oct-2025 13:55,"Complaint received on 03-Oct-2025 13:55 from 0, 0, 3. Fraud type: 3, Bank: 1."
315,PNB ATM - Bus Stand,"Ratnagiri, Maharashtra",16.868547,73.111417,1.2767733273534263,0.7792373098485125,Low,5,11318.82,1145,03-Oct-2025 13:55,"Complaint received on 03-Oct-2025 13:55 from 0, 0, 3. Fraud type: 3, Bank: 1."
250,SBI ATM - Chowk,"Raigad, Maharashtra",18.530391,73.171319,1.276592449703725,0.779190911022966,Low,6,16772.735,1146,03-Oct-2025 13:55,"Complaint received on 03-Oct-2025 13:55 from 0, 0, 3. Fraud type: 3, Bank: 1."
1790,PNB ATM - Main Road,"Nagpur, Maharashtra",21.227766,79.150851,1.2756427414267142,0.7789472913787595,Low,3,19435.103333333336,1147,03-Oct-2025 13:55,"Complaint received on 03-Oct-2025 13:55 from 0, 0, 3. Fraud type: 3, Bank: 1."
1131,SBI ATM - Main Road,"Beed, Maharashtra",19.072028,75.596085,1.2752415312075218,0.7788443727318258,Low,5,26229.154,1148,03-Oct-2025 13:55,"Complaint received on 03-Oct-2025 13:55 from 0, 0, 3. Fraud type: 3, Bank: 1."
1913,SBI ATM - Market,"Gondia, Maharashtra",21.479146,79.950148,1.2751851477894327,0.7788299092290992,Low,7,38331.22142857143,1149,03-Oct-2025 13:55,"Complaint received on 03-Oct-2025 13:55 from 0, 0, 3. Fraud type: 3, Bank: 1."
934,BoB ATM - Signal,"Jalgaon, Maharashtra",20.976319,75.541847,1.2751674652656917,0.7788253732992282,Low,4,52502.31999999999,1150,03-Oct-2025 13:55,"Complaint received on 03-Oct-2025 13:55 from 0, 0, 3. Fraud type: 3, Bank: 1."
426,ICICI ATM - Main Road,"Pune, Maharashtra",18.588372,73.903725,1.2751249319694498,0.7788144626367139,Low,6,19073.385,1151,03-Oct-2025 13:55,"Complaint received on 03-Oct-2025 13:55 from 0, 0, 3. Fraud type: 3, Bank: 1."
406,BoB ATM - Market,"Pune, Maharashtra",18.542932,73.855572,1.2750822350712492,0.7788035100069433,Low,9,42892.47222222222,1152,03-Oct-2025 13:55,"Complaint received on 03-Oct-2025 13:55 from 0, 0, 3. Fraud type: 3, Bank: 1."
409,HDFC ATM - Railway Station,"Pune, Maharashtra",18.461267,73.975299,1.2743633129288796,0.7786190917379064,Low,7,39640.17571428571,1153,03-Oct-2025 13:55,"Complaint received on 03-Oct-2025 13:55 from 0, 0, 3. Fraud type: 3, Bank: 1."
753,PNB ATM - Bus Stand,"Nashik, Maharashtra",20.078421,73.756241,1.2738596343702187,0.778489887861068,Low,5,19664.432,1154,03-Oct-2025 13:55,"Complaint received on 03-Oct-2025 13:55 from 0, 0, 3. Fraud type: 3, Bank: 1."
1061,HDFC ATM - Signal,"Jalna, Maharashtra",19.769498,75.870217,1.2737341341480632,0.7784576944810485,Low,5,12654.214,1155,03-Oct-2025 13:55,"Complaint received on 03-Oct-2025 13:55 from 0, 0, 3. Fraud type: 3, Bank: 1."
500,PNB ATM - Railway Station,"Satara, Maharashtra",17.598833,74.216113,1.2736939536102752,0.7784473873493147,Low,4,9602.845,1156,03-Oct-2025 13:55,"Complaint received on 03-Oct-2025 13:55 from 0, 0, 3. Fraud type: 3, Bank: 1."
907,SBI ATM - Chowk,"Nandurbar, Maharashtra",21.629152,74.289312,1.2727542801330198,0.7782063418369813,Low,8,25586.765,1157,03-Oct-2025 13:55,"Complaint received on 03-Oct-2025 13:55 from 0, 0, 3. Fraud type: 3, Bank: 1."
1042,HDFC ATM - Main Road,"Jalna, Maharashtra",19.616569,75.918358,1.2725163973935947,0.7781453200371882,Low,7,13970.358571428573,1158,03-Oct-2025 13:55,"Complaint received on 03-Oct-2025 13:55 from 0, 0, 3. Fraud type: 3, Bank: 1."
1303,Axis ATM - Bus Stand,"Nanded, Maharashtra",19.401472,77.442845,1.2724483794376629,0.7781278720369709,Low,5,32625.98,1159,03-Oct-2025 13:55,"Complaint received on 03-Oct-2025 13:55 from 0, 0, 3. Fraud type: 3, Bank: 1."
0,SBI ATM - Signal,"Mumbai City, Maharashtra",19.017723,73.002764,1.2722999426553787,0.7780897949590274,Low,10,25598.395,1160,03-Oct-2025 13:55,"Complaint received on 03-Oct-2025 13:55 from 0, 0, 3. Fraud type: 3, Bank: 1."
1094,ICICI ATM - Market,"Jalna, Maharashtra",19.715228,75.936689,1.2720457176448208,0.7780245810316355,Low,3,54522.56333333333,1161,03-Oct-2025 13:55,"Complaint received on 03-Oct-2025 13:55 from 0, 0, 3. Fraud type: 3, Bank: 1."
1644,SBI ATM - Railway Station,"Amravati, Maharashtra",21.010671,77.928694,1.2712208123207973,0.7778129759036112,Low,6,49634.17166666666,1162,03-Oct-2025 13:55,"Complaint received on 03-Oct-2025 13:55 from 0, 0, 3. Fraud type: 3, Bank: 1."
333,BoB ATM - Signal,"Ratnagiri, Maharashtra",17.28349,73.325507,1.271199621129168,0.7778075399284914,Low,4,37277.995,1163,03-Oct-2025 13:55,"Complaint received on 03-Oct-2025 13:55 from 0, 0, 3. Fraud type: 3, Bank: 1."
2083,PNB ATM - Signal,"Beed, Maharashtra",19.124088,75.93382,1.2693338711652793,0.7773289368106882,Low,4,42994.2825,1164,03-Oct-2025 13:55,"Complaint received on 03-Oct-2025 13:55 from 0, 0, 3. Fraud type: 3, Bank: 1."
113,Axis ATM - Bus Stand,"Mumbai Suburban, Maharashtra",19.061756,72.889825,1.2690715270505728,0.7772616401666222,Low,3,87620.47000000002,1165,03-Oct-2025 13:55,"Complaint received on 03-Oct-2025 13:55 from 0, 0, 3. Fraud type: 3, Bank: 1."
1871,SBI ATM - Market,"Chandrapur, Maharashtra",20.125528,79.167141,1.2688829613204167,0.7772132691908161,Low,2,31258.855,1166,03-Oct-2025 13:55,"Complaint received on 03-Oct-2025 13:55 from 0, 0, 3. Fraud type: 3, Bank: 1."
1096,Axis ATM - Railway Station,"Jalna, Maharashtra",19.842707,75.95013,1.2686916667339938,0.7771641982074299,Low,4,11260.7375,1167,03-Oct-2025 13:55,"Complaint received on 03-Oct-2025 13:55 from 0, 0, 3. Fraud type: 3, Bank: 1."
1044,BoB ATM - Signal,"Jalna, Maharashtra",19.655859,75.878549,1.2686916667339938,0.7771641982074299,Low,6,11682.733333333332,1168,03-Oct-2025 13:55,"Complaint received on 03-Oct-2025 13:55 from 0, 0, 3. Fraud type: 3, Bank: 1."
2108,BoB ATM - Railway Station,"Washim, Maharashtra",20.186639,77.266974,1.268467156056305,0.7771066066156294,Low,6,35608.37666666667,1169,03-Oct-2025 13:55,"Complaint received on 03-Oct-2025 13:55 from 0, 0, 3. Fraud type: 3, Bank: 1."
1068,Axis ATM - Railway Station,"Jalna, Maharashtra",20.072917,75.716419,1.268192172245016,0.7770360676302479,Low,5,11643.214,1170,03-Oct-2025 13:55,"Complaint received on 03-Oct-2025 13:55 from 0, 0, 3. Fraud type: 3, Bank: 1."
1232,PNB ATM - Market,"Latur, Maharashtra",18.471855,76.650201,1.2679404466952855,0.7769714948658027,Low,7,50160.22571428572,1171,03-Oct-2025 13:55,"Complaint received on 03-Oct-2025 13:55 from 0, 0, 3. Fraud type: 3, Bank: 1."
798,Axis ATM - Market,"Nashik, Maharashtra",20.003592,73.617407,1.2678195216661332,0.7769404751165905,Low,5,17945.170000000002,1172,03-Oct-2025 13:55,"Complaint received on 03-Oct-2025 13:55 from 0, 0, 3. Fraud type: 3, Bank: 1."
582,PNB ATM - Railway Station,"Kolhapur, Maharashtra",16.622087,74.093127,1.2675266924511743,0.7768653584192967,Low,8,33072.01375,1173,03-Oct-2025 13:55,"Complaint received on 03-Oct-2025 13:55 from 0, 0, 3. Fraud type: 3, Bank: 1."
2126,HDFC ATM - Railway Station,"Satara, Maharashtra",17.677077,74.257072,1.267325046200458,0.7768136320217868,Low,2,7853.93,1174,03-Oct-2025 13:55,"Complaint received on 03-Oct-2025 13:55 from 0, 0, 3. Fraud type: 3, Bank: 1."
1057,SBI ATM - Signal,"Jalna, Maharashtra",19.852765,75.800562,1.2664359888567032,0.7765855705854409,Low,9,7959.281111111111,1175,03-Oct-2025 13:55,"Complaint received on 03-Oct-2025 13:55 from 0, 0, 3. Fraud type: 3, Bank: 1."
1863,PNB ATM - Chowk,"Chandrapur, Maharashtra",20.034516,79.351382,1.2660630359136045,0.7764899005091629,Low,9,30863.486666666668,1176,03-Oct-2025 13:55,"Complaint received on 03-Oct-2025 13:55 from 0, 0, 3. Fraud type: 3, Bank: 1."
98,ICICI ATM - Main Road,"Mumbai Suburban, Maharashtra",19.218647,73.107615,1.2655647144340796,0.776362070832955,Low,9,35760.18111111111,1177,03-Oct-2025 13:55,"Complaint received on 03-Oct-2025 13:55 from 0, 0, 3. Fraud type: 3, Bank: 1."
1175,BoB ATM - Chowk,"Osmanabad, Maharashtra",18.207037,75.985657,1.2650315374816996,0.7762253000133442,Low,6,18137.27333333333,1178,03-Oct-2025 13:55,"Complaint received on 03-Oct-2025 13:55 from 0, 0, 3. Fraud type: 3, Bank: 1."
1703,Axis ATM - Market,"Yavatmal, Maharashtra",20.237593,78.164435,1.2648481207203166,0.7761782498535938,Low,5,26501.542,1179,03-Oct-2025 13:55,"Complaint received on 03-Oct-2025 13:55 from 0, 0, 3. Fraud type: 3, Bank: 1."
1197,ICICI ATM - Market,"Osmanabad, Maharashtra",18.085682,75.864275,1.2648345337599607,0.7761747645196994,Low,3,123022.13,1180,03-Oct-2025 13:55,"Complaint received on 03-Oct-2025 13:55 from 0, 0, 3. Fraud type: 3, Bank: 1."
265,BoB ATM - Main Road,"Raigad, Maharashtra",18.275425,73.06903,1.2647994497027815,0.7761657647397308,Low,7,46082.22285714286,1181,03-Oct-2025 13:55,"Complaint received on 03-Oct-2025 13:55 from 0, 0, 3. Fraud type: 3, Bank: 1."
337,ICICI ATM - Chowk,"Ratnagiri, Maharashtra",17.023596,73.174941,1.2646722133852883,0.7761331260156635,Low,8,15029.66625,1182,03-Oct-2025 13:55,"Complaint received on 03-Oct-2025 13:55 from 0, 0, 3. Fraud type: 3, Bank: 1."
221,ICICI ATM - Main Road,"Palghar, Maharashtra",19.741011,72.985141,1.263974421252062,0.7759541280271847,Low,5,25195.624000000003,1183,03-Oct-2025 13:55,"Complaint received on 03-Oct-2025 13:55 from 0, 0, 3. Fraud type: 3, Bank: 1."
485,Axis ATM - Market,"Satara, Maharashtra",17.625723,73.709134,1.2637426253440724,0.7758946676244485,Low,9,38867.15111111111,1184,03-Oct-2025 13:55,"Complaint received on 03-Oct-2025 13:55 from 0, 0, 3. Fraud type: 3, Bank: 1."
1565,Axis ATM - Market,"Washim, Maharashtra",20.1115,77.484208,1.2634940834590147,0.7758309115352642,Low,7,8629.215714285714,1185,03-Oct-2025 13:55,"Complaint received on 03-Oct-2025 13:55 from 0, 0, 3. Fraud type: 3, Bank: 1."
1498,PNB ATM - Signal,"Buldhana, Maharashtra",20.588324,75.994324,1.2633926431572,0.7758048900180946,Low,3,27017.733333333337,1186,03-Oct-2025 13:55,"Complaint received on 03-Oct-2025 13:55 from 0, 0, 3. Fraud type: 3, Bank: 1."
1066,ICICI ATM - Main Road,"Jalna, Maharashtra",19.753022,75.938545,1.2630693129568722,0.7757219491927151,Low,4,27118.97,1187,03-Oct-2025 13:55,"Complaint received on 03-Oct-2025 13:55 from 0, 0, 3. Fraud type: 3, Bank: 1."
1069,ICICI ATM - Chowk,"Jalna, Maharashtra",19.778491,75.950626,1.2630693129568722,0.7757219491927151,Low,7,26977.187142857143,1188,03-Oct-2025 13:55,"Complaint received on 03-Oct-2025 13:55 from 0, 0, 3. Fraud type: 3, Bank: 1."
446,HDFC ATM - Main Road,"Pune, Maharashtra",18.554304,73.890135,1.2630498166826059,0.7757169479986484,Low,5,32895.432,1189,03-Oct-2025 13:55,"Complaint received on 03-Oct-2025 13:55 from 0, 0, 3. Fraud type: 3, Bank: 1."
100,HDFC ATM - Railway Station,"Mumbai Suburban, Maharashtra",19.082168,72.971076,1.262768492733922,0.7756447826380379,Low,7,51992.58714285714,1190,03-Oct-2025 13:55,"Complaint received on 03-Oct-2025 13:55 from 0, 0, 3. Fraud type: 3, Bank: 1."
1787,PNB ATM - Signal,"Nagpur, Maharashtra",21.118509,79.127498,1.2622522692289708,0.7755123607252764,Low,5,16779.522,1191,03-Oct-2025 13:55,"Complaint received on 03-Oct-2025 13:55 from 0, 0, 3. Fraud type: 3, Bank: 1."
190,ICICI ATM - Market,"Palghar, Maharashtra",19.608904,72.778047,1.2618872172560944,0.775418717409848,Low,6,48980.21666666667,1192,03-Oct-2025 13:55,"Complaint received on 03-Oct-2025 13:55 from 0, 0, 3. Fraud type: 3, Bank: 1."
2059,HDFC ATM - Railway Station,"Gadchiroli, Maharashtra",20.134393,80.150612,1.2618698762925522,0.7754142690971708,Low,6,17186.875,1193,03-Oct-2025 13:55,"Complaint received on 03-Oct-2025 13:55 from 0, 0, 3. Fraud type: 3, Bank: 1."
2022,SBI ATM - Market,"Bhandara, Maharashtra",21.284935,79.674912,1.2617171654142076,0.7753750956259594,Low,1,36445.5,1194,03-Oct-2025 13:55,"Complaint received on 03-Oct-2025 13:55 from 0, 0, 3. Fraud type: 3, Bank: 1."
444,ICICI ATM - Signal,"Pune, Maharashtra",18.5547,74.144636,1.2617082639257104,0.7753728122116594,Low,5,47348.572,1195,03-Oct-2025 13:55,"Complaint received on 03-Oct-2025 13:55 from 0, 0, 3. Fraud type: 3, Bank: 1."
430,BoB ATM - Market,"Pune, Maharashtra",18.516025,74.065347,1.2608855703187583,0.7751617744344089,Low,4,12759.0325,1196,03-Oct-2025 13:55,"Complaint received on 03-Oct-2025 13:55 from 0, 0, 3. Fraud type: 3, Bank: 1."
549,PNB ATM - Railway Station,"Sangli, Maharashtra",16.828915,74.546438,1.2604989998843399,0.7750626111924183,Low,4,106069.745,1197,03-Oct-2025 13:55,"Complaint received on 03-Oct-2025 13:55 from 0, 0, 3. Fraud type: 3, Bank: 1."
1278,HDFC ATM - Main Road,"Nanded, Maharashtra",19.032931,77.4978,1.260131459862973,0.7749683296415416,Low,7,59107.9,1198,03-Oct-2025 13:55,"Complaint received on 03-Oct-2025 13:55 from 0, 0, 3. Fraud type: 3, Bank: 1."
612,BoB ATM - Market,"Kolhapur, Maharashtra",16.568922,74.202031,1.2596304438898298,0.7748398087724774,Low,4,20016.0825,1199,03-Oct-2025 13:55,"Complaint received on 03-Oct-2025 13:55 from 0, 0, 3. Fraud type: 3, Bank: 1."
212,ICICI ATM - Main Road,"Palghar, Maharashtra",19.451907,72.749306,1.2586710039077442,0.7745936927463974,Low,6,27756.15166666667,1200,03-Oct-2025 13:55,"Complaint received on 03-Oct-2025 13:55 from 0, 0, 3. Fraud type: 3, Bank: 1."
1051,ICICI ATM - Signal,"Jalna, Maharashtra",19.801918,75.935963,1.2579932627094395,0.7744198382338151,Low,7,12659.788571428571,1201,03-Oct-2025 13:55,"Complaint received on 03-Oct-2025 13:55 from 0, 0, 3. Fraud type: 3, Bank: 1."
1990,SBI ATM - Chowk,"Bhandara, Maharashtra",21.217496,79.681626,1.2579395350832359,0.7744060559961569,Low,8,16587.94875,1202,03-Oct-2025 13:55,"Complaint received on 03-Oct-2025 13:55 from 0, 0, 3. Fraud type: 3, Bank: 1."
792,HDFC ATM - Main Road,"Nashik, Maharashtra",19.890689,73.800337,1.2579302810188242,0.7744036821389062,Low,10,27053.106,1203,03-Oct-2025 13:55,"Complaint received on 03-Oct-2025 13:55 from 0, 0, 3. Fraud type: 3, Bank: 1."
2001,SBI ATM - Bus Stand,"Bhandara, Maharashtra",21.140876,79.423199,1.257440040594258,0.7742779254189749,Low,12,16601.720833333333,1204,03-Oct-2025 13:55,"Complaint received on 03-Oct-2025 13:55 from 0, 0, 3. Fraud type: 3, Bank: 1."
1856,PNB ATM - Railway Station,"Chandrapur, Maharashtra",19.928067,79.207292,1.2569502501833418,0.7741522841367712,Low,5,15628.738,1205,03-Oct-2025 13:55,"Complaint received on 03-Oct-2025 13:55 from 0, 0, 3. Fraud type: 3, Bank: 1."
1345,SBI ATM - Main Road,"Parbhani, Maharashtra",19.256273,76.670838,1.2562817349579465,0.7739807962753933,Low,7,42678.16285714286,1206,03-Oct-2025 13:55,"Complaint received on 03-Oct-2025 13:55 from 0, 0, 3. Fraud type: 3, Bank: 1."
539,Axis ATM - Main Road,"Sangli, Maharashtra",16.741033,74.311593,1.255775365261614,0.7738509020665677,Low,7,19099.02571428571,1207,03-Oct-2025 13:55,"Complaint received on 03-Oct-2025 13:55 from 0, 0, 3. Fraud type: 3, Bank: 1."
2074,PNB ATM - Main Road,"Gadchiroli, Maharashtra",19.979715,80.423547,1.2532901684166733,0.773213398123722,Low,4,16958.2775,1208,03-Oct-2025 13:55,"Complaint received on 03-Oct-2025 13:55 from 0, 0, 3. Fraud type: 3, Bank: 1."
2066,SBI ATM - Bus Stand,"Gadchiroli, Maharashtra",19.771494,80.322669,1.2532043385218965,0.7731913809960062,Low,7,17617.912857142856,1209,03-Oct-2025 13:55,"Complaint received on 03-Oct-2025 13:55 from 0, 0, 3. Fraud type: 3, Bank: 1."
1190,HDFC ATM - Bus Stand,"Osmanabad, Maharashtra",18.419102,75.938001,1.2530802592103183,0.7731595521086817,Low,4,50038.25,1210,03-Oct-2025 13:55,"Complaint received on 03-Oct-2025 13:55 from 0, 0, 3. Fraud type: 3, Bank: 1."
1078,SBI ATM - Bus Stand,"Jalna, Maharashtra",19.882409,75.928515,1.2526794028915051,0.773056724244451,Low,7,13823.59,1211,03-Oct-2025 13:55,"Complaint received on 03-Oct-2025 13:55 from 0, 0, 3. Fraud type: 3, Bank: 1."
656,HDFC ATM - Bus Stand,"Solapur, Maharashtra",17.554371,75.984398,1.251297079671603,0.7727021299978148,Low,4,12188.215,1212,03-Oct-2025 13:55,"Complaint received on 03-Oct-2025 13:55 from 0, 0, 3. Fraud type: 3, Bank: 1."
638,HDFC ATM - Market,"Solapur, Maharashtra",17.515975,75.893028,1.2507975851826252,0.7725739994206328,Low,6,12083.73,1213,03-Oct-2025 13:55,"Complaint received on 03-Oct-2025 13:55 from 0, 0, 3. Fraud type: 3, Bank: 1."
650,BoB ATM - Railway Station,"Solapur, Maharashtra",17.659945,75.95391,1.2494985558885106,0.7722407717736737,Low,5,17238.436,1214,03-Oct-2025 13:55,"Complaint received on 03-Oct-2025 13:55 from 0, 0, 3. Fraud type: 3, Bank: 1."
328,BoB ATM - Chowk,"Ratnagiri, Maharashtra",16.921161,73.244377,1.249279017285793,0.7721844556210421,Low,9,28170.38111111111,1215,03-Oct-2025 13:55,"Complaint received on 03-Oct-2025 13:55 from 0, 0, 3. Fraud type: 3, Bank: 1."
1485,HDFC ATM - Railway Station,"Buldhana, Maharashtra",20.568094,76.140057,1.2490583155421768,0.7721278410989229,Low,6,51799.69166666667,1216,03-Oct-2025 13:55,"Complaint received on 03-Oct-2025 13:55 from 0, 0, 3. Fraud type: 3, Bank: 1."
335,HDFC ATM - Bus Stand,"Ratnagiri, Maharashtra",16.962288,73.393545,1.2485373088257432,0.7719941921943495,Low,4,16506.7825,1217,03-Oct-2025 13:55,"Complaint received on 03-Oct-2025 13:55 from 0, 0, 3. Fraud type: 3, Bank: 1."
40,PNB ATM - Signal,"Mumbai City, Maharashtra",18.951649,72.936237,1.2483201411621956,0.7719384842362247,Low,7,32906.16857142857,1218,03-Oct-2025 13:55,"Complaint received on 03-Oct-2025 13:55 from 0, 0, 3. Fraud type: 3, Bank: 1."
928,ICICI ATM - Main Road,"Jalgaon, Maharashtra",20.852454,75.619604,1.2481558196625828,0.771896332402614,Low,10,19939.286,1219,03-Oct-2025 13:55,"Complaint received on 03-Oct-2025 13:55 from 0, 0, 3. Fraud type: 3, Bank: 1."
1683,HDFC ATM - Market,"Yavatmal, Maharashtra",20.290165,78.053406,1.2480149952150046,0.7718602080445927,Low,7,31839.977142857144,1220,03-Oct-2025 13:55,"Complaint received on 03-Oct-2025 13:55 from 0, 0, 3. Fraud type: 3, Bank: 1."
1377,Axis ATM - Market,"Parbhani, Maharashtra",19.28206,77.103164,1.2477998706738187,0.771805024189242,Low,7,24542.234285714287,1221,03-Oct-2025 13:55,"Complaint received on 03-Oct-2025 13:55 from 0, 0, 3. Fraud type: 3, Bank: 1."
1916,SBI ATM - Signal,"Gondia, Maharashtra",21.447324,80.117334,1.2467213066553056,0.7715283504055082,Low,12,23595.423333333336,1222,03-Oct-2025 13:55,"Complaint received on 03-Oct-2025 13:55 from 0, 0, 3. Fraud type: 3, Bank: 1."
1678,ICICI ATM - Market,"Yavatmal, Maharashtra",20.27412,78.3255,1.2466484710837256,0.771509666588105,Low,7,10523.578571428572,1223,03-Oct-2025 13:55,"Complaint received on 03-Oct-2025 13:55 from 0, 0, 3. Fraud type: 3, Bank: 1."
1559,BoB ATM - Signal,"Akola, Maharashtra",20.818048,77.054147,1.2462962284101529,0.7714193091205674,Low,2,157032.9,1224,03-Oct-2025 13:55,"Complaint received on 03-Oct-2025 13:55 from 0, 0, 3. Fraud type: 3, Bank: 1."
647,BoB ATM - Signal,"Solapur, Maharashtra",17.863416,75.98094,1.2460781898315718,0.7713633777548808,Low,9,16381.33,1225,03-Oct-2025 13:55,"Complaint received on 03-Oct-2025 13:55 from 0, 0, 3. Fraud type: 3, Bank: 1."
657,Axis ATM - Railway Station,"Solapur, Maharashtra",17.716889,76.017888,1.2460781898315718,0.7713633777548808,Low,9,15468.78,1226,03-Oct-2025 13:55,"Complaint received on 03-Oct-2025 13:55 from 0, 0, 3. Fraud type: 3, Bank: 1."
689,BoB ATM - Main Road,"Solapur, Maharashtra",17.56728,75.902709,1.24581367234365,0.771295523596026,Low,4,25307.395,1227,03-Oct-2025 13:55,"Complaint received on 03-Oct-2025 13:55 from 0, 0, 3. Fraud type: 3, Bank: 1."
492,Axis ATM - Signal,"Satara, Maharashtra",17.689219,73.846041,1.2458121596990177,0.7712951355716653,Low,7,18472.75857142857,1228,03-Oct-2025 13:55,"Complaint received on 03-Oct-2025 13:55 from 0, 0, 3. Fraud type: 3, Bank: 1."
1084,Axis ATM - Main Road,"Jalna, Maharashtra",19.807195,75.837107,1.2454321340488548,0.7711976512010189,Low,11,23449.41545454545,1229,03-Oct-2025 13:55,"Complaint received on 03-Oct-2025 13:55 from 0, 0, 3. Fraud type: 3, Bank: 1."
1041,Axis ATM - Chowk,"Jalna, Maharashtra",19.748915,75.884098,1.2454321340488548,0.7711976512010189,Low,9,23917.050000000003,1230,03-Oct-2025 13:55,"Complaint received on 03-Oct-2025 13:55 from 0, 0, 3. Fraud type: 3, Bank: 1."
291,Axis ATM - Main Road,"Ratnagiri, Maharashtra",16.957733,73.177217,1.2453952285462735,0.7711881841829611,Low,5,16957.132,1231,03-Oct-2025 13:55,"Complaint received on 03-Oct-2025 13:55 from 0, 0, 3. Fraud type: 3, Bank: 1."
1968,BoB ATM - Railway Station,"Bhandara, Maharashtra",21.137763,79.429637,1.2446150945211434,0.7709880638110151,Low,6,18828.185,1232,03-Oct-2025 13:55,"Complaint received on 03-Oct-2025 13:55 from 0, 0, 3. Fraud type: 3, Bank: 1."
981,Axis ATM - Chowk,"Jalgaon, Maharashtra",21.078708,75.583368,1.2442027480151276,0.7708822884781924,Low,4,19241.2025,1233,03-Oct-2025 13:55,"Complaint received on 03-Oct-2025 13:55 from 0, 0, 3. Fraud type: 3, Bank: 1."
137,Axis ATM - Market,"Thane, Maharashtra",19.233887,72.897974,1.2441150143124626,0.7708597829847208,Low,8,37311.71125,1234,03-Oct-2025 13:55,"Complaint received on 03-Oct-2025 13:55 from 0, 0, 3. Fraud type: 3, Bank: 1."
1849,PNB ATM - Signal,"Wardha, Maharashtra",20.761728,78.756393,1.243941024176514,0.7708151509476614,Low,2,17151.5,1235,03-Oct-2025 13:55,"Complaint received on 03-Oct-2025 13:55 from 0, 0, 3. Fraud type: 3, Bank: 1."
1815,PNB ATM - Market,"Wardha, Maharashtra",20.692012,78.632315,1.243941024176514,0.7708151509476614,Low,5,17177.758,1236,03-Oct-2025 13:55,"Complaint received on 03-Oct-2025 13:55 from 0, 0, 3. Fraud type: 3, Bank: 1."
532,Axis ATM - Chowk,"Sangli, Maharashtra",17.002736,74.422687,1.242737777809727,0.770506493585327,Low,5,33217.206,1237,03-Oct-2025 13:55,"Complaint received on 03-Oct-2025 13:55 from 0, 0, 3. Fraud type: 3, Bank: 1."
349,HDFC ATM - Railway Station,"Sindhudurg, Maharashtra",16.05899,73.47569,1.2424345152300702,0.7704287005160807,Low,1,24012.82,1238,03-Oct-2025 13:55,"Complaint received on 03-Oct-2025 13:55 from 0, 0, 3. Fraud type: 3, Bank: 1."
1136,HDFC ATM - Signal,"Beed, Maharashtra",18.879377,75.639525,1.241859526118871,0.7702812040204896,Low,5,26537.264000000003,1239,03-Oct-2025 13:55,"Complaint received on 03-Oct-2025 13:55 from 0, 0, 3. Fraud type: 3, Bank: 1."
1129,HDFC ATM - Railway Station,"Beed, Maharashtra",18.768457,75.648459,1.241859526118871,0.7702812040204896,Low,8,27407.86375,1240,03-Oct-2025 13:55,"Complaint received on 03-Oct-2025 13:55 from 0, 0, 3. Fraud type: 3, Bank: 1."
300,ICICI ATM - Bus Stand,"Ratnagiri, Maharashtra",16.856731,73.520272,1.240222781741178,0.7698613455306748,Low,8,39747.285,1241,03-Oct-2025 13:55,"Complaint received on 03-Oct-2025 13:55 from 0, 0, 3. Fraud type: 3, Bank: 1."
312,BoB ATM - Chowk,"Ratnagiri, Maharashtra",17.211875,73.445188,1.2393278173130657,0.7696317688060826,Low,8,40504.2225,1242,03-Oct-2025 13:55,"Complaint received on 03-Oct-2025 13:55 from 0, 0, 3. Fraud type: 3, Bank: 1."
1089,ICICI ATM - Main Road,"Jalna, Maharashtra",19.916371,75.724807,1.2388610582887587,0.7695120355467392,Low,2,23866.89,1243,03-Oct-2025 13:55,"Complaint received on 03-Oct-2025 13:55 from 0, 0, 3. Fraud type: 3, Bank: 1."
598,PNB ATM - Signal,"Kolhapur, Maharashtra",16.703382,74.238906,1.2386545145416767,0.7694590528410019,Low,5,22725.93,1244,03-Oct-2025 13:55,"Complaint received on 03-Oct-2025 13:55 from 0, 0, 3. Fraud type: 3, Bank: 1."
614,Axis ATM - Signal,"Kolhapur, Maharashtra",16.901324,74.173569,1.2381798917126736,0.7693373023545284,Low,7,25130.59857142857,1245,03-Oct-2025 13:55,"Complaint received on 03-Oct-2025 13:55 from 0, 0, 3. Fraud type: 3, Bank: 1."
238,HDFC ATM - Market,"Raigad, Maharashtra",18.56062,73.140165,1.237658158029,0.7692034669679534,Low,4,42808.6775,1246,03-Oct-2025 13:55,"Complaint received on 03-Oct-2025 13:55 from 0, 0, 3. Fraud type: 3, Bank: 1."
440,HDFC ATM - Market,"Pune, Maharashtra",18.483067,73.876298,1.237360818699918,0.7691271933339197,Low,7,14572.975714285714,1247,03-Oct-2025 13:55,"Complaint received on 03-Oct-2025 13:55 from 0, 0, 3. Fraud type: 3, Bank: 1."
437,PNB ATM - Market,"Pune, Maharashtra",18.453733,73.925952,1.2373184608316967,0.7691163276722895,Low,5,26343.556,1248,03-Oct-2025 13:55,"Complaint received on 03-Oct-2025 13:55 from 0, 0, 3. Fraud type: 3, Bank: 1."
1230,Axis ATM - Chowk,"Latur, Maharashtra",18.295805,76.634155,1.2364424207559113,0.7688916054320609,Low,6,69452.71333333333,1249,03-Oct-2025 13:55,"Complaint received on 03-Oct-2025 13:55 from 0, 0, 3. Fraud type: 3, Bank: 1."
1145,ICICI ATM - Signal,"Beed, Maharashtra",19.044933,75.960939,1.2364226755372267,0.768886540378647,Low,6,8975.43,1250,03-Oct-2025 13:55,"Complaint received on 03-Oct-2025 13:55 from 0, 0, 3. Fraud type: 3, Bank: 1."
547,Axis ATM - Signal,"Sangli, Maharashtra",16.936648,74.432839,1.2362659983635764,0.7688463494713718,Low,4,17211.75,1251,03-Oct-2025 13:55,"Complaint received on 03-Oct-2025 13:55 from 0, 0, 3. Fraud type: 3, Bank: 1."
576,BoB ATM - Market,"Sangli, Maharashtra",16.837118,74.596092,1.2359750495440327,0.7687717151340543,Low,4,11901.985,1252,03-Oct-2025 13:55,"Complaint received on 03-Oct-2025 13:55 from 0, 0, 3. Fraud type: 3, Bank: 1."
563,SBI ATM - Bus Stand,"Sangli, Maharashtra",16.979761,74.222449,1.2340522155566342,0.7682784687938703,Low,3,18416.47333333333,1253,03-Oct-2025 13:55,"Complaint received on 03-Oct-2025 13:55 from 0, 0, 3. Fraud type: 3, Bank: 1."
1781,ICICI ATM - Chowk,"Nagpur, Maharashtra",20.954864,79.004069,1.2340424479003835,0.768275963189783,Low,6,28894.64833333333,1254,03-Oct-2025 13:55,"Complaint received on 03-Oct-2025 13:55 from 0, 0, 3. Fraud type: 3, Bank: 1."
1200,PNB ATM - Signal,"Osmanabad, Maharashtra",18.302119,76.062579,1.2339795161569969,0.7682598199073623,Low,6,20121.14,1255,03-Oct-2025 13:55,"Complaint received on 03-Oct-2025 13:55 from 0, 0, 3. Fraud type: 3, Bank: 1."
2084,Axis ATM - Market,"Ratnagiri, Maharashtra",16.946367,73.303167,1.233783799216799,0.7682096144995645,Low,3,19067.993333333336,1256,03-Oct-2025 13:55,"Complaint received on 03-Oct-2025 13:55 from 0, 0, 3. Fraud type: 3, Bank: 1."
494,Axis ATM - Railway Station,"Satara, Maharashtra",17.49321,73.948626,1.2332670079180297,0.7680770469360476,Low,6,46332.53666666666,1257,03-Oct-2025 13:55,"Complaint received on 03-Oct-2025 13:55 from 0, 0, 3. Fraud type: 3, Bank: 1."
1617,BoB ATM - Main Road,"Washim, Maharashtra",19.965157,77.010963,1.2321469800221145,0.7677897368176574,Low,5,9678.476,1258,03-Oct-2025 13:55,"Complaint received on 03-Oct-2025 13:55 from 0, 0, 3. Fraud type: 3, Bank: 1."
1581,HDFC ATM - Market,"Washim, Maharashtra",20.161398,77.149259,1.2313912295573644,0.7675958713288665,Low,3,29573.75,1259,03-Oct-2025 13:55,"Complaint received on 03-Oct-2025 13:55 from 0, 0, 3. Fraud type: 3, Bank: 1."
1992,ICICI ATM - Main Road,"Bhandara, Maharashtra",21.357055,79.466345,1.2288742230825198,0.7669502075637817,Low,4,19385.2875,1260,03-Oct-2025 13:55,"Complaint received on 03-Oct-2025 13:55 from 0, 0, 3. Fraud type: 3, Bank: 1."
2029,ICICI ATM - Signal,"Gadchiroli, Maharashtra",19.944144,80.097152,1.2284975655871908,0.7668535871939051,Low,7,57323.322857142855,1261,03-Oct-2025 13:55,"Complaint received on 03-Oct-2025 13:55 from 0, 0, 3. Fraud type: 3, Bank: 1."
592,PNB ATM - Market,"Kolhapur, Maharashtra",16.664606,74.389729,1.2283232979563887,0.7668088839737263,Low,4,81032.14,1262,03-Oct-2025 13:55,"Complaint received on 03-Oct-2025 13:55 from 0, 0, 3. Fraud type: 3, Bank: 1."
641,ICICI ATM - Bus Stand,"Solapur, Maharashtra",17.626806,75.813824,1.2272756310660335,0.7665401359368254,Low,8,14184.2475,1263,03-Oct-2025 13:55,"Complaint received on 03-Oct-2025 13:55 from 0, 0, 3. Fraud type: 3, Bank: 1."
2127,ICICI ATM - Market,"Gadchiroli, Maharashtra",20.184258,80.210365,1.227150128432771,0.7665079419383076,Low,1,8653.46,1264,03-Oct-2025 13:55,"Complaint received on 03-Oct-2025 13:55 from 0, 0, 3. Fraud type: 3, Bank: 1."
1511,ICICI ATM - Railway Station,"Akola, Maharashtra",20.583983,77.090899,1.226926241786367,0.7664505104233259,Low,5,24391.604,1265,03-Oct-2025 13:55,"Complaint received on 03-Oct-2025 13:55 from 0, 0, 3. Fraud type: 3, Bank: 1."
322,SBI ATM - Signal,"Ratnagiri, Maharashtra",16.961161,73.265022,1.2268890908767898,0.7664409804533422,Low,3,42485.74,1266,03-Oct-2025 13:55,"Complaint received on 03-Oct-2025 13:55 from 0, 0, 3. Fraud type: 3, Bank: 1."
2138,ICICI ATM - Market,"Jalgaon, Maharashtra",21.096855,75.443174,1.2264609068852856,0.7663311424807877,Low,1,49490.32,1267,03-Oct-2025 13:55,"Complaint received on 03-Oct-2025 13:55 from 0, 0, 3. Fraud type: 3, Bank: 1."
151,BoB ATM - Main Road,"Thane, Maharashtra",19.218376,72.923762,1.226220689659211,0.7662695218373066,Low,4,29938.945,1268,03-Oct-2025 13:55,"Complaint received on 03-Oct-2025 13:55 from 0, 0, 3. Fraud type: 3, Bank: 1."
589,HDFC ATM - Chowk,"Kolhapur, Maharashtra",16.630198,74.118229,1.2261729203308624,0.7662572680252068,Low,7,47430.27285714285,1269,03-Oct-2025 13:55,"Complaint received on 03-Oct-2025 13:55 from 0, 0, 3. Fraud type: 3, Bank: 1."
1426,PNB ATM - Main Road,"Hingoli, Maharashtra",19.802261,77.371833,1.2259613597234462,0.7662029983919367,Low,7,56347.09,1270,03-Oct-2025 13:55,"Complaint received on 03-Oct-2025 13:55 from 0, 0, 3. Fraud type: 3, Bank: 1."
1770,HDFC ATM - Market,"Nagpur, Maharashtra",21.07139,79.119913,1.2249580768991435,0.7659456357779513,Low,4,32441.5875,1271,03-Oct-2025 13:55,"Complaint received on 03-Oct-2025 13:55 from 0, 0, 3. Fraud type: 3, Bank: 1."
2028,BoB ATM - Signal,"Gadchiroli, Maharashtra",19.796971,80.030432,1.2249580768991435,0.7659456357779513,Low,7,31355.87142857143,1272,03-Oct-2025 13:55,"Complaint received on 03-Oct-2025 13:55 from 0, 0, 3. Fraud type: 3, Bank: 1."
412,HDFC ATM - Main Road,"Pune, Maharashtra",18.346238,73.586143,1.2241373109374336,0.7657350924812266,Low,8,38282.315,1273,03-Oct-2025 13:55,"Complaint received on 03-Oct-2025 13:55 from 0, 0, 3. Fraud type: 3, Bank: 1."
460,PNB ATM - Chowk,"Pune, Maharashtra",18.51453,73.879201,1.2237826667600966,0.7656441189787373,Low,5,29862.754,1274,03-Oct-2025 13:55,"Complaint received on 03-Oct-2025 13:55 from 0, 0, 3. Fraud type: 3, Bank: 1."
1226,PNB ATM - Bus Stand,"Latur, Maharashtra",18.646785,76.434293,1.222920170510866,0.765422871007699,Low,5,75456.798,1275,03-Oct-2025 13:55,"Complaint received on 03-Oct-2025 13:55 from 0, 0, 3. Fraud type: 3, Bank: 1."
645,HDFC ATM - Signal,"Solapur, Maharashtra",17.515372,75.726373,1.2221239038984997,0.7652186122963726,Low,5,25886.732,1276,03-Oct-2025 13:55,"Complaint received on 03-Oct-2025 13:55 from 0, 0, 3. Fraud type: 3, Bank: 1."
551,Axis ATM - Market,"Sangli, Maharashtra",16.742102,74.543044,1.221891736922156,0.7651590567069959,Low,6,19458.693333333333,1277,03-Oct-2025 13:55,"Complaint received on 03-Oct-2025 13:55 from 0, 0, 3. Fraud type: 3, Bank: 1."
1347,ICICI ATM - Bus Stand,"Parbhani, Maharashtra",19.230794,76.744019,1.2218223259557335,0.7651412513710278,Low,6,33939.11833333333,1278,03-Oct-2025 13:55,"Complaint received on 03-Oct-2025 13:55 from 0, 0, 3. Fraud type: 3, Bank: 1."
1093,Axis ATM - Chowk,"Jalna, Maharashtra",19.638225,75.935461,1.2215488418810043,0.7650710970988218,Low,5,29476.688,1279,03-Oct-2025 13:55,"Complaint received on 03-Oct-2025 13:55 from 0, 0, 3. Fraud type: 3, Bank: 1."
2058,HDFC ATM - Main Road,"Gadchiroli, Maharashtra",19.936369,80.10425,1.221423818543491,0.7650390260494904,Low,5,16102.972,1280,03-Oct-2025 13:55,"Complaint received on 03-Oct-2025 13:55 from 0, 0, 3. Fraud type: 3, Bank: 1."
205,ICICI ATM - Chowk,"Palghar, Maharashtra",19.714435,72.821733,1.2211875239172338,0.7649784116332848,Low,5,20707.152,1281,03-Oct-2025 13:55,"Complaint received on 03-Oct-2025 13:55 from 0, 0, 3. Fraud type: 3, Bank: 1."
308,PNB ATM - Market,"Ratnagiri, Maharashtra",17.13953,73.061193,1.2205044987522615,0.764803201674919,Low,5,12289.934,1282,03-Oct-2025 13:55,"Complaint received on 03-Oct-2025 13:55 from 0, 0, 3. Fraud type: 3, Bank: 1."
1919,HDFC ATM - Bus Stand,"Gondia, Maharashtra",21.125473,80.124414,1.2204052130657126,0.7647777328607397,Low,6,69727.06833333334,1283,03-Oct-2025 13:55,"Complaint received on 03-Oct-2025 13:55 from 0, 0, 3. Fraud type: 3, Bank: 1."
292,SBI ATM - Bus Stand,"Ratnagiri, Maharashtra",17.047721,73.336866,1.219286761997793,0.7644908272310587,Low,6,14270.778333333334,1284,03-Oct-2025 13:55,"Complaint received on 03-Oct-2025 13:55 from 0, 0, 3. Fraud type: 3, Bank: 1."
1086,ICICI ATM - Chowk,"Jalna, Maharashtra",19.732697,75.729091,1.2185010491554307,0.7642892757781145,Low,3,53901.333333333336,1285,03-Oct-2025 13:55,"Complaint received on 03-Oct-2025 13:55 from 0, 0, 3. Fraud type: 3, Bank: 1."
166,BoB ATM - Railway Station,"Thane, Maharashtra",19.111334,72.999242,1.217933739059177,0.7641437491072939,Low,4,5974.797500000001,1286,03-Oct-2025 13:55,"Complaint received on 03-Oct-2025 13:55 from 0, 0, 3. Fraud type: 3, Bank: 1."
834,SBI ATM - Main Road,"Dhule, Maharashtra",21.160513,74.758894,1.2174004959896485,0.7640069613272791,Low,3,33897.76,1287,03-Oct-2025 13:55,"Complaint received on 03-Oct-2025 13:55 from 0, 0, 3. Fraud type: 3, Bank: 1."
251,HDFC ATM - Signal,"Raigad, Maharashtra",18.519043,73.367593,1.2171792906279768,0.7639502176168035,Low,7,25551.45571428572,1288,03-Oct-2025 13:55,"Complaint received on 03-Oct-2025 13:55 from 0, 0, 3. Fraud type: 3, Bank: 1."
1904,Axis ATM - Main Road,"Chandrapur, Maharashtra",19.748745,79.193162,1.2168220393033953,0.7638585753275935,Low,3,17201.896666666667,1289,03-Oct-2025 13:55,"Complaint received on 03-Oct-2025 13:55 from 0, 0, 3. Fraud type: 3, Bank: 1."
1045,Axis ATM - Main Road,"Jalna, Maharashtra",20.067173,75.692291,1.216695525453039,0.763826121931159,Low,6,30053.65833333333,1290,03-Oct-2025 13:55,"Complaint received on 03-Oct-2025 13:55 from 0, 0, 3. Fraud type: 3, Bank: 1."
1946,Axis ATM - Railway Station,"Gondia, Maharashtra",21.402337,80.067728,1.2163813511294217,0.7637455297758717,Low,8,16394.29,1291,03-Oct-2025 13:55,"Complaint received on 03-Oct-2025 13:55 from 0, 0, 3. Fraud type: 3, Bank: 1."
1772,Axis ATM - Chowk,"Nagpur, Maharashtra",21.021704,79.045901,1.2163813511294217,0.7637455297758717,Low,9,15832.092222222222,1292,03-Oct-2025 13:55,"Complaint received on 03-Oct-2025 13:55 from 0, 0, 3. Fraud type: 3, Bank: 1."
2023,HDFC ATM - Main Road,"Bhandara, Maharashtra",21.038166,79.820461,1.2162345315781566,0.7637078675508416,Low,1,65002.54,1293,03-Oct-2025 13:55,"Complaint received on 03-Oct-2025 13:55 from 0, 0, 3. Fraud type: 3, Bank: 1."
1569,ICICI ATM - Chowk,"Washim, Maharashtra",20.103531,77.022124,1.2156503581187408,0.7635580150816331,Low,10,28326.731,1294,03-Oct-2025 13:55,"Complaint received on 03-Oct-2025 13:55 from 0, 0, 3. Fraud type: 3, Bank: 1."
1598,ICICI ATM - Market,"Washim, Maharashtra",20.360326,77.018229,1.2156503581187408,0.7635580150816331,Low,6,27755.095,1295,03-Oct-2025 13:55,"Complaint received on 03-Oct-2025 13:55 from 0, 0, 3. Fraud type: 3, Bank: 1."
1591,ICICI ATM - Main Road,"Washim, Maharashtra",20.191472,77.123561,1.2156503581187408,0.7635580150816331,Low,11,29607.57909090909,1296,03-Oct-2025 13:55,"Complaint received on 03-Oct-2025 13:55 from 0, 0, 3. Fraud type: 3, Bank: 1."
2042,BoB ATM - Market,"Gadchiroli, Maharashtra",20.104793,79.97674,1.214829736564436,0.7633475088283685,Low,6,27613.873333333333,1297,03-Oct-2025 13:55,"Complaint received on 03-Oct-2025 13:55 from 0, 0, 3. Fraud type: 3, Bank: 1."
278,PNB ATM - Railway Station,"Raigad, Maharashtra",18.664146,73.141031,1.2139016612684437,0.7631094384873182,Low,5,13529.866,1298,03-Oct-2025 13:55,"Complaint received on 03-Oct-2025 13:55 from 0, 0, 3. Fraud type: 3, Bank: 1."
284,SBI ATM - Railway Station,"Raigad, Maharashtra",18.577478,73.230039,1.2134021667794659,0.7629813079101361,Low,4,12379.3025,1299,03-Oct-2025 13:55,"Complaint received on 03-Oct-2025 13:55 from 0, 0, 3. Fraud type: 3, Bank: 1."
277,PNB ATM - Market,"Raigad, Maharashtra",18.44178,73.195688,1.212683924513975,0.7627970640434578,Low,5,14229.188,1300,03-Oct-2025 13:55,"Complaint received on 03-Oct-2025 13:55 from 0, 0, 3. Fraud type: 3, Bank: 1."
1723,ICICI ATM - Railway Station,"Yavatmal, Maharashtra",20.429702,78.30412,1.212335282274699,0.7627076301611343,Low,7,43668.06285714286,1301,03-Oct-2025 13:55,"Complaint received on 03-Oct-2025 13:55 from 0, 0, 3. Fraud type: 3, Bank: 1."
1603,PNB ATM - Chowk,"Washim, Maharashtra",20.119429,76.884552,1.2119889880097174,0.7626187985823561,Low,5,22505.334,1302,03-Oct-2025 13:55,"Complaint received on 03-Oct-2025 13:55 from 0, 0, 3. Fraud type: 3, Bank: 1."
1538,Axis ATM - Bus Stand,"Akola, Maharashtra",20.852019,76.858635,1.2103051468269204,0.7621868587964417,Low,7,39839.36714285715,1303,03-Oct-2025 13:55,"Complaint received on 03-Oct-2025 13:55 from 0, 0, 3. Fraud type: 3, Bank: 1."
1982,BoB ATM - Signal,"Bhandara, Maharashtra",20.989973,79.55654,1.2099383864693753,0.7620927772453201,Low,3,15548.526666666668,1304,03-Oct-2025 13:55,"Complaint received on 03-Oct-2025 13:55 from 0, 0, 3. Fraud type: 3, Bank: 1."
1125,SBI ATM - Main Road,"Beed, Maharashtra",19.000238,75.663008,1.2098004505879527,0.7620573938637398,Low,5,27689.684,1305,03-Oct-2025 13:55,"Complaint received on 03-Oct-2025 13:55 from 0, 0, 3. Fraud type: 3, Bank: 1."
2082,ICICI ATM - Market,"Gadchiroli, Maharashtra",19.989239,80.029175,1.2096028076507839,0.7620066943982318,Low,7,16886.3,1306,03-Oct-2025 13:55,"Complaint received on 03-Oct-2025 13:55 from 0, 0, 3. Fraud type: 3, Bank: 1."
1701,BoB ATM - Chowk,"Yavatmal, Maharashtra",20.442172,78.187052,1.2095008868110035,0.7619805496132219,Low,5,38045.068,1307,03-Oct-2025 13:55,"Complaint received on 03-Oct-2025 13:55 from 0, 0, 3. Fraud type: 3, Bank: 1."
1981,ICICI ATM - Chowk,"Bhandara, Maharashtra",21.244266,79.846603,1.20921720546052,0.7619077795307179,Low,5,32141.79,1308,03-Oct-2025 13:55,"Complaint received on 03-Oct-2025 13:55 from 0, 0, 3. Fraud type: 3, Bank: 1."
795,Axis ATM - Chowk,"Nashik, Maharashtra",19.992495,73.70264,1.2089258377157348,0.7618330377304872,Low,6,18486.49,1309,03-Oct-2025 13:55,"Complaint received on 03-Oct-2025 13:55 from 0, 0, 3. Fraud type: 3, Bank: 1."
1861,Axis ATM - Railway Station,"Chandrapur, Maharashtra",20.129052,79.131182,1.2069343623497204,0.7613221834693856,Low,3,5981.903333333333,1310,03-Oct-2025 13:55,"Complaint received on 03-Oct-2025 13:55 from 0, 0, 3. Fraud type: 3, Bank: 1."
1599,HDFC ATM - Main Road,"Washim, Maharashtra",20.13748,76.917052,1.2057677331015055,0.7610229191486981,Low,4,19714.6225,1311,03-Oct-2025 13:55,"Complaint received on 03-Oct-2025 13:55 from 0, 0, 3. Fraud type: 3, Bank: 1."
543,HDFC ATM - Market,"Sangli, Maharashtra",16.741369,74.437569,1.205602412731104,0.760980511084251,Low,5,57229.83400000001,1312,03-Oct-2025 13:55,"Complaint received on 03-Oct-2025 13:55 from 0, 0, 3. Fraud type: 3, Bank: 1."
445,HDFC ATM - Signal,"Pune, Maharashtra",18.564241,73.802799,1.2052075685857833,0.7608792254657842,Low,4,31550.3175,1313,03-Oct-2025 13:55,"Complaint received on 03-Oct-2025 13:55 from 0, 0, 3. Fraud type: 3, Bank: 1."
313,ICICI ATM - Chowk,"Ratnagiri, Maharashtra",16.836348,73.520575,1.2048134730492197,0.7607781318808119,Low,8,23184.7925,1314,03-Oct-2025 13:55,"Complaint received on 03-Oct-2025 13:55 from 0, 0, 3. Fraud type: 3, Bank: 1."
895,PNB ATM - Chowk,"Nandurbar, Maharashtra",21.756831,74.153619,1.2043179262680432,0.7606510139716179,Low,7,20272.09857142857,1315,03-Oct-2025 13:55,"Complaint received on 03-Oct-2025 13:55 from 0, 0, 3. Fraud type: 3, Bank: 1."
495,PNB ATM - Railway Station,"Satara, Maharashtra",17.626458,73.773255,1.2037880052455023,0.7605150783647648,Low,8,19970.70875,1316,03-Oct-2025 13:55,"Complaint received on 03-Oct-2025 13:55 from 0, 0, 3. Fraud type: 3, Bank: 1."
482,PNB ATM - Market,"Satara, Maharashtra",17.532908,73.824275,1.2037880052455023,0.7605150783647648,Low,6,19985.338333333333,1317,03-Oct-2025 13:55,"Complaint received on 03-Oct-2025 13:55 from 0, 0, 3. Fraud type: 3, Bank: 1."
2017,ICICI ATM - Market,"Bhandara, Maharashtra",21.203402,79.588894,1.2037046933364453,0.7604937071520103,Low,1,42276.54,1318,03-Oct-2025 13:55,"Complaint received on 03-Oct-2025 13:55 from 0, 0, 3. Fraud type: 3, Bank: 1."
441,BoB ATM - Bus Stand,"Pune, Maharashtra",18.549926,74.039294,1.202922248922637,0.7602929941180002,Low,7,13693.297142857144,1319,03-Oct-2025 13:55,"Complaint received on 03-Oct-2025 13:55 from 0, 0, 3. Fraud type: 3, Bank: 1."
319,HDFC ATM - Signal,"Ratnagiri, Maharashtra",16.958849,73.129623,1.2025708416977665,0.7602028509601835,Low,4,26075.1825,1320,03-Oct-2025 13:55,"Complaint received on 03-Oct-2025 13:55 from 0, 0, 3. Fraud type: 3, Bank: 1."
888,PNB ATM - Market,"Nandurbar, Maharashtra",21.682453,74.333037,1.202034477108488,0.7600652624463544,Low,3,4923.086666666666,1321,03-Oct-2025 13:55,"Complaint received on 03-Oct-2025 13:55 from 0, 0, 3. Fraud type: 3, Bank: 1."
1809,Axis ATM - Market,"Wardha, Maharashtra",20.527472,78.656585,1.201989966622881,0.7600538445942313,Low,4,17384.0675,1322,03-Oct-2025 13:55,"Complaint received on 03-Oct-2025 13:55 from 0, 0, 3. Fraud type: 3, Bank: 1."
1749,HDFC ATM - Market,"Nagpur, Maharashtra",21.046418,79.209838,1.201723960336479,0.7599856085280428,Low,7,68313.12714285715,1323,03-Oct-2025 13:55,"Complaint received on 03-Oct-2025 13:55 from 0, 0, 3. Fraud type: 3, Bank: 1."
1676,SBI ATM - Market,"Amravati, Maharashtra",20.863958,77.59585,1.2010189555736006,0.759804760352183,Low,5,46305.94,1324,03-Oct-2025 13:55,"Complaint received on 03-Oct-2025 13:55 from 0, 0, 3. Fraud type: 3, Bank: 1."
948,HDFC ATM - Chowk,"Jalgaon, Maharashtra",21.04709,75.498924,1.1999627339275172,0.759533817845046,Low,5,33575.162,1325,03-Oct-2025 13:55,"Complaint received on 03-Oct-2025 13:55 from 0, 0, 3. Fraud type: 3, Bank: 1."
1605,BoB ATM - Bus Stand,"Washim, Maharashtra",19.946101,77.122124,1.1999278267133597,0.7595248634289383,Low,3,4757.2266666666665,1326,03-Oct-2025 13:55,"Complaint received on 03-Oct-2025 13:55 from 0, 0, 3. Fraud type: 3, Bank: 1."
2038,ICICI ATM - Market,"Gadchiroli, Maharashtra",19.963025,79.974826,1.1997394769337988,0.7594765478488873,Low,9,15637.35888888889,1327,03-Oct-2025 13:55,"Complaint received on 03-Oct-2025 13:55 from 0, 0, 3. Fraud type: 3, Bank: 1."
196,PNB ATM - Railway Station,"Palghar, Maharashtra",19.739878,72.670182,1.1992815114920512,0.7593590703237586,Low,5,38957.608,1328,03-Oct-2025 13:55,"Complaint received on 03-Oct-2025 13:55 from 0, 0, 3. Fraud type: 3, Bank: 1."
1986,ICICI ATM - Bus Stand,"Bhandara, Maharashtra",21.162483,79.679175,1.199239982444821,0.7593484172717054,Low,5,15754.988,1329,03-Oct-2025 13:55,"Complaint received on 03-Oct-2025 13:55 from 0, 0, 3. Fraud type: 3, Bank: 1."
1076,PNB ATM - Railway Station,"Jalna, Maharashtra",19.777594,75.872064,1.1989359611092416,0.7592704295660089,Low,5,10183.878,1330,03-Oct-2025 13:55,"Complaint received on 03-Oct-2025 13:55 from 0, 0, 3. Fraud type: 3, Bank: 1."
797,PNB ATM - Chowk,"Nashik, Maharashtra",20.109797,73.738206,1.1987290851036418,0.7592173616291498,Low,5,49169.796,1331,03-Oct-2025 13:55,"Complaint received on 03-Oct-2025 13:55 from 0, 0, 3. Fraud type: 3, Bank: 1."
258,HDFC ATM - Bus Stand,"Raigad, Maharashtra",18.442411,73.060214,1.1987175936995105,0.7592144138483905,Low,7,14260.554285714286,1332,03-Oct-2025 13:55,"Complaint received on 03-Oct-2025 13:55 from 0, 0, 3. Fraud type: 3, Bank: 1."
1883,SBI ATM - Market,"Chandrapur, Maharashtra",19.786076,79.276446,1.1981793222939774,0.7590763361970981,Low,6,12877.198333333334,1333,03-Oct-2025 13:55,"Complaint received on 03-Oct-2025 13:55 from 0, 0, 3. Fraud type: 3, Bank: 1."
2057,BoB ATM - Signal,"Gadchiroli, Maharashtra",19.841735,80.043631,1.197783207439723,0.7589747246157375,Low,9,29208.402222222223,1334,03-Oct-2025 13:55,"Complaint received on 03-Oct-2025 13:55 from 0, 0, 3. Fraud type: 3, Bank: 1."
591,Axis ATM - Signal,"Kolhapur, Maharashtra",16.84732,74.094843,1.1972817549266879,0.758846091765241,Low,8,61877.49250000001,1335,03-Oct-2025 13:55,"Complaint received on 03-Oct-2025 13:55 from 0, 0, 3. Fraud type: 3, Bank: 1."
286,HDFC ATM - Main Road,"Raigad, Maharashtra",18.552455,73.183971,1.1971472932327523,0.7588115995839797,Low,3,43448.24333333333,1336,03-Oct-2025 13:55,"Complaint received on 03-Oct-2025 13:55 from 0, 0, 3. Fraud type: 3, Bank: 1."
708,HDFC ATM - Railway Station,"Ahmednagar, Maharashtra",19.275053,74.970731,1.1970116830469637,0.7587768127910115,Low,7,23774.512857142858,1337,03-Oct-2025 13:55,"Complaint received on 03-Oct-2025 13:55 from 0, 0, 3. Fraud type: 3, Bank: 1."
1773,PNB ATM - Market,"Nagpur, Maharashtra",21.233945,79.028265,1.1969615855395088,0.7587639617532378,Low,5,14051.852,1338,03-Oct-2025 13:55,"Complaint received on 03-Oct-2025 13:55 from 0, 0, 3. Fraud type: 3, Bank: 1."
1745,PNB ATM - Bus Stand,"Nagpur, Maharashtra",21.159259,79.345504,1.1969615855395088,0.7587639617532378,Low,8,14346.90875,1339,03-Oct-2025 13:55,"Complaint received on 03-Oct-2025 13:55 from 0, 0, 3. Fraud type: 3, Bank: 1."
1944,PNB ATM - Railway Station,"Gondia, Maharashtra",21.518641,80.115433,1.1969237139377467,0.758754246910933,Low,6,61349.95,1340,03-Oct-2025 13:55,"Complaint received on 03-Oct-2025 13:55 from 0, 0, 3. Fraud type: 3, Bank: 1."
700,HDFC ATM - Chowk,"Ahmednagar, Maharashtra",19.290389,74.777361,1.196512188557986,0.7586486822138295,Low,10,23767.146,1341,03-Oct-2025 13:55,"Complaint received on 03-Oct-2025 13:55 from 0, 0, 3. Fraud type: 3, Bank: 1."
1694,Axis ATM - Main Road,"Yavatmal, Maharashtra",20.25661,78.125701,1.1962242873574995,0.7585748296532834,Low,8,35680.85875000001,1342,03-Oct-2025 13:55,"Complaint received on 03-Oct-2025 13:55 from 0, 0, 3. Fraud type: 3, Bank: 1."
266,PNB ATM - Railway Station,"Raigad, Maharashtra",18.428409,72.973414,1.195852607554688,0.7584794861635913,Low,10,23887.103,1343,03-Oct-2025 13:55,"Complaint received on 03-Oct-2025 13:55 from 0, 0, 3. Fraud type: 3, Bank: 1."
76,PNB ATM - Signal,"Mumbai Suburban, Maharashtra",19.397759,72.655928,1.195567688050501,0.7584063984692774,Low,6,18414.108333333334,1344,03-Oct-2025 13:55,"Complaint received on 03-Oct-2025 13:55 from 0, 0, 3. Fraud type: 3, Bank: 1."
331,SBI ATM - Bus Stand,"Ratnagiri, Maharashtra",16.871247,73.294906,1.1951070140615607,0.7582882261462625,Low,2,10606.815,1345,03-Oct-2025 13:55,"Complaint received on 03-Oct-2025 13:55 from 0, 0, 3. Fraud type: 3, Bank: 1."
274,Axis ATM - Railway Station,"Raigad, Maharashtra",18.450787,73.280647,1.1942169461249703,0.7580599054721349,Low,5,15603.070000000002,1346,03-Oct-2025 13:55,"Complaint received on 03-Oct-2025 13:55 from 0, 0, 3. Fraud type: 3, Bank: 1."
1690,BoB ATM - Market,"Yavatmal, Maharashtra",20.329786,77.965304,1.193894087991033,0.7579770857414628,Low,7,9334.322857142855,1347,03-Oct-2025 13:55,"Complaint received on 03-Oct-2025 13:55 from 0, 0, 3. Fraud type: 3, Bank: 1."
1562,Axis ATM - Bus Stand,"Akola, Maharashtra",20.589734,76.909708,1.193603227543612,0.7579024740734068,Low,5,27003.01,1348,03-Oct-2025 13:55,"Complaint received on 03-Oct-2025 13:55 from 0, 0, 3. Fraud type: 3, Bank: 1."
1572,Axis ATM - Chowk,"Washim, Maharashtra",20.038743,77.120124,1.193582892825641,0.7578972578013398,Low,3,39731.07,1349,03-Oct-2025 13:55,"Complaint received on 03-Oct-2025 13:55 from 0, 0, 3. Fraud type: 3, Bank: 1."
1115,Axis ATM - Chowk,"Beed, Maharashtra",19.068054,75.57963,1.1932143749638267,0.7578027254143405,Low,2,63827.725,1350,03-Oct-2025 13:55,"Complaint received on 03-Oct-2025 13:55 from 0, 0, 3. Fraud type: 3, Bank: 1."
2044,PNB ATM - Main Road,"Gadchiroli, Maharashtra",20.13221,80.118324,1.193118516133644,0.7577781356590771,Low,6,12477.146666666667,1351,03-Oct-2025 13:55,"Complaint received on 03-Oct-2025 13:55 from 0, 0, 3. Fraud type: 3, Bank: 1."
285,BoB ATM - Chowk,"Raigad, Maharashtra",18.319671,73.255203,1.192751318628527,0.7576839419706409,Low,3,14960.95,1352,03-Oct-2025 13:55,"Complaint received on 03-Oct-2025 13:55 from 0, 0, 3. Fraud type: 3, Bank: 1."
2018,PNB ATM - Signal,"Bhandara, Maharashtra",21.15414,79.658673,1.1924002738681532,0.7575938917923988,Low,4,14255.874999999998,1353,03-Oct-2025 13:55,"Complaint received on 03-Oct-2025 13:55 from 0, 0, 3. Fraud type: 3, Bank: 1."
1518,HDFC ATM - Railway Station,"Akola, Maharashtra",20.651973,76.92654,1.1918745401040551,0.7574590303031844,Low,7,24646.03428571429,1354,03-Oct-2025 13:55,"Complaint received on 03-Oct-2025 13:55 from 0, 0, 3. Fraud type: 3, Bank: 1."
2085,SBI ATM - Chowk,"Beed, Maharashtra",19.031255,75.754162,1.1918328898046873,0.7574483461474718,Low,3,51209.82333333333,1355,03-Oct-2025 13:55,"Complaint received on 03-Oct-2025 13:55 from 0, 0, 3. Fraud type: 3, Bank: 1."
950,SBI ATM - Chowk,"Jalgaon, Maharashtra",20.923022,75.611831,1.1916872976864188,0.7574109987841706,Low,6,40474.151666666665,1356,03-Oct-2025 13:55,"Complaint received on 03-Oct-2025 13:55 from 0, 0, 3. Fraud type: 3, Bank: 1."
1786,ICICI ATM - Railway Station,"Nagpur, Maharashtra",21.233856,78.985092,1.190925601484762,0.7572156080919623,Low,5,35919.508,1357,03-Oct-2025 13:55,"Complaint received on 03-Oct-2025 13:55 from 0, 0, 3. Fraud type: 3, Bank: 1."
1135,PNB ATM - Railway Station,"Beed, Maharashtra",18.93254,75.656467,1.1908064617582808,0.7571850463094878,Low,7,21373.70285714286,1358,03-Oct-2025 13:55,"Complaint received on 03-Oct-2025 13:55 from 0, 0, 3. Fraud type: 3, Bank: 1."
1101,Axis ATM - Market,"Beed, Maharashtra",18.866475,75.59768,1.189739102185225,0.75691124669573,Low,7,23454.04714285714,1359,03-Oct-2025 13:55,"Complaint received on 03-Oct-2025 13:55 from 0, 0, 3. Fraud type: 3, Bank: 1."
1798,BoB ATM - Bus Stand,"Wardha, Maharashtra",20.767091,78.602114,1.189266351102237,0.7567899763504843,Low,5,30774.95,1360,03-Oct-2025 13:55,"Complaint received on 03-Oct-2025 13:55 from 0, 0, 3. Fraud type: 3, Bank: 1."
1613,PNB ATM - Signal,"Washim, Maharashtra",19.924125,77.170957,1.189229422688805,0.7567805034553234,Low,4,4912.5075,1361,03-Oct-2025 13:55,"Complaint received on 03-Oct-2025 13:55 from 0, 0, 3. Fraud type: 3, Bank: 1."
410,ICICI ATM - Railway Station,"Pune, Maharashtra",18.453376,74.075739,1.189191014209756,0.7567706508929872,Low,9,46660.84777777778,1362,03-Oct-2025 13:55,"Complaint received on 03-Oct-2025 13:55 from 0, 0, 3. Fraud type: 3, Bank: 1."
1124,ICICI ATM - Market,"Beed, Maharashtra",19.135433,75.79135,1.1888569921665884,0.7566849673907126,Low,4,24324.9825,1363,03-Oct-2025 13:55,"Complaint received on 03-Oct-2025 13:55 from 0, 0, 3. Fraud type: 3, Bank: 1."
1756,SBI ATM - Signal,"Nagpur, Maharashtra",21.529171,79.35695,1.1884091133940653,0.7565700773030394,Low,6,21987.81,1364,03-Oct-2025 13:55,"Complaint received on 03-Oct-2025 13:55 from 0, 0, 3. Fraud type: 3, Bank: 1."
257,SBI ATM - Market,"Raigad, Maharashtra",18.631141,73.41913,1.1882052693492786,0.7565177871262907,Low,4,9314.095,1365,03-Oct-2025 13:55,"Complaint received on 03-Oct-2025 13:55 from 0, 0, 3. Fraud type: 3, Bank: 1."
264,PNB ATM - Market,"Raigad, Maharashtra",18.50465,73.075335,1.1882052693492786,0.7565177871262907,Low,6,9313.575,1366,03-Oct-2025 13:55,"Complaint received on 03-Oct-2025 13:55 from 0, 0, 3. Fraud type: 3, Bank: 1."
1980,Axis ATM - Signal,"Bhandara, Maharashtra",21.387609,79.608855,1.1879066351386651,0.7564411813285962,Low,9,19034.416666666668,1367,03-Oct-2025 13:55,"Complaint received on 03-Oct-2025 13:55 from 0, 0, 3. Fraud type: 3, Bank: 1."
2016,Axis ATM - Market,"Bhandara, Maharashtra",21.288365,79.564563,1.1874071406496878,0.7563130507514143,Low,4,18463.0325,1368,03-Oct-2025 13:55,"Complaint received on 03-Oct-2025 13:55 from 0, 0, 3. Fraud type: 3, Bank: 1."
256,ICICI ATM - Railway Station,"Raigad, Maharashtra",18.53192,73.280166,1.1873946844197363,0.7563098554730511,Low,6,25113.506666666668,1369,03-Oct-2025 13:55,"Complaint received on 03-Oct-2025 13:55 from 0, 0, 3. Fraud type: 3, Bank: 1."
683,BoB ATM - Railway Station,"Solapur, Maharashtra",17.738917,76.008185,1.1873072619422074,0.7562874298152078,Low,4,13633.2825,1370,03-Oct-2025 13:55,"Complaint received on 03-Oct-2025 13:55 from 0, 0, 3. Fraud type: 3, Bank: 1."
840,SBI ATM - Market,"Dhule, Maharashtra",21.029121,74.782557,1.187290375706753,0.756283098149608,Low,7,56336.327142857146,1371,03-Oct-2025 13:55,"Complaint received on 03-Oct-2025 13:55 from 0, 0, 3. Fraud type: 3, Bank: 1."
1804,ICICI ATM - Railway Station,"Wardha, Maharashtra",20.58826,78.384827,1.1872447273802544,0.7562713884179678,Low,7,20050.74428571429,1372,03-Oct-2025 13:55,"Complaint received on 03-Oct-2025 13:55 from 0, 0, 3. Fraud type: 3, Bank: 1."
649,BoB ATM - Bus Stand,"Solapur, Maharashtra",17.761351,75.861451,1.1868077674532296,0.7561592992380257,Low,8,12650.125,1373,03-Oct-2025 13:55,"Complaint received on 03-Oct-2025 13:55 from 0, 0, 3. Fraud type: 3, Bank: 1."
688,BoB ATM - Market,"Solapur, Maharashtra",17.633419,75.94045,1.1868077674532296,0.7561592992380257,Low,3,12121.839999999998,1374,03-Oct-2025 13:55,"Complaint received on 03-Oct-2025 13:55 from 0, 0, 3. Fraud type: 3, Bank: 1."
1080,SBI ATM - Chowk,"Jalna, Maharashtra",19.69953,75.749701,1.1861884687876858,0.7560004364333,Low,9,24892.944444444445,1375,03-Oct-2025 13:55,"Complaint received on 03-Oct-2025 13:55 from 0, 0, 3. Fraud type: 3, Bank: 1."
232,Axis ATM - Railway Station,"Raigad, Maharashtra",18.448913,73.086321,1.1861434184786603,0.7559888801054024,Low,6,7597.995,1376,03-Oct-2025 13:55,"Complaint received on 03-Oct-2025 13:55 from 0, 0, 3. Fraud type: 3, Bank: 1."
254,ICICI ATM - Bus Stand,"Raigad, Maharashtra",18.551167,73.081482,1.1855425921692535,0.7558347558387504,Low,6,17654.13,1377,03-Oct-2025 13:55,"Complaint received on 03-Oct-2025 13:55 from 0, 0, 3. Fraud type: 3, Bank: 1."
734,Axis ATM - Market,"Ahmednagar, Maharashtra",19.02229,74.752146,1.1854176605716267,0.7558027083225807,Low,8,50876.43625,1378,03-Oct-2025 13:55,"Complaint received on 03-Oct-2025 13:55 from 0, 0, 3. Fraud type: 3, Bank: 1."
1225,ICICI ATM - Railway Station,"Latur, Maharashtra",18.234686,76.502227,1.1837289667808681,0.7553695237432347,Low,5,51262.596,1379,03-Oct-2025 13:55,"Complaint received on 03-Oct-2025 13:55 from 0, 0, 3. Fraud type: 3, Bank: 1."
1621,SBI ATM - Market,"Amravati, Maharashtra",20.869008,77.701631,1.1832996111950913,0.755259385232729,Low,11,47243.365454545456,1380,03-Oct-2025 13:55,"Complaint received on 03-Oct-2025 13:55 from 0, 0, 3. Fraud type: 3, Bank: 1."
234,BoB ATM - Market,"Raigad, Maharashtra",18.595934,73.462483,1.1831218852250553,0.7552137948776331,Low,3,24413.74,1381,03-Oct-2025 13:55,"Complaint received on 03-Oct-2025 13:55 from 0, 0, 3. Fraud type: 3, Bank: 1."
118,PNB ATM - Market,"Thane, Maharashtra",19.153475,72.997846,1.1829525972147599,0.7551703690322078,Low,7,30072.681428571428,1382,03-Oct-2025 13:55,"Complaint received on 03-Oct-2025 13:55 from 0, 0, 3. Fraud type: 3, Bank: 1."
162,PNB ATM - Bus Stand,"Thane, Maharashtra",19.027676,72.911892,1.1829525972147599,0.7551703690322078,Low,2,30165.355,1383,03-Oct-2025 13:55,"Complaint received on 03-Oct-2025 13:55 from 0, 0, 3. Fraud type: 3, Bank: 1."
1905,BoB ATM - Railway Station,"Chandrapur, Maharashtra",19.926139,79.281844,1.1817620431186664,0.7548649674975262,Low,4,29843.0725,1384,03-Oct-2025 13:55,"Complaint received on 03-Oct-2025 13:55 from 0, 0, 3. Fraud type: 3, Bank: 1."
501,SBI ATM - Bus Stand,"Satara, Maharashtra",17.649115,73.79977,1.1817463638606536,0.7548609454463859,Low,5,18183.622,1385,03-Oct-2025 13:55,"Complaint received on 03-Oct-2025 13:55 from 0, 0, 3. Fraud type: 3, Bank: 1."
1615,SBI ATM - Main Road,"Washim, Maharashtra",20.18985,77.372946,1.1815495656804815,0.754810462678367,Low,3,28745.99,1386,03-Oct-2025 13:55,"Complaint received on 03-Oct-2025 13:55 from 0, 0, 3. Fraud type: 3, Bank: 1."
537,BoB ATM - Main Road,"Sangli, Maharashtra",16.884132,74.696079,1.1807052778952425,0.7545938855516569,Low,6,34312.450000000004,1387,03-Oct-2025 13:55,"Complaint received on 03-Oct-2025 13:55 from 0, 0, 3. Fraud type: 3, Bank: 1."
525,ICICI ATM - Chowk,"Sangli, Maharashtra",16.969959,74.611579,1.1800081187862586,0.7544150499468746,Low,6,23328.68833333333,1388,03-Oct-2025 13:55,"Complaint received on 03-Oct-2025 13:55 from 0, 0, 3. Fraud type: 3, Bank: 1."
203,HDFC ATM - Railway Station,"Palghar, Maharashtra",19.841516,72.768102,1.1799284985467235,0.7543946257230402,Low,3,68856.87333333334,1389,03-Oct-2025 13:55,"Complaint received on 03-Oct-2025 13:55 from 0, 0, 3. Fraud type: 3, Bank: 1."
1729,PNB ATM - Chowk,"Yavatmal, Maharashtra",20.353738,77.817624,1.179819204952909,0.7543665896754624,Low,1,23250.16,1390,03-Oct-2025 13:55,"Complaint received on 03-Oct-2025 13:55 from 0, 0, 3. Fraud type: 3, Bank: 1."
316,BoB ATM - Bus Stand,"Ratnagiri, Maharashtra",16.927058,73.368725,1.1796332107668315,0.7543188783534349,Low,6,33021.888333333336,1391,03-Oct-2025 13:55,"Complaint received on 03-Oct-2025 13:55 from 0, 0, 3. Fraud type: 3, Bank: 1."
1072,BoB ATM - Railway Station,"Jalna, Maharashtra",20.046522,75.857092,1.1794143682412708,0.7542627407588652,Low,4,9548.3225,1392,03-Oct-2025 13:55,"Complaint received on 03-Oct-2025 13:55 from 0, 0, 3. Fraud type: 3, Bank: 1."
230,HDFC ATM - Railway Station,"Raigad, Maharashtra",18.39553,73.167159,1.1787749967178525,0.7540987288545559,Low,6,12825.728333333333,1393,03-Oct-2025 13:55,"Complaint received on 03-Oct-2025 13:55 from 0, 0, 3. Fraud type: 3, Bank: 1."
1896,PNB ATM - Signal,"Chandrapur, Maharashtra",20.119941,79.140067,1.1784355712853691,0.75401165927214,Low,8,18797.60375,1394,03-Oct-2025 13:55,"Complaint received on 03-Oct-2025 13:55 from 0, 0, 3. Fraud type: 3, Bank: 1."
91,Axis ATM - Main Road,"Mumbai Suburban, Maharashtra",19.140782,72.926238,1.178428408100893,0.7540098217684605,Low,6,29350.608333333334,1395,03-Oct-2025 13:55,"Complaint received on 03-Oct-2025 13:55 from 0, 0, 3. Fraud type: 3, Bank: 1."
29,Axis ATM - Chowk,"Mumbai City, Maharashtra",19.06372,72.931754,1.178428408100893,0.7540098217684605,Low,6,28773.84333333333,1396,03-Oct-2025 13:55,"Complaint received on 03-Oct-2025 13:55 from 0, 0, 3. Fraud type: 3, Bank: 1."
237,HDFC ATM - Railway Station,"Raigad, Maharashtra",18.567334,73.139482,1.1776406258744463,0.7538077394760715,Low,6,27740.460000000003,1397,03-Oct-2025 13:55,"Complaint received on 03-Oct-2025 13:55 from 0, 0, 3. Fraud type: 3, Bank: 1."
740,BoB ATM - Signal,"Ahmednagar, Maharashtra",19.073918,74.731763,1.1772520417980852,0.7537080596936383,Low,4,23893.795,1398,03-Oct-2025 13:55,"Complaint received on 03-Oct-2025 13:55 from 0, 0, 3. Fraud type: 3, Bank: 1."
280,Axis ATM - Main Road,"Raigad, Maharashtra",18.554773,73.439048,1.1764825282090812,0.7535106636813016,Low,3,41943.94,1399,03-Oct-2025 13:55,"Complaint received on 03-Oct-2025 13:55 from 0, 0, 3. Fraud type: 3, Bank: 1."
511,Axis ATM - Market,"Satara, Maharashtra",17.860408,74.105283,1.1762610927943096,0.7534538609574892,Low,7,9337.617142857143,1400,03-Oct-2025 13:55,"Complaint received on 03-Oct-2025 13:55 from 0, 0, 3. Fraud type: 3, Bank: 1."
542,PNB ATM - Market,"Sangli, Maharashtra",16.824292,74.735085,1.175860519291247,0.7533511056412969,Low,9,46135.02111111111,1401,03-Oct-2025 13:55,"Complaint received on 03-Oct-2025 13:55 from 0, 0, 3. Fraud type: 3, Bank: 1."
1510,PNB ATM - Railway Station,"Akola, Maharashtra",20.595722,76.918761,1.1748881457388327,0.7531016718892604,Low,8,26907.12,1402,03-Oct-2025 13:55,"Complaint received on 03-Oct-2025 13:55 from 0, 0, 3. Fraud type: 3, Bank: 1."
809,ICICI ATM - Market,"Dhule, Maharashtra",20.873184,74.738082,1.1745146091798493,0.7530058521035425,Low,6,56336.16666666666,1403,03-Oct-2025 13:55,"Complaint received on 03-Oct-2025 13:55 from 0, 0, 3. Fraud type: 3, Bank: 1."
808,HDFC ATM - Market,"Nashik, Maharashtra",20.02585,73.699785,1.1743986498909669,0.7529761061685182,Low,3,23228.906666666662,1404,03-Oct-2025 13:55,"Complaint received on 03-Oct-2025 13:55 from 0, 0, 3. Fraud type: 3, Bank: 1."
1547,SBI ATM - Railway Station,"Akola, Maharashtra",20.74405,76.881455,1.1738397101589984,0.7528327266677481,Low,5,25296.692,1405,03-Oct-2025 13:55,"Complaint received on 03-Oct-2025 13:55 from 0, 0, 3. Fraud type: 3, Bank: 1."
1595,Axis ATM - Signal,"Washim, Maharashtra",20.277951,76.978945,1.1736100326688588,0.7527738096826229,Low,2,32416.125,1406,03-Oct-2025 13:55,"Complaint received on 03-Oct-2025 13:55 from 0, 0, 3. Fraud type: 3, Bank: 1."
1207,Axis ATM - Main Road,"Osmanabad, Maharashtra",18.308757,76.313665,1.1720714493739885,0.7523791315230747,Low,3,67429.63666666667,1407,03-Oct-2025 13:55,"Complaint received on 03-Oct-2025 13:55 from 0, 0, 3. Fraud type: 3, Bank: 1."
554,HDFC ATM - Railway Station,"Sangli, Maharashtra",17.026113,74.637669,1.171821921044527,0.7523151223906763,Low,3,29337.61666666667,1408,03-Oct-2025 13:55,"Complaint received on 03-Oct-2025 13:55 from 0, 0, 3. Fraud type: 3, Bank: 1."
1358,BoB ATM - Chowk,"Parbhani, Maharashtra",19.254132,76.611377,1.1717142203759021,0.7522874949610685,Low,4,65836.0575,1409,03-Oct-2025 13:55,"Complaint received on 03-Oct-2025 13:55 from 0, 0, 3. Fraud type: 3, Bank: 1."
770,PNB ATM - Market,"Nashik, Maharashtra",19.932071,73.675601,1.1684847993228782,0.7514590822505812,Low,6,69273.78333333334,1410,03-Oct-2025 13:55,"Complaint received on 03-Oct-2025 13:55 from 0, 0, 3. Fraud type: 3, Bank: 1."
1744,PNB ATM - Bus Stand,"Nagpur, Maharashtra",21.385977,79.080082,1.168472108013928,0.7514558266696353,Low,4,31052.825,1411,03-Oct-2025 13:55,"Complaint received on 03-Oct-2025 13:55 from 0, 0, 3. Fraud type: 3, Bank: 1."
1695,Axis ATM - Signal,"Yavatmal, Maharashtra",20.320186,77.989134,1.1683668244348664,0.751428819273056,Low,5,10224.26,1412,03-Oct-2025 13:55,"Complaint received on 03-Oct-2025 13:55 from 0, 0, 3. Fraud type: 3, Bank: 1."
1217,PNB ATM - Railway Station,"Latur, Maharashtra",18.531576,76.494919,1.166459996758832,0.7509396788799022,Low,9,20459.156666666662,1413,03-Oct-2025 13:55,"Complaint received on 03-Oct-2025 13:55 from 0, 0, 3. Fraud type: 3, Bank: 1."
1570,PNB ATM - Market,"Washim, Maharashtra",19.909768,77.267047,1.166069840288932,0.7508395957462887,Low,11,40562.10727272727,1414,03-Oct-2025 13:55,"Complaint received on 03-Oct-2025 13:55 from 0, 0, 3. Fraud type: 3, Bank: 1."
1698,BoB ATM - Main Road,"Yavatmal, Maharashtra",20.376425,77.974094,1.1654423092829256,0.7506786211774527,Low,3,40261.89333333333,1415,03-Oct-2025 13:55,"Complaint received on 03-Oct-2025 13:55 from 0, 0, 3. Fraud type: 3, Bank: 1."
1718,HDFC ATM - Market,"Yavatmal, Maharashtra",20.53875,78.082452,1.1654423092829256,0.7506786211774527,Low,5,38768.668,1416,03-Oct-2025 13:55,"Complaint received on 03-Oct-2025 13:55 from 0, 0, 3. Fraud type: 3, Bank: 1."
233,Axis ATM - Chowk,"Raigad, Maharashtra",18.528588,73.132681,1.1651901444902273,0.7506139357381808,Low,9,26460.816666666666,1417,03-Oct-2025 13:55,"Complaint received on 03-Oct-2025 13:55 from 0, 0, 3. Fraud type: 3, Bank: 1."
261,ICICI ATM - Market,"Raigad, Maharashtra",18.640755,73.120773,1.1648347731212931,0.7505227756961378,Low,7,30094.25571428571,1418,03-Oct-2025 13:55,"Complaint received on 03-Oct-2025 13:55 from 0, 0, 3. Fraud type: 3, Bank: 1."
1722,BoB ATM - Main Road,"Yavatmal, Maharashtra",20.350758,78.104385,1.162626517285335,0.7499563128000091,Low,8,10326.725,1419,03-Oct-2025 13:55,"Complaint received on 03-Oct-2025 13:55 from 0, 0, 3. Fraud type: 3, Bank: 1."
2037,HDFC ATM - Market,"Gadchiroli, Maharashtra",20.182798,80.102188,1.161270732154414,0.7496085261172869,Low,4,13652.955,1420,03-Oct-2025 13:55,"Complaint received on 03-Oct-2025 13:55 from 0, 0, 3. Fraud type: 3, Bank: 1."
1202,Axis ATM - Chowk,"Osmanabad, Maharashtra",18.017871,75.871305,1.1612363207711016,0.7495996988919565,Low,12,22540.87833333333,1421,03-Oct-2025 13:55,"Complaint received on 03-Oct-2025 13:55 from 0, 0, 3. Fraud type: 3, Bank: 1."
332,Axis ATM - Market,"Ratnagiri, Maharashtra",16.92461,73.357896,1.1609725352259397,0.7495320324914263,Low,5,24665.61,1422,03-Oct-2025 13:55,"Complaint received on 03-Oct-2025 13:55 from 0, 0, 3. Fraud type: 3, Bank: 1."
518,ICICI ATM - Main Road,"Satara, Maharashtra",17.706934,74.125652,1.1609310735276093,0.7495213967157465,Low,6,67309.99,1423,03-Oct-2025 13:55,"Complaint received on 03-Oct-2025 13:55 from 0, 0, 3. Fraud type: 3, Bank: 1."
2045,HDFC ATM - Railway Station,"Gadchiroli, Maharashtra",19.803116,79.968255,1.1600529953999454,0.7492961516734266,Low,10,14255.657,1424,03-Oct-2025 13:55,"Complaint received on 03-Oct-2025 13:55 from 0, 0, 3. Fraud type: 3, Bank: 1."
314,SBI ATM - Market,"Ratnagiri, Maharashtra",16.991672,73.307105,1.1599748141676516,0.7492760965844523,Low,3,26192.903333333332,1425,03-Oct-2025 13:55,"Complaint received on 03-Oct-2025 13:55 from 0, 0, 3. Fraud type: 3, Bank: 1."
413,HDFC ATM - Market,"Pune, Maharashtra",18.498766,73.754204,1.159923960146709,0.7492630514854589,Low,4,11097.575,1426,03-Oct-2025 13:55,"Complaint received on 03-Oct-2025 13:55 from 0, 0, 3. Fraud type: 3, Bank: 1."
1154,HDFC ATM - Railway Station,"Beed, Maharashtra",18.914488,75.944047,1.1599180265937017,0.7492615294074613,Low,2,28693.27,1427,03-Oct-2025 13:55,"Complaint received on 03-Oct-2025 13:55 from 0, 0, 3. Fraud type: 3, Bank: 1."
541,SBI ATM - Chowk,"Sangli, Maharashtra",16.821404,74.81921,1.1599058032562304,0.749258393870794,Low,6,26517.675,1428,03-Oct-2025 13:55,"Complaint received on 03-Oct-2025 13:55 from 0, 0, 3. Fraud type: 3, Bank: 1."
538,SBI ATM - Railway Station,"Sangli, Maharashtra",16.88687,74.733697,1.1599058032562304,0.749258393870794,Low,3,26707.696666666667,1429,03-Oct-2025 13:55,"Complaint received on 03-Oct-2025 13:55 from 0, 0, 3. Fraud type: 3, Bank: 1."
2094,HDFC ATM - Railway Station,"Nagpur, Maharashtra",21.099305,79.124407,1.1596715185501636,0.7491982950403251,Low,2,29188.955,1430,03-Oct-2025 13:55,"Complaint received on 03-Oct-2025 13:55 from 0, 0, 3. Fraud type: 3, Bank: 1."
497,ICICI ATM - Bus Stand,"Satara, Maharashtra",17.772604,73.658175,1.1595730356206928,0.7491730321497945,Low,4,45542.965,1431,03-Oct-2025 13:55,"Complaint received on 03-Oct-2025 13:55 from 0, 0, 3. Fraud type: 3, Bank: 1."
1386,Axis ATM - Bus Stand,"Parbhani, Maharashtra",19.194208,76.88,1.159194927735839,0.7490760397252685,Low,5,61683.696,1432,03-Oct-2025 13:55,"Complaint received on 03-Oct-2025 13:55 from 0, 0, 3. Fraud type: 3, Bank: 1."
262,SBI ATM - Main Road,"Raigad, Maharashtra",18.324695,73.19577,1.1578929233326554,0.7487420489018367,Low,4,42235.8275,1433,03-Oct-2025 13:55,"Complaint received on 03-Oct-2025 13:55 from 0, 0, 3. Fraud type: 3, Bank: 1."
347,BoB ATM - Market,"Sindhudurg, Maharashtra",15.789095,73.526451,1.1576654794642527,0.7486837048864811,Low,5,41870.242,1434,03-Oct-2025 13:55,"Complaint received on 03-Oct-2025 13:55 from 0, 0, 3. Fraud type: 3, Bank: 1."
379,BoB ATM - Signal,"Sindhudurg, Maharashtra",16.012212,73.72171,1.1576654794642527,0.7486837048864811,Low,10,41858.158,1435,03-Oct-2025 13:55,"Complaint received on 03-Oct-2025 13:55 from 0, 0, 3. Fraud type: 3, Bank: 1."
1872,BoB ATM - Bus Stand,"Chandrapur, Maharashtra",20.040309,79.211588,1.1562282647403448,0.7483150298436682,Low,5,11389.708,1436,03-Oct-2025 13:55,"Complaint received on 03-Oct-2025 13:55 from 0, 0, 3. Fraud type: 3, Bank: 1."
2117,BoB ATM - Railway Station,"Chandrapur, Maharashtra",20.163054,79.399388,1.1562282647403448,0.7483150298436682,Low,3,13320.393333333332,1437,03-Oct-2025 13:55,"Complaint received on 03-Oct-2025 13:55 from 0, 0, 3. Fraud type: 3, Bank: 1."
1740,BoB ATM - Market,"Nagpur, Maharashtra",21.161443,79.227506,1.1562282647403448,0.7483150298436682,Low,3,12700.56,1438,03-Oct-2025 13:55,"Complaint received on 03-Oct-2025 13:55 from 0, 0, 3. Fraud type: 3, Bank: 1."
1774,HDFC ATM - Chowk,"Nagpur, Maharashtra",21.021205,79.075799,1.1562099259940801,0.7483103255792658,Low,6,13440.69,1439,03-Oct-2025 13:55,"Complaint received on 03-Oct-2025 13:55 from 0, 0, 3. Fraud type: 3, Bank: 1."
1974,HDFC ATM - Chowk,"Bhandara, Maharashtra",21.115425,79.525223,1.1562099259940801,0.7483103255792658,Low,6,12042.416666666666,1440,03-Oct-2025 13:55,"Complaint received on 03-Oct-2025 13:55 from 0, 0, 3. Fraud type: 3, Bank: 1."
484,Axis ATM - Main Road,"Satara, Maharashtra",17.613963,73.919405,1.1551102485859834,0.7480282357782317,Low,10,18185.75,1441,03-Oct-2025 13:55,"Complaint received on 03-Oct-2025 13:55 from 0, 0, 3. Fraud type: 3, Bank: 1."
1963,BoB ATM - Signal,"Gondia, Maharashtra",21.311862,79.859311,1.1550105279858762,0.7480026553998079,Low,3,14051.39,1442,03-Oct-2025 13:55,"Complaint received on 03-Oct-2025 13:55 from 0, 0, 3. Fraud type: 3, Bank: 1."
1877,BoB ATM - Signal,"Chandrapur, Maharashtra",20.137215,79.385266,1.1549487123669109,0.7479867984261842,Low,5,56959.162,1443,03-Oct-2025 13:55,"Complaint received on 03-Oct-2025 13:55 from 0, 0, 3. Fraud type: 3, Bank: 1."
136,HDFC ATM - Main Road,"Thane, Maharashtra",19.123787,72.944386,1.154821995158066,0.747954292864128,Low,9,33378.51777777777,1444,03-Oct-2025 13:55,"Complaint received on 03-Oct-2025 13:55 from 0, 0, 3. Fraud type: 3, Bank: 1."
163,BoB ATM - Bus Stand,"Thane, Maharashtra",19.207778,72.935361,1.154821995158066,0.747954292864128,Low,8,32684.2675,1445,03-Oct-2025 13:55,"Complaint received on 03-Oct-2025 13:55 from 0, 0, 3. Fraud type: 3, Bank: 1."
209,PNB ATM - Chowk,"Palghar, Maharashtra",19.702941,72.81976,1.1526489128761985,0.7473968527057604,Low,7,48755.305714285714,1446,03-Oct-2025 13:55,"Complaint received on 03-Oct-2025 13:55 from 0, 0, 3. Fraud type: 3, Bank: 1."
493,ICICI ATM - Signal,"Satara, Maharashtra",17.799552,73.940749,1.152440980562658,0.7473435138042578,Low,11,35096.39727272727,1447,03-Oct-2025 13:55,"Complaint received on 03-Oct-2025 13:55 from 0, 0, 3. Fraud type: 3, Bank: 1."
382,Axis ATM - Bus Stand,"Sindhudurg, Maharashtra",16.069198,73.70218,1.1523081405430629,0.7473094376157127,Low,7,65449.45857142857,1448,03-Oct-2025 13:55,"Complaint received on 03-Oct-2025 13:55 from 0, 0, 3. Fraud type: 3, Bank: 1."
271,BoB ATM - Railway Station,"Raigad, Maharashtra",18.624535,73.150877,1.1518685891908027,0.7471966836820678,Low,7,30762.76428571429,1449,03-Oct-2025 13:55,"Complaint received on 03-Oct-2025 13:55 from 0, 0, 3. Fraud type: 3, Bank: 1."
453,Axis ATM - Main Road,"Pune, Maharashtra",18.356817,73.93955,1.151697873099858,0.7471528915046771,Low,6,50119.07,1450,03-Oct-2025 13:55,"Complaint received on 03-Oct-2025 13:55 from 0, 0, 3. Fraud type: 3, Bank: 1."
1965,BoB ATM - Chowk,"Bhandara, Maharashtra",20.987731,79.334312,1.1516669530689887,0.747144959882829,Low,6,10721.993333333334,1451,03-Oct-2025 13:55,"Complaint received on 03-Oct-2025 13:55 from 0, 0, 3. Fraud type: 3, Bank: 1."
436,BoB ATM - Market,"Pune, Maharashtra",18.741596,73.72159,1.1513434347410048,0.7470619707988486,Low,9,23817.04666666667,1452,03-Oct-2025 13:55,"Complaint received on 03-Oct-2025 13:55 from 0, 0, 3. Fraud type: 3, Bank: 1."
468,PNB ATM - Market,"Satara, Maharashtra",17.847923,74.110956,1.1511675050826011,0.747016841234515,Low,6,25188.765,1453,03-Oct-2025 13:55,"Complaint received on 03-Oct-2025 13:55 from 0, 0, 3. Fraud type: 3, Bank: 1."
1882,BoB ATM - Bus Stand,"Chandrapur, Maharashtra",20.163773,79.261357,1.151167458580011,0.7470168293056472,Low,3,12169.076666666666,1454,03-Oct-2025 13:55,"Complaint received on 03-Oct-2025 13:55 from 0, 0, 3. Fraud type: 3, Bank: 1."
1761,Axis ATM - Chowk,"Nagpur, Maharashtra",21.173721,78.824089,1.151167458580011,0.7470168293056472,Low,4,12280.2675,1455,03-Oct-2025 13:55,"Complaint received on 03-Oct-2025 13:55 from 0, 0, 3. Fraud type: 3, Bank: 1."
936,PNB ATM - Bus Stand,"Jalgaon, Maharashtra",20.996817,75.454175,1.1508848107379879,0.7469443243392525,Low,12,22011.33916666667,1456,03-Oct-2025 13:55,"Complaint received on 03-Oct-2025 13:55 from 0, 0, 3. Fraud type: 3, Bank: 1."
1285,SBI ATM - Railway Station,"Nanded, Maharashtra",19.289812,77.162534,1.1505064099041011,0.7468472567672934,Low,4,20598.2725,1457,03-Oct-2025 13:55,"Complaint received on 03-Oct-2025 13:55 from 0, 0, 3. Fraud type: 3, Bank: 1."
1757,Axis ATM - Chowk,"Nagpur, Maharashtra",21.283372,79.187358,1.1504492163145201,0.7468325854389688,Low,6,14150.45,1458,03-Oct-2025 13:55,"Complaint received on 03-Oct-2025 13:55 from 0, 0, 3. Fraud type: 3, Bank: 1."
1081,Axis ATM - Railway Station,"Jalna, Maharashtra",19.679713,75.923636,1.1497825684122074,0.7466615765842459,Low,6,32214.233333333334,1459,03-Oct-2025 13:55,"Complaint received on 03-Oct-2025 13:55 from 0, 0, 3. Fraud type: 3, Bank: 1."
200,SBI ATM - Main Road,"Palghar, Maharashtra",19.94729,72.970641,1.1495415603436439,0.7465997530734526,Low,3,26677.176666666663,1460,03-Oct-2025 13:55,"Complaint received on 03-Oct-2025 13:55 from 0, 0, 3. Fraud type: 3, Bank: 1."
219,SBI ATM - Market,"Palghar, Maharashtra",19.814051,72.690772,1.1494182697167996,0.7465681264999321,Low,6,22288.98833333333,1461,03-Oct-2025 13:55,"Complaint received on 03-Oct-2025 13:55 from 0, 0, 3. Fraud type: 3, Bank: 1."
1956,BoB ATM - Chowk,"Gondia, Maharashtra",21.362204,80.426853,1.149228066467944,0.7465193354670068,Low,5,32500.632,1462,03-Oct-2025 13:55,"Complaint received on 03-Oct-2025 13:55 from 0, 0, 3. Fraud type: 3, Bank: 1."
1277,ICICI ATM - Railway Station,"Nanded, Maharashtra",19.120466,77.407824,1.1491396163800882,0.7464966462060463,Low,6,59635.20333333333,1463,03-Oct-2025 13:55,"Complaint received on 03-Oct-2025 13:55 from 0, 0, 3. Fraud type: 3, Bank: 1."
372,ICICI ATM - Chowk,"Sindhudurg, Maharashtra",16.183637,73.703587,1.1486629303589269,0.7463743664684841,Low,7,41973.54428571429,1464,03-Oct-2025 13:55,"Complaint received on 03-Oct-2025 13:55 from 0, 0, 3. Fraud type: 3, Bank: 1."
1263,PNB ATM - Bus Stand,"Latur, Maharashtra",18.325079,76.547857,1.1481480368109187,0.7462422857169455,Low,7,70160.71857142857,1465,03-Oct-2025 13:55,"Complaint received on 03-Oct-2025 13:55 from 0, 0, 3. Fraud type: 3, Bank: 1."
1056,BoB ATM - Railway Station,"Jalna, Maharashtra",20.024066,75.892523,1.1481467975355715,0.746241967817411,Low,5,10333.65,1466,03-Oct-2025 13:55,"Complaint received on 03-Oct-2025 13:55 from 0, 0, 3. Fraud type: 3, Bank: 1."
462,HDFC ATM - Railway Station,"Satara, Maharashtra",17.882071,73.944934,1.1479670864929545,0.7461958682504997,Low,6,23296.715,1467,03-Oct-2025 13:55,"Complaint received on 03-Oct-2025 13:55 from 0, 0, 3. Fraud type: 3, Bank: 1."
125,Axis ATM - Main Road,"Thane, Maharashtra",19.2489,72.954383,1.147650810101951,0.7461147368718307,Low,4,14601.085,1468,03-Oct-2025 13:55,"Complaint received on 03-Oct-2025 13:55 from 0, 0, 3. Fraud type: 3, Bank: 1."
1926,BoB ATM - Signal,"Gondia, Maharashtra",21.352874,80.314804,1.1470456157483842,0.7459594921122971,Low,6,18461.373333333333,1469,03-Oct-2025 13:55,"Complaint received on 03-Oct-2025 13:55 from 0, 0, 3. Fraud type: 3, Bank: 1."
404,BoB ATM - Bus Stand,"Sindhudurg, Maharashtra",15.935022,73.683131,1.1468858025435924,0.7459184967487382,Low,1,79959.24,1470,03-Oct-2025 13:55,"Complaint received on 03-Oct-2025 13:55 from 0, 0, 3. Fraud type: 3, Bank: 1."
344,PNB ATM - Market,"Ratnagiri, Maharashtra",16.897145,73.160641,1.146459762269549,0.7458092086836634,Low,5,24102.602000000003,1471,03-Oct-2025 13:55,"Complaint received on 03-Oct-2025 13:55 from 0, 0, 3. Fraud type: 3, Bank: 1."
2039,Axis ATM - Railway Station,"Gadchiroli, Maharashtra",20.019288,79.817445,1.1451856940551655,0.7454823840654135,Low,7,9345.791428571429,1472,03-Oct-2025 13:55,"Complaint received on 03-Oct-2025 13:55 from 0, 0, 3. Fraud type: 3, Bank: 1."
129,SBI ATM - Market,"Thane, Maharashtra",19.110521,72.902778,1.1419576995354086,0.7446543372899563,Low,7,29220.101428571423,1473,03-Oct-2025 13:55,"Complaint received on 03-Oct-2025 13:55 from 0, 0, 3. Fraud type: 3, Bank: 1."
56,Axis ATM - Main Road,"Mumbai Suburban, Maharashtra",19.147295,73.036857,1.1419021832027925,0.7446400962124309,Low,9,48679.70333333334,1474,03-Oct-2025 13:55,"Complaint received on 03-Oct-2025 13:55 from 0, 0, 3. Fraud type: 3, Bank: 1."
1751,PNB ATM - Main Road,"Nagpur, Maharashtra",21.123155,79.116914,1.1417236911832793,0.7445943093499383,Low,3,30989.95333333333,1475,03-Oct-2025 13:55,"Complaint received on 03-Oct-2025 13:55 from 0, 0, 3. Fraud type: 3, Bank: 1."
1897,BoB ATM - Main Road,"Chandrapur, Maharashtra",20.015498,79.447627,1.1415269811458053,0.7445438491923286,Low,7,18731.472857142857,1476,03-Oct-2025 13:55,"Complaint received on 03-Oct-2025 13:55 from 0, 0, 3. Fraud type: 3, Bank: 1."
1862,HDFC ATM - Chowk,"Chandrapur, Maharashtra",19.986786,79.419534,1.1415269811458053,0.7445438491923286,Low,9,18888.35777777778,1477,03-Oct-2025 13:55,"Complaint received on 03-Oct-2025 13:55 from 0, 0, 3. Fraud type: 3, Bank: 1."
1880,BoB ATM - Main Road,"Chandrapur, Maharashtra",19.915766,79.205279,1.1415269811458053,0.7445438491923286,Low,4,18521.7075,1478,03-Oct-2025 13:55,"Complaint received on 03-Oct-2025 13:55 from 0, 0, 3. Fraud type: 3, Bank: 1."
1261,BoB ATM - Chowk,"Latur, Maharashtra",18.323757,76.42724,1.1411884340425873,0.7444570049193769,Low,5,53325.148,1479,03-Oct-2025 13:55,"Complaint received on 03-Oct-2025 13:55 from 0, 0, 3. Fraud type: 3, Bank: 1."
1073,Axis ATM - Chowk,"Jalna, Maharashtra",19.919303,75.858253,1.1406575632203402,0.7443208256694261,Low,6,63388.29833333333,1480,03-Oct-2025 13:55,"Complaint received on 03-Oct-2025 13:55 from 0, 0, 3. Fraud type: 3, Bank: 1."
1755,ICICI ATM - Chowk,"Nagpur, Maharashtra",21.223143,79.168157,1.1404690545554566,0.7442724693320324,Low,3,12444.75,1481,03-Oct-2025 13:55,"Complaint received on 03-Oct-2025 13:55 from 0, 0, 3. Fraud type: 3, Bank: 1."
1860,ICICI ATM - Main Road,"Chandrapur, Maharashtra",20.087467,79.135391,1.1404690545554566,0.7442724693320324,Low,6,12106.03,1482,03-Oct-2025 13:55,"Complaint received on 03-Oct-2025 13:55 from 0, 0, 3. Fraud type: 3, Bank: 1."
2067,PNB ATM - Market,"Gadchiroli, Maharashtra",19.978539,80.119614,1.1402160008978561,0.7442075558806894,Low,6,13767.133333333331,1483,03-Oct-2025 13:55,"Complaint received on 03-Oct-2025 13:55 from 0, 0, 3. Fraud type: 3, Bank: 1."
466,ICICI ATM - Main Road,"Satara, Maharashtra",17.895722,74.076901,1.1401765420969283,0.7441974338892573,Low,6,55831.85666666667,1484,03-Oct-2025 13:55,"Complaint received on 03-Oct-2025 13:55 from 0, 0, 3. Fraud type: 3, Bank: 1."
1551,SBI ATM - Main Road,"Akola, Maharashtra",20.551944,77.093123,1.1398197034016513,0.7441058974479239,Low,7,48436.32571428571,1485,03-Oct-2025 13:55,"Complaint received on 03-Oct-2025 13:55 from 0, 0, 3. Fraud type: 3, Bank: 1."
668,HDFC ATM - Bus Stand,"Solapur, Maharashtra",17.686842,75.952231,1.1395351066281714,0.7440328925406531,Low,2,9889.725,1486,03-Oct-2025 13:55,"Complaint received on 03-Oct-2025 13:55 from 0, 0, 3. Fraud type: 3, Bank: 1."
1894,ICICI ATM - Main Road,"Chandrapur, Maharashtra",20.100903,79.244447,1.139251317800988,0.743960094888172,Low,5,14142.896,1487,03-Oct-2025 13:55,"Complaint received on 03-Oct-2025 13:55 from 0, 0, 3. Fraud type: 3, Bank: 1."
1707,PNB ATM - Bus Stand,"Yavatmal, Maharashtra",20.416921,78.238482,1.139169623879198,0.743939138722324,Low,4,24104.0725,1488,03-Oct-2025 13:55,"Complaint received on 03-Oct-2025 13:55 from 0, 0, 3. Fraud type: 3, Bank: 1."
1573,SBI ATM - Main Road,"Washim, Maharashtra",20.219653,76.954512,1.1390717694904064,0.7439140370653642,Low,3,29442.003333333338,1489,03-Oct-2025 13:55,"Complaint received on 03-Oct-2025 13:55 from 0, 0, 3. Fraud type: 3, Bank: 1."
317,PNB ATM - Market,"Ratnagiri, Maharashtra",16.671884,73.440981,1.138064086203443,0.7436555456424869,Low,8,24703.12125,1490,03-Oct-2025 13:55,"Complaint received on 03-Oct-2025 13:55 from 0, 0, 3. Fraud type: 3, Bank: 1."
2073,HDFC ATM - Market,"Gadchiroli, Maharashtra",19.825451,80.271529,1.1375798431555135,0.7435313273726226,Low,6,19246.59,1491,03-Oct-2025 13:55,"Complaint received on 03-Oct-2025 13:55 from 0, 0, 3. Fraud type: 3, Bank: 1."
1083,ICICI ATM - Bus Stand,"Jalna, Maharashtra",19.679951,75.952542,1.1374483935110171,0.7434976078437964,Low,4,10387.57,1492,03-Oct-2025 13:55,"Complaint received on 03-Oct-2025 13:55 from 0, 0, 3. Fraud type: 3, Bank: 1."
1521,PNB ATM - Market,"Akola, Maharashtra",20.660838,77.085479,1.1367062646951378,0.7433072365872153,Low,3,113932.23666666668,1493,03-Oct-2025 13:55,"Complaint received on 03-Oct-2025 13:55 from 0, 0, 3. Fraud type: 3, Bank: 1."
269,Axis ATM - Main Road,"Raigad, Maharashtra",18.722457,73.295797,1.1354460182356054,0.7429839575324617,Low,3,10756.513333333332,1494,03-Oct-2025 13:55,"Complaint received on 03-Oct-2025 13:55 from 0, 0, 3. Fraud type: 3, Bank: 1."
252,BoB ATM - Signal,"Raigad, Maharashtra",18.541824,73.219786,1.1354460182356054,0.7429839575324617,Low,4,13160.6675,1495,03-Oct-2025 13:55,"Complaint received on 03-Oct-2025 13:55 from 0, 0, 3. Fraud type: 3, Bank: 1."
1875,PNB ATM - Chowk,"Chandrapur, Maharashtra",19.97721,79.346597,1.1351551947375227,0.7429093553426684,Low,6,13693.95,1496,03-Oct-2025 13:55,"Complaint received on 03-Oct-2025 13:55 from 0, 0, 3. Fraud type: 3, Bank: 1."
433,ICICI ATM - Signal,"Pune, Maharashtra",18.452929,73.895265,1.1348662827531333,0.7428352434953278,Low,6,61980.833333333336,1497,03-Oct-2025 13:55,"Complaint received on 03-Oct-2025 13:55 from 0, 0, 3. Fraud type: 3, Bank: 1."
736,SBI ATM - Signal,"Ahmednagar, Maharashtra",19.100609,74.907304,1.134762105618773,0.7428085199244991,Low,6,22717.145,1498,03-Oct-2025 13:55,"Complaint received on 03-Oct-2025 13:55 from 0, 0, 3. Fraud type: 3, Bank: 1."
327,HDFC ATM - Signal,"Ratnagiri, Maharashtra",16.948877,73.265427,1.1347018642917366,0.7427930667890318,Low,2,7639.98,1499,03-Oct-2025 13:55,"Complaint received on 03-Oct-2025 13:55 from 0, 0, 3. Fraud type: 3, Bank: 1."
421,Axis ATM - Signal,"Pune, Maharashtra",18.535956,73.765986,1.1344323808882857,0.7427239387710315,Low,7,23520.265714285717,1500,03-Oct-2025 13:55,"Complaint received on 03-Oct-2025 13:55 from 0, 0, 3. Fraud type: 3, Bank: 1."
731,PNB ATM - Bus Stand,"Ahmednagar, Maharashtra",19.062822,74.614867,1.1342626111297953,0.7426803893473173,Low,11,22507.008181818182,1501,03-Oct-2025 13:55,"Complaint received on 03-Oct-2025 13:55 from 0, 0, 3. Fraud type: 3, Bank: 1."
2123,ICICI ATM - Railway Station,"Pune, Maharashtra",18.601827,74.071605,1.1341407179885907,0.742649121257515,Low,4,24382.7525,1502,03-Oct-2025 13:55,"Complaint received on 03-Oct-2025 13:55 from 0, 0, 3. Fraud type: 3, Bank: 1."
1049,Axis ATM - Railway Station,"Jalna, Maharashtra",19.909958,75.935511,1.1339287480130038,0.7425947466129164,Low,5,32668.964,1503,03-Oct-2025 13:55,"Complaint received on 03-Oct-2025 13:55 from 0, 0, 3. Fraud type: 3, Bank: 1."
150,PNB ATM - Main Road,"Thane, Maharashtra",19.36332,72.899011,1.1330341848546517,0.7423652728222445,Low,6,28308.58666666667,1504,03-Oct-2025 13:55,"Complaint received on 03-Oct-2025 13:55 from 0, 0, 3. Fraud type: 3, Bank: 1."
1593,HDFC ATM - Bus Stand,"Washim, Maharashtra",20.252408,77.31236,1.1325614370890498,0.7422440033279765,Low,11,34300.50727272727,1505,03-Oct-2025 13:55,"Complaint received on 03-Oct-2025 13:55 from 0, 0, 3. Fraud type: 3, Bank: 1."
423,PNB ATM - Railway Station,"Pune, Maharashtra",18.648836,73.726818,1.1319535289793907,0.742088062434367,Low,5,27473.238,1506,03-Oct-2025 13:55,"Complaint received on 03-Oct-2025 13:55 from 0, 0, 3. Fraud type: 3, Bank: 1."
8,SBI ATM - Bus Stand,"Mumbai City, Maharashtra",18.831037,72.650524,1.1304960204365606,0.7417141816109316,Low,7,28959.317142857144,1507,03-Oct-2025 13:55,"Complaint received on 03-Oct-2025 13:55 from 0, 0, 3. Fraud type: 3, Bank: 1."
1071,SBI ATM - Main Road,"Jalna, Maharashtra",19.606015,76.000902,1.129468234586958,0.7414505334685897,Low,3,57359.90666666667,1508,03-Oct-2025 13:55,"Complaint received on 03-Oct-2025 13:55 from 0, 0, 3. Fraud type: 3, Bank: 1."
1953,SBI ATM - Chowk,"Gondia, Maharashtra",21.455917,80.292261,1.1284934563302573,0.7412004828606019,Low,7,41202.78571428572,1509,03-Oct-2025 13:55,"Complaint received on 03-Oct-2025 13:55 from 0, 0, 3. Fraud type: 3, Bank: 1."
1970,BoB ATM - Market,"Bhandara, Maharashtra",21.120005,79.642425,1.1277181739712607,0.7410016070404892,Low,6,27657.986666666664,1510,03-Oct-2025 13:55,"Complaint received on 03-Oct-2025 13:55 from 0, 0, 3. Fraud type: 3, Bank: 1."
28,SBI ATM - Bus Stand,"Mumbai City, Maharashtra",18.947228,73.115589,1.1275395563631805,0.7409557879619544,Low,3,3057.056666666667,1511,03-Oct-2025 13:55,"Complaint received on 03-Oct-2025 13:55 from 0, 0, 3. Fraud type: 3, Bank: 1."
1821,PNB ATM - Bus Stand,"Wardha, Maharashtra",20.692278,78.457916,1.1274001625476249,0.740920030590378,Low,9,22342.66222222222,1512,03-Oct-2025 13:55,"Complaint received on 03-Oct-2025 13:55 from 0, 0, 3. Fraud type: 3, Bank: 1."
2040,HDFC ATM - Market,"Gadchiroli, Maharashtra",19.795192,80.222388,1.1273885981263834,0.740917064079233,Low,7,30941.245714285717,1513,03-Oct-2025 13:55,"Complaint received on 03-Oct-2025 13:55 from 0, 0, 3. Fraud type: 3, Bank: 1."
2047,PNB ATM - Railway Station,"Gadchiroli, Maharashtra",19.959333,80.301422,1.1273219390488696,0.7408999646591898,Low,6,14577.88,1514,03-Oct-2025 13:55,"Complaint received on 03-Oct-2025 13:55 from 0, 0, 3. Fraud type: 3, Bank: 1."
325,BoB ATM - Bus Stand,"Ratnagiri, Maharashtra",17.039612,73.535215,1.126169436806802,0.7406043242052144,Low,8,12293.32,1515,03-Oct-2025 13:55,"Complaint received on 03-Oct-2025 13:55 from 0, 0, 3. Fraud type: 3, Bank: 1."
323,BoB ATM - Main Road,"Ratnagiri, Maharashtra",17.068524,73.30333,1.126169436806802,0.7406043242052144,Low,6,13036.221666666665,1516,03-Oct-2025 13:55,"Complaint received on 03-Oct-2025 13:55 from 0, 0, 3. Fraud type: 3, Bank: 1."
71,HDFC ATM - Chowk,"Mumbai Suburban, Maharashtra",19.018385,72.698218,1.1258007646649555,0.7405097522422237,Low,11,50485.59,1517,03-Oct-2025 13:55,"Complaint received on 03-Oct-2025 13:55 from 0, 0, 3. Fraud type: 3, Bank: 1."
1714,HDFC ATM - Railway Station,"Yavatmal, Maharashtra",20.273195,78.250856,1.1251381121424573,0.7403397682843376,Low,4,33811.1225,1518,03-Oct-2025 13:55,"Complaint received on 03-Oct-2025 13:55 from 0, 0, 3. Fraud type: 3, Bank: 1."
293,ICICI ATM - Railway Station,"Ratnagiri, Maharashtra",16.946684,73.44912,1.1247230572495117,0.7402332981947393,Low,10,29337.092,1519,03-Oct-2025 13:55,"Complaint received on 03-Oct-2025 13:55 from 0, 0, 3. Fraud type: 3, Bank: 1."
523,PNB ATM - Market,"Sangli, Maharashtra",16.785148,74.799684,1.124631636754897,0.7402098469635451,Low,8,23902.55375,1520,03-Oct-2025 13:55,"Complaint received on 03-Oct-2025 13:55 from 0, 0, 3. Fraud type: 3, Bank: 1."
535,SBI ATM - Main Road,"Sangli, Maharashtra",16.851408,74.565533,1.124631636754897,0.7402098469635451,Low,9,22629.645555555555,1521,03-Oct-2025 13:55,"Complaint received on 03-Oct-2025 13:55 from 0, 0, 3. Fraud type: 3, Bank: 1."
1606,HDFC ATM - Chowk,"Washim, Maharashtra",19.922621,77.32041,1.124277974288069,0.7401191252899286,Low,9,34455.57555555555,1522,03-Oct-2025 13:55,"Complaint received on 03-Oct-2025 13:55 from 0, 0, 3. Fraud type: 3, Bank: 1."
1911,HDFC ATM - Railway Station,"Gondia, Maharashtra",21.346381,80.196256,1.1238543397707308,0.7400104543507721,Low,6,16271.586666666668,1523,03-Oct-2025 13:55,"Complaint received on 03-Oct-2025 13:55 from 0, 0, 3. Fraud type: 3, Bank: 1."
1726,Axis ATM - Railway Station,"Yavatmal, Maharashtra",20.472448,78.305985,1.123206639991439,0.7398443060780832,Low,6,30220.36,1524,03-Oct-2025 13:55,"Complaint received on 03-Oct-2025 13:55 from 0, 0, 3. Fraud type: 3, Bank: 1."
545,PNB ATM - Bus Stand,"Sangli, Maharashtra",17.057042,74.691178,1.1221668861346497,0.7395775878965268,Low,7,62184.874285714286,1525,03-Oct-2025 13:55,"Complaint received on 03-Oct-2025 13:55 from 0, 0, 3. Fraud type: 3, Bank: 1."
263,BoB ATM - Bus Stand,"Raigad, Maharashtra",18.491326,73.081092,1.1214292090808167,0.7393883586081819,Low,5,17914.41,1526,03-Oct-2025 13:55,"Complaint received on 03-Oct-2025 13:55 from 0, 0, 3. Fraud type: 3, Bank: 1."
1852,ICICI ATM - Signal,"Chandrapur, Maharashtra",20.050584,79.483364,1.1213493348257253,0.7393678692241493,Low,4,15065.7475,1527,03-Oct-2025 13:55,"Complaint received on 03-Oct-2025 13:55 from 0, 0, 3. Fraud type: 3, Bank: 1."
1973,HDFC ATM - Main Road,"Bhandara, Maharashtra",21.241459,79.579213,1.119479174675491,0.7388881348031298,Low,2,7256.79,1528,03-Oct-2025 13:55,"Complaint received on 03-Oct-2025 13:55 from 0, 0, 3. Fraud type: 3, Bank: 1."
1937,BoB ATM - Chowk,"Gondia, Maharashtra",21.200663,80.161564,1.1188118723566616,0.7387169580771534,Low,9,15819.28888888889,1529,03-Oct-2025 13:55,"Complaint received on 03-Oct-2025 13:55 from 0, 0, 3. Fraud type: 3, Bank: 1."
2155,Axis ATM - Signal,"Nagpur, Maharashtra",21.193373,78.980922,1.118013216791235,0.7385120865503882,Low,1,1469.81,1530,03-Oct-2025 13:55,"Complaint received on 03-Oct-2025 13:55 from 0, 0, 3. Fraud type: 3, Bank: 1."
480,SBI ATM - Main Road,"Satara, Maharashtra",17.817852,73.791234,1.1178258615726655,0.7384640260956222,Low,9,26105.536666666667,1531,03-Oct-2025 13:55,"Complaint received on 03-Oct-2025 13:55 from 0, 0, 3. Fraud type: 3, Bank: 1."
1763,Axis ATM - Signal,"Nagpur, Maharashtra",21.283005,79.069954,1.117725784226197,0.7384383542044426,Low,11,27553.084545454545,1532,03-Oct-2025 13:55,"Complaint received on 03-Oct-2025 13:55 from 0, 0, 3. Fraud type: 3, Bank: 1."
2011,ICICI ATM - Railway Station,"Bhandara, Maharashtra",21.206921,79.518538,1.1176415897280125,0.7384167565894819,Low,5,66512.198,1533,03-Oct-2025 13:55,"Complaint received on 03-Oct-2025 13:55 from 0, 0, 3. Fraud type: 3, Bank: 1."
174,PNB ATM - Bus Stand,"Palghar, Maharashtra",19.841533,72.703699,1.114363947176373,0.737575974075951,Low,9,21881.972222222223,1534,03-Oct-2025 13:55,"Complaint received on 03-Oct-2025 13:55 from 0, 0, 3. Fraud type: 3, Bank: 1."
1340,PNB ATM - Chowk,"Parbhani, Maharashtra",19.147619,76.699866,1.1120643222950202,0.7369860731464076,Low,8,48647.08875,1535,03-Oct-2025 13:55,"Complaint received on 03-Oct-2025 13:55 from 0, 0, 3. Fraud type: 3, Bank: 1."
51,PNB ATM - Market,"Mumbai City, Maharashtra",18.73301,72.752525,1.111974959821562,0.7369631498398342,Low,5,48888.842,1536,03-Oct-2025 13:55,"Complaint received on 03-Oct-2025 13:55 from 0, 0, 3. Fraud type: 3, Bank: 1."
253,BoB ATM - Market,"Raigad, Maharashtra",18.559231,73.163708,1.1102491208054182,0.7365204367486163,Low,3,9468.496666666666,1537,03-Oct-2025 13:55,"Complaint received on 03-Oct-2025 13:55 from 0, 0, 3. Fraud type: 3, Bank: 1."
1324,PNB ATM - Signal,"Nanded, Maharashtra",19.241497,77.283755,1.1100069170091023,0.7364583065091393,Low,6,55945.723333333335,1538,03-Oct-2025 13:55,"Complaint received on 03-Oct-2025 13:55 from 0, 0, 3. Fraud type: 3, Bank: 1."
267,PNB ATM - Bus Stand,"Raigad, Maharashtra",18.34257,73.32725,1.1088007735616126,0.736148905986208,Low,7,23535.45857142857,1539,03-Oct-2025 13:55,"Complaint received on 03-Oct-2025 13:55 from 0, 0, 3. Fraud type: 3, Bank: 1."
279,HDFC ATM - Signal,"Raigad, Maharashtra",18.414926,73.024064,1.107452862461265,0.7358031391537632,Low,2,57986.17,1540,03-Oct-2025 13:55,"Complaint received on 03-Oct-2025 13:55 from 0, 0, 3. Fraud type: 3, Bank: 1."
1801,SBI ATM - Railway Station,"Wardha, Maharashtra",20.642438,78.698794,1.1074308442596021,0.7357974910336141,Low,3,16302.796666666669,1541,03-Oct-2025 13:55,"Complaint received on 03-Oct-2025 13:55 from 0, 0, 3. Fraud type: 3, Bank: 1."
1567,BoB ATM - Chowk,"Washim, Maharashtra",20.081427,77.14552,1.1070983372499337,0.7357121961684935,Low,12,66548.25583333334,1542,03-Oct-2025 13:55,"Complaint received on 03-Oct-2025 13:55 from 0, 0, 3. Fraud type: 3, Bank: 1."
637,Axis ATM - Railway Station,"Solapur, Maharashtra",17.687737,75.682944,1.1068666209935736,0.7356527561980333,Low,9,32884.00777777778,1543,03-Oct-2025 13:55,"Complaint received on 03-Oct-2025 13:55 from 0, 0, 3. Fraud type: 3, Bank: 1."
259,ICICI ATM - Main Road,"Raigad, Maharashtra",18.58011,73.072693,1.1064369918732702,0.7355425475203133,Low,10,32213.896,1544,03-Oct-2025 13:55,"Complaint received on 03-Oct-2025 13:55 from 0, 0, 3. Fraud type: 3, Bank: 1."
1679,PNB ATM - Signal,"Yavatmal, Maharashtra",20.366247,78.378149,1.1053231726849342,0.7352568300627096,Low,4,17724.005,1545,03-Oct-2025 13:55,"Complaint received on 03-Oct-2025 13:55 from 0, 0, 3. Fraud type: 3, Bank: 1."
2053,HDFC ATM - Main Road,"Gadchiroli, Maharashtra",19.866509,80.184388,1.1047057353816307,0.7350984447355604,Low,5,6956.036,1546,03-Oct-2025 13:55,"Complaint received on 03-Oct-2025 13:55 from 0, 0, 3. Fraud type: 3, Bank: 1."
1140,ICICI ATM - Signal,"Beed, Maharashtra",19.096824,75.88423,1.1043567012907665,0.7350089103352708,Low,10,35510.635,1547,03-Oct-2025 13:55,"Complaint received on 03-Oct-2025 13:55 from 0, 0, 3. Fraud type: 3, Bank: 1."
1903,PNB ATM - Chowk,"Chandrapur, Maharashtra",19.903266,79.284393,1.1043407121298987,0.7350048087876945,Low,2,9394.08,1548,03-Oct-2025 13:55,"Complaint received on 03-Oct-2025 13:55 from 0, 0, 3. Fraud type: 3, Bank: 1."
320,ICICI ATM - Market,"Ratnagiri, Maharashtra",16.904459,73.322772,1.1037520746644254,0.7348538112094102,Low,4,27389.3675,1549,03-Oct-2025 13:55,"Complaint received on 03-Oct-2025 13:55 from 0, 0, 3. Fraud type: 3, Bank: 1."
2035,PNB ATM - Market,"Gadchiroli, Maharashtra",19.781913,80.134984,1.1025371534802693,0.7345421590170605,Low,4,118776.035,1550,03-Oct-2025 13:55,"Complaint received on 03-Oct-2025 13:55 from 0, 0, 3. Fraud type: 3, Bank: 1."
2111,SBI ATM - Market,"Kolhapur, Maharashtra",16.70409,74.147603,1.1021188261306387,0.7344348494752299,Low,5,57054.51,1551,03-Oct-2025 13:55,"Complaint received on 03-Oct-2025 13:55 from 0, 0, 3. Fraud type: 3, Bank: 1."
749,BoB ATM - Main Road,"Ahmednagar, Maharashtra",18.94961,74.385329,1.101560490777081,0.7342916250099132,Low,1,22294.73,1552,03-Oct-2025 13:55,"Complaint received on 03-Oct-2025 13:55 from 0, 0, 3. Fraud type: 3, Bank: 1."
521,ICICI ATM - Market,"Sangli, Maharashtra",16.741245,74.682893,1.1007688600028687,0.7340885554861185,Low,2,4991.135,1553,03-Oct-2025 13:55,"Complaint received on 03-Oct-2025 13:55 from 0, 0, 3. Fraud type: 3, Bank: 1."
1958,PNB ATM - Market,"Gondia, Maharashtra",21.247298,80.143448,1.1006098435212173,0.7340477644983798,Low,3,11129.673333333334,1554,03-Oct-2025 13:55,"Complaint received on 03-Oct-2025 13:55 from 0, 0, 3. Fraud type: 3, Bank: 1."
1961,SBI ATM - Market,"Gondia, Maharashtra",21.356261,80.168824,1.1006098435212173,0.7340477644983798,Low,5,11361.107999999998,1555,03-Oct-2025 13:55,"Complaint received on 03-Oct-2025 13:55 from 0, 0, 3. Fraud type: 3, Bank: 1."
38,PNB ATM - Railway Station,"Mumbai City, Maharashtra",18.80724,72.676455,1.097126083053196,0.7331541085134164,Low,9,25330.93555555556,1556,03-Oct-2025 13:55,"Complaint received on 03-Oct-2025 13:55 from 0, 0, 3. Fraud type: 3, Bank: 1."
1753,BoB ATM - Market,"Nagpur, Maharashtra",21.148784,79.061971,1.097079712886074,0.7331422136148571,Low,9,27428.914444444446,1557,03-Oct-2025 13:55,"Complaint received on 03-Oct-2025 13:55 from 0, 0, 3. Fraud type: 3, Bank: 1."
1712,ICICI ATM - Chowk,"Yavatmal, Maharashtra",20.428494,78.153286,1.0967435511744683,0.7330559812437599,Low,4,42813.355,1558,03-Oct-2025 13:55,"Complaint received on 03-Oct-2025 13:55 from 0, 0, 3. Fraud type: 3, Bank: 1."
1227,PNB ATM - Market,"Latur, Maharashtra",18.507648,76.722985,1.0964929804029322,0.7329917047035972,Low,4,59051.935,1559,03-Oct-2025 13:55,"Complaint received on 03-Oct-2025 13:55 from 0, 0, 3. Fraud type: 3, Bank: 1."
781,ICICI ATM - Market,"Nashik, Maharashtra",19.938837,73.927813,1.0961469365604404,0.7329029373633219,Low,8,18064.0525,1560,03-Oct-2025 13:55,"Complaint received on 03-Oct-2025 13:55 from 0, 0, 3. Fraud type: 3, Bank: 1."
690,BoB ATM - Main Road,"Solapur, Maharashtra",17.938877,75.847314,1.0958497863768515,0.732826712248985,Low,1,8747.38,1561,03-Oct-2025 13:55,"Complaint received on 03-Oct-2025 13:55 from 0, 0, 3. Fraud type: 3, Bank: 1."
2015,SBI ATM - Market,"Bhandara, Maharashtra",21.108226,79.679224,1.0951122642083448,0.7326375226919017,Low,1,1402.7,1562,03-Oct-2025 13:55,"Complaint received on 03-Oct-2025 13:55 from 0, 0, 3. Fraud type: 3, Bank: 1."
711,ICICI ATM - Chowk,"Ahmednagar, Maharashtra",19.212888,74.801103,1.0948294464163149,0.732564974129846,Low,6,20611.02,1563,03-Oct-2025 13:55,"Complaint received on 03-Oct-2025 13:55 from 0, 0, 3. Fraud type: 3, Bank: 1."
427,HDFC ATM - Market,"Pune, Maharashtra",18.823232,73.786296,1.0943521950179813,0.7324425493614477,Low,4,19717.91,1564,03-Oct-2025 13:55,"Complaint received on 03-Oct-2025 13:55 from 0, 0, 3. Fraud type: 3, Bank: 1."
1585,Axis ATM - Railway Station,"Washim, Maharashtra",20.321343,77.139962,1.093400698478353,0.7321984709912163,Low,5,33650.914000000004,1565,03-Oct-2025 13:55,"Complaint received on 03-Oct-2025 13:55 from 0, 0, 3. Fraud type: 3, Bank: 1."
1600,Axis ATM - Railway Station,"Washim, Maharashtra",20.075874,77.33087,1.0931994405841206,0.7321468442151068,Low,4,41613.155,1566,03-Oct-2025 13:55,"Complaint received on 03-Oct-2025 13:55 from 0, 0, 3. Fraud type: 3, Bank: 1."
903,HDFC ATM - Chowk,"Nandurbar, Maharashtra",21.744575,73.894178,1.0927063199361586,0.7320203486588235,Low,4,20201.16,1567,03-Oct-2025 13:55,"Complaint received on 03-Oct-2025 13:55 from 0, 0, 3. Fraud type: 3, Bank: 1."
145,SBI ATM - Main Road,"Thane, Maharashtra",19.058694,73.080143,1.0924436044120682,0.7319529567406359,Low,7,17574.457142857143,1568,03-Oct-2025 13:55,"Complaint received on 03-Oct-2025 13:55 from 0, 0, 3. Fraud type: 3, Bank: 1."
2106,PNB ATM - Chowk,"Washim, Maharashtra",20.137774,77.217579,1.0908558464894589,0.7315456642808822,Low,1,23143.43,1569,03-Oct-2025 13:55,"Complaint received on 03-Oct-2025 13:55 from 0, 0, 3. Fraud type: 3, Bank: 1."
1063,ICICI ATM - Bus Stand,"Jalna, Maharashtra",19.808353,76.044742,1.0903700213397403,0.7314210401694724,Low,8,21425.6575,1570,03-Oct-2025 13:55,"Complaint received on 03-Oct-2025 13:55 from 0, 0, 3. Fraud type: 3, Bank: 1."
1851,HDFC ATM - Market,"Chandrapur, Maharashtra",19.962311,79.364355,1.089951277691931,0.7313136238386239,Low,6,36816.43666666667,1571,03-Oct-2025 13:55,"Complaint received on 03-Oct-2025 13:55 from 0, 0, 3. Fraud type: 3, Bank: 1."
1876,BoB ATM - Railway Station,"Chandrapur, Maharashtra",20.084002,79.329161,1.089951277691931,0.7313136238386239,Low,4,36033.630000000005,1572,03-Oct-2025 13:55,"Complaint received on 03-Oct-2025 13:55 from 0, 0, 3. Fraud type: 3, Bank: 1."
288,ICICI ATM - Market,"Ratnagiri, Maharashtra",16.843345,73.39556,1.0898179196514781,0.7312794147671082,Low,7,10858.09,1573,03-Oct-2025 13:55,"Complaint received on 03-Oct-2025 13:55 from 0, 0, 3. Fraud type: 3, Bank: 1."
681,SBI ATM - Signal,"Solapur, Maharashtra",17.614451,75.967016,1.0894538533999576,0.7311860243094173,Low,6,19881.033333333333,1574,03-Oct-2025 13:55,"Complaint received on 03-Oct-2025 13:55 from 0, 0, 3. Fraud type: 3, Bank: 1."
507,HDFC ATM - Main Road,"Satara, Maharashtra",17.611459,74.06871,1.0882714867166055,0.7308827230139642,Low,6,24072.446666666667,1575,03-Oct-2025 13:55,"Complaint received on 03-Oct-2025 13:55 from 0, 0, 3. Fraud type: 3, Bank: 1."
1512,PNB ATM - Market,"Akola, Maharashtra",20.654909,76.916648,1.0881344837990254,0.7308475789567374,Low,6,24914.72,1576,03-Oct-2025 13:55,"Complaint received on 03-Oct-2025 13:55 from 0, 0, 3. Fraud type: 3, Bank: 1."
2095,SBI ATM - Main Road,"Wardha, Maharashtra",20.659586,78.740606,1.088040189468464,0.7308233905277027,Low,5,28129.18,1577,03-Oct-2025 13:55,"Complaint received on 03-Oct-2025 13:55 from 0, 0, 3. Fraud type: 3, Bank: 1."
1587,PNB ATM - Railway Station,"Washim, Maharashtra",20.109712,77.069287,1.0874565175098512,0.7306736667037321,Low,5,37474.944,1578,03-Oct-2025 13:55,"Complaint received on 03-Oct-2025 13:55 from 0, 0, 3. Fraud type: 3, Bank: 1."
303,SBI ATM - Market,"Ratnagiri, Maharashtra",16.786904,73.493546,1.0864249551912408,0.7304090498196636,Low,5,32173.048,1579,03-Oct-2025 13:55,"Complaint received on 03-Oct-2025 13:55 from 0, 0, 3. Fraud type: 3, Bank: 1."
338,BoB ATM - Railway Station,"Ratnagiri, Maharashtra",16.895143,73.366576,1.0849662990234543,0.730034874606898,Low,5,5304.47,1580,03-Oct-2025 13:55,"Complaint received on 03-Oct-2025 13:55 from 0, 0, 3. Fraud type: 3, Bank: 1."
1515,PNB ATM - Bus Stand,"Akola, Maharashtra",20.698109,76.927662,1.0841608635305713,0.7298282638897365,Low,10,24591.559,1581,03-Oct-2025 13:55,"Complaint received on 03-Oct-2025 13:55 from 0, 0, 3. Fraud type: 3, Bank: 1."
334,PNB ATM - Market,"Ratnagiri, Maharashtra",17.076601,73.174514,1.0836041879176785,0.7296854651819289,Low,8,18868.0025,1582,03-Oct-2025 13:55,"Complaint received on 03-Oct-2025 13:55 from 0, 0, 3. Fraud type: 3, Bank: 1."
236,ICICI ATM - Bus Stand,"Raigad, Maharashtra",18.525823,73.090286,1.0832455728060721,0.7295934730533865,Low,6,17969.70666666667,1583,03-Oct-2025 13:55,"Complaint received on 03-Oct-2025 13:55 from 0, 0, 3. Fraud type: 3, Bank: 1."
1716,BoB ATM - Bus Stand,"Yavatmal, Maharashtra",20.384116,78.110757,1.0830112665484588,0.729533368694504,Low,4,80973.68000000001,1584,03-Oct-2025 13:55,"Complaint received on 03-Oct-2025 13:55 from 0, 0, 3. Fraud type: 3, Bank: 1."
1471,SBI ATM - Chowk,"Buldhana, Maharashtra",20.475861,76.246209,1.0826294239309913,0.7294354182344921,Low,6,21284.815,1585,03-Oct-2025 13:55,"Complaint received on 03-Oct-2025 13:55 from 0, 0, 3. Fraud type: 3, Bank: 1."
490,HDFC ATM - Bus Stand,"Satara, Maharashtra",17.68456,74.014404,1.0816328002030926,0.7291797638152607,Low,5,29093.874,1586,03-Oct-2025 13:55,"Complaint received on 03-Oct-2025 13:55 from 0, 0, 3. Fraud type: 3, Bank: 1."
194,SBI ATM - Railway Station,"Palghar, Maharashtra",19.518177,72.924025,1.079644383043133,0.7286696940467123,Low,11,24223.974545454545,1587,03-Oct-2025 13:55,"Complaint received on 03-Oct-2025 13:55 from 0, 0, 3. Fraud type: 3, Bank: 1."
2121,ICICI ATM - Railway Station,"Akola, Maharashtra",20.69672,76.892403,1.0792792671381295,0.7285760343313826,Low,3,20191.436666666665,1588,03-Oct-2025 13:55,"Complaint received on 03-Oct-2025 13:55 from 0, 0, 3. Fraud type: 3, Bank: 1."
68,Axis ATM - Signal,"Mumbai Suburban, Maharashtra",19.214924,72.770874,1.0791032588572438,0.7285308845987702,Low,7,47457.01571428571,1589,03-Oct-2025 13:55,"Complaint received on 03-Oct-2025 13:55 from 0, 0, 3. Fraud type: 3, Bank: 1."
1148,SBI ATM - Signal,"Beed, Maharashtra",18.923004,75.627981,1.0786706103022725,0.7284199013741528,Low,7,20560.975714285712,1590,03-Oct-2025 13:55,"Complaint received on 03-Oct-2025 13:55 from 0, 0, 3. Fraud type: 3, Bank: 1."
422,PNB ATM - Railway Station,"Pune, Maharashtra",18.663406,73.667218,1.078532266949521,0.7283844134678225,Low,3,38865.02333333334,1591,03-Oct-2025 13:55,"Complaint received on 03-Oct-2025 13:55 from 0, 0, 3. Fraud type: 3, Bank: 1."
1870,Axis ATM - Bus Stand,"Chandrapur, Maharashtra",19.959508,79.365798,1.0784354386766468,0.7283595750306332,Low,6,15322.02,1592,03-Oct-2025 13:55,"Complaint received on 03-Oct-2025 13:55 from 0, 0, 3. Fraud type: 3, Bank: 1."
1760,BoB ATM - Bus Stand,"Nagpur, Maharashtra",21.118226,79.06724,1.0780473186383643,0.7282600142834811,Low,6,37272.49333333333,1593,03-Oct-2025 13:55,"Complaint received on 03-Oct-2025 13:55 from 0, 0, 3. Fraud type: 3, Bank: 1."
289,SBI ATM - Bus Stand,"Ratnagiri, Maharashtra",17.015322,73.298394,1.0777650290904761,0.7281876012268779,Low,7,29184.227142857144,1594,03-Oct-2025 13:55,"Complaint received on 03-Oct-2025 13:55 from 0, 0, 3. Fraud type: 3, Bank: 1."
275,PNB ATM - Signal,"Raigad, Maharashtra",18.660134,73.220531,1.077075109140854,0.7280106226148909,Low,3,28435.736666666668,1595,03-Oct-2025 13:55,"Complaint received on 03-Oct-2025 13:55 from 0, 0, 3. Fraud type: 3, Bank: 1."
1561,SBI ATM - Chowk,"Akola, Maharashtra",20.732221,77.051053,1.0765210464293056,0.7278684941698484,Low,7,35412.97142857143,1596,03-Oct-2025 13:55,"Complaint received on 03-Oct-2025 13:55 from 0, 0, 3. Fraud type: 3, Bank: 1."
1780,Axis ATM - Railway Station,"Nagpur, Maharashtra",21.096795,78.992631,1.0763767896052112,0.7278314893368792,Low,3,124584.99,1597,03-Oct-2025 13:55,"Complaint received on 03-Oct-2025 13:55 from 0, 0, 3. Fraud type: 3, Bank: 1."
1766,PNB ATM - Main Road,"Nagpur, Maharashtra",21.030041,78.97957,1.0762880168259987,0.7278087172989699,Low,6,21914.12833333333,1598,03-Oct-2025 13:55,"Complaint received on 03-Oct-2025 13:55 from 0, 0, 3. Fraud type: 3, Bank: 1."
685,PNB ATM - Railway Station,"Solapur, Maharashtra",17.606392,75.883704,1.0762330508354365,0.7277946173954644,Low,3,28192.58333333333,1599,03-Oct-2025 13:55,"Complaint received on 03-Oct-2025 13:55 from 0, 0, 3. Fraud type: 3, Bank: 1."
572,Axis ATM - Market,"Sangli, Maharashtra",16.818162,74.528089,1.0758313733647156,0.7276915788889339,Low,5,19697.434,1600,03-Oct-2025 13:55,"Complaint received on 03-Oct-2025 13:55 from 0, 0, 3. Fraud type: 3, Bank: 1."
1738,ICICI ATM - Signal,"Nagpur, Maharashtra",21.080368,79.058092,1.0757241669419253,0.7276640782435156,Low,9,33485.596666666665,1601,03-Oct-2025 13:55,"Complaint received on 03-Oct-2025 13:55 from 0, 0, 3. Fraud type: 3, Bank: 1."
513,HDFC ATM - Chowk,"Satara, Maharashtra",17.559806,73.966268,1.0748601045461663,0.7274424285237833,Low,4,80233.96,1602,03-Oct-2025 13:55,"Complaint received on 03-Oct-2025 13:55 from 0, 0, 3. Fraud type: 3, Bank: 1."
447,Axis ATM - Railway Station,"Pune, Maharashtra",18.707863,73.84211,1.073978627865145,0.7272163116828492,Low,8,32220.5225,1603,03-Oct-2025 13:55,"Complaint received on 03-Oct-2025 13:55 from 0, 0, 3. Fraud type: 3, Bank: 1."
1900,BoB ATM - Main Road,"Chandrapur, Maharashtra",20.232092,79.368461,1.0733427926936465,0.7270532069253103,Low,5,25861.688,1604,03-Oct-2025 13:55,"Complaint received on 03-Oct-2025 13:55 from 0, 0, 3. Fraud type: 3, Bank: 1."
660,Axis ATM - Main Road,"Solapur, Maharashtra",17.68384,75.82959,1.0732457082769478,0.7270283027819785,Low,5,23313.328,1605,03-Oct-2025 13:55,"Complaint received on 03-Oct-2025 13:55 from 0, 0, 3. Fraud type: 3, Bank: 1."
1996,ICICI ATM - Main Road,"Bhandara, Maharashtra",21.06431,79.865847,1.0731933988796856,0.7270148843491205,Low,6,10531.435,1606,03-Oct-2025 13:55,"Complaint received on 03-Oct-2025 13:55 from 0, 0, 3. Fraud type: 3, Bank: 1."
1563,BoB ATM - Market,"Washim, Maharashtra",20.170334,77.355563,1.0726714751260382,0.7268810002057006,Low,6,20356.466666666667,1607,03-Oct-2025 13:55,"Complaint received on 03-Oct-2025 13:55 from 0, 0, 3. Fraud type: 3, Bank: 1."
1837,BoB ATM - Railway Station,"Wardha, Maharashtra",20.632865,78.661634,1.0725511558707828,0.7268501358499125,Low,7,32131.512857142858,1608,03-Oct-2025 13:55,"Complaint received on 03-Oct-2025 13:55 from 0, 0, 3. Fraud type: 3, Bank: 1."
1845,BoB ATM - Market,"Wardha, Maharashtra",20.721962,78.560796,1.0725511558707828,0.7268501358499125,Low,5,31171.606,1609,03-Oct-2025 13:55,"Complaint received on 03-Oct-2025 13:55 from 0, 0, 3. Fraud type: 3, Bank: 1."
667,Axis ATM - Railway Station,"Solapur, Maharashtra",17.534837,75.991991,1.0724474900282694,0.7268235434359251,Low,8,9484.0,1610,03-Oct-2025 13:55,"Complaint received on 03-Oct-2025 13:55 from 0, 0, 3. Fraud type: 3, Bank: 1."
1580,HDFC ATM - Signal,"Washim, Maharashtra",20.133536,77.031512,1.071834570281782,0.7266663169547195,Low,6,20184.356666666667,1611,03-Oct-2025 13:55,"Complaint received on 03-Oct-2025 13:55 from 0, 0, 3. Fraud type: 3, Bank: 1."
1762,ICICI ATM - Market,"Nagpur, Maharashtra",21.283128,78.929056,1.0711857284542408,0.7264998757232399,Low,5,53131.064,1612,03-Oct-2025 13:55,"Complaint received on 03-Oct-2025 13:55 from 0, 0, 3. Fraud type: 3, Bank: 1."
1251,SBI ATM - Chowk,"Latur, Maharashtra",18.544009,76.510972,1.0711401362995256,0.726488180400814,Low,9,54827.60888888888,1613,03-Oct-2025 13:55,"Complaint received on 03-Oct-2025 13:55 from 0, 0, 3. Fraud type: 3, Bank: 1."
82,HDFC ATM - Bus Stand,"Mumbai Suburban, Maharashtra",19.377273,72.95607,1.0692839943941466,0.7260120419470053,Low,3,95746.45,1614,03-Oct-2025 13:55,"Complaint received on 03-Oct-2025 13:55 from 0, 0, 3. Fraud type: 3, Bank: 1."
165,PNB ATM - Bus Stand,"Thane, Maharashtra",19.270598,73.073891,1.0684223585415245,0.7257910146853371,Low,4,30415.7875,1615,03-Oct-2025 13:55,"Complaint received on 03-Oct-2025 13:55 from 0, 0, 3. Fraud type: 3, Bank: 1."
340,BoB ATM - Main Road,"Ratnagiri, Maharashtra",16.960511,73.277273,1.0681674844826492,0.7257256342637448,Low,5,19908.198,1616,03-Oct-2025 13:55,"Complaint received on 03-Oct-2025 13:55 from 0, 0, 3. Fraud type: 3, Bank: 1."
294,Axis ATM - Market,"Ratnagiri, Maharashtra",16.740168,73.513575,1.0676279087915117,0.7255872220364542,Low,8,13813.96625,1617,03-Oct-2025 13:55,"Complaint received on 03-Oct-2025 13:55 from 0, 0, 3. Fraud type: 3, Bank: 1."
1576,Axis ATM - Market,"Washim, Maharashtra",20.244623,77.418405,1.0676051330724783,0.7255813795975687,Low,10,37455.98,1618,03-Oct-2025 13:55,"Complaint received on 03-Oct-2025 13:55 from 0, 0, 3. Fraud type: 3, Bank: 1."
2013,HDFC ATM - Railway Station,"Bhandara, Maharashtra",21.298444,79.802627,1.0674321219903349,0.7255369987078831,Low,7,9323.598571428573,1619,03-Oct-2025 13:55,"Complaint received on 03-Oct-2025 13:55 from 0, 0, 3. Fraud type: 3, Bank: 1."
803,HDFC ATM - Chowk,"Nashik, Maharashtra",19.980443,73.844285,1.0667705439162374,0.7253672903680404,Low,7,34260.48714285714,1620,03-Oct-2025 13:55,"Complaint received on 03-Oct-2025 13:55 from 0, 0, 3. Fraud type: 3, Bank: 1."
2078,BoB ATM - Railway Station,"Gadchiroli, Maharashtra",19.910883,80.280711,1.0653256025891915,0.7249966332931098,Low,6,69434.88666666667,1621,03-Oct-2025 13:55,"Complaint received on 03-Oct-2025 13:55 from 0, 0, 3. Fraud type: 3, Bank: 1."
626,BoB ATM - Market,"Kolhapur, Maharashtra",16.689406,74.549565,1.064508057950467,0.7247869163317753,Low,3,51586.026666666665,1622,03-Oct-2025 13:55,"Complaint received on 03-Oct-2025 13:55 from 0, 0, 3. Fraud type: 3, Bank: 1."
1784,PNB ATM - Signal,"Nagpur, Maharashtra",21.157924,79.123697,1.0625058055299301,0.7242732975352348,Low,9,26183.676666666663,1623,03-Oct-2025 13:55,"Complaint received on 03-Oct-2025 13:55 from 0, 0, 3. Fraud type: 3, Bank: 1."
1906,BoB ATM - Bus Stand,"Chandrapur, Maharashtra",19.907041,79.359239,1.0623896545762657,0.7242435024342644,Low,2,9783.175,1624,03-Oct-2025 13:55,"Complaint received on 03-Oct-2025 13:55 from 0, 0, 3. Fraud type: 3, Bank: 1."
158,HDFC ATM - Main Road,"Thane, Maharashtra",19.312919,72.950807,1.0622837687865927,0.7242163405583169,Low,5,34534.834,1625,03-Oct-2025 13:55,"Complaint received on 03-Oct-2025 13:55 from 0, 0, 3. Fraud type: 3, Bank: 1."
346,Axis ATM - Signal,"Ratnagiri, Maharashtra",17.100883,73.287812,1.0621106474490922,0.7241719313858715,Low,1,20504.21,1626,03-Oct-2025 13:55,"Complaint received on 03-Oct-2025 13:55 from 0, 0, 3. Fraud type: 3, Bank: 1."
470,HDFC ATM - Chowk,"Satara, Maharashtra",17.753622,73.877265,1.0620798578806587,0.724164033230313,Low,10,34365.364,1627,03-Oct-2025 13:55,"Complaint received on 03-Oct-2025 13:55 from 0, 0, 3. Fraud type: 3, Bank: 1."
1841,BoB ATM - Signal,"Wardha, Maharashtra",20.593926,78.619136,1.060495257729118,0.72375755080358,Low,4,15800.6725,1628,03-Oct-2025 13:55,"Complaint received on 03-Oct-2025 13:55 from 0, 0, 3. Fraud type: 3, Bank: 1."
1767,SBI ATM - Railway Station,"Nagpur, Maharashtra",20.975257,79.122178,1.0596757386671882,0.723547327362213,Low,1,26383.57,1629,03-Oct-2025 13:55,"Complaint received on 03-Oct-2025 13:55 from 0, 0, 3. Fraud type: 3, Bank: 1."
1964,SBI ATM - Market,"Gondia, Maharashtra",21.26549,80.182611,1.059489981864087,0.7234996769337859,Low,3,8136.82,1630,03-Oct-2025 13:55,"Complaint received on 03-Oct-2025 13:55 from 0, 0, 3. Fraud type: 3, Bank: 1."
310,SBI ATM - Chowk,"Ratnagiri, Maharashtra",17.003707,73.328036,1.0594524759782062,0.7234900559051025,Low,7,10288.471428571427,1631,03-Oct-2025 13:55,"Complaint received on 03-Oct-2025 13:55 from 0, 0, 3. Fraud type: 3, Bank: 1."
1890,SBI ATM - Main Road,"Chandrapur, Maharashtra",19.881275,79.443028,1.0593752114926582,0.7234702359804639,Low,6,20043.031666666662,1632,03-Oct-2025 13:55,"Complaint received on 03-Oct-2025 13:55 from 0, 0, 3. Fraud type: 3, Bank: 1."
1928,HDFC ATM - Railway Station,"Gondia, Maharashtra",21.361433,80.22175,1.0591399417102978,0.7234098844577295,Low,4,13503.1475,1633,03-Oct-2025 13:55,"Complaint received on 03-Oct-2025 13:55 from 0, 0, 3. Fraud type: 3, Bank: 1."
2033,BoB ATM - Signal,"Gadchiroli, Maharashtra",19.772436,80.018465,1.056995762957453,0.7228598586471433,Low,8,27115.31,1634,03-Oct-2025 13:55,"Complaint received on 03-Oct-2025 13:55 from 0, 0, 3. Fraud type: 3, Bank: 1."
2049,Axis ATM - Main Road,"Gadchiroli, Maharashtra",19.833389,80.175152,1.0540974742962286,0.7221163881841107,Low,10,12354.377,1635,03-Oct-2025 13:55,"Complaint received on 03-Oct-2025 13:55 from 0, 0, 3. Fraud type: 3, Bank: 1."
505,ICICI ATM - Market,"Satara, Maharashtra",17.563963,73.994275,1.0537938808755403,0.722038510247357,Low,2,28127.415,1636,03-Oct-2025 13:55,"Complaint received on 03-Oct-2025 13:55 from 0, 0, 3. Fraud type: 3, Bank: 1."
665,BoB ATM - Signal,"Solapur, Maharashtra",17.769051,75.955915,1.0533851207557443,0.7219336548961286,Low,3,33585.81333333333,1637,03-Oct-2025 13:55,"Complaint received on 03-Oct-2025 13:55 from 0, 0, 3. Fraud type: 3, Bank: 1."
318,HDFC ATM - Signal,"Ratnagiri, Maharashtra",16.927273,73.435881,1.0532589437016142,0.7219012878948312,Low,3,19282.7,1638,03-Oct-2025 13:55,"Complaint received on 03-Oct-2025 13:55 from 0, 0, 3. Fraud type: 3, Bank: 1."
326,HDFC ATM - Market,"Ratnagiri, Maharashtra",17.01377,73.292677,1.0532589437016142,0.7219012878948312,Low,3,18830.00333333333,1639,03-Oct-2025 13:55,"Complaint received on 03-Oct-2025 13:55 from 0, 0, 3. Fraud type: 3, Bank: 1."
244,PNB ATM - Railway Station,"Raigad, Maharashtra",18.61964,73.08727,1.0520750907987795,0.7215976053536101,Low,7,32527.86857142857,1640,03-Oct-2025 13:55,"Complaint received on 03-Oct-2025 13:55 from 0, 0, 3. Fraud type: 3, Bank: 1."
1816,ICICI ATM - Market,"Wardha, Maharashtra",20.770864,78.57112,1.0518938675767942,0.7215511178816877,Low,7,15764.827142857144,1641,03-Oct-2025 13:55,"Complaint received on 03-Oct-2025 13:55 from 0, 0, 3. Fraud type: 3, Bank: 1."
416,HDFC ATM - Market,"Pune, Maharashtra",18.445223,73.783343,1.050534639018406,0.7212024478892222,Low,6,28176.595,1642,03-Oct-2025 13:55,"Complaint received on 03-Oct-2025 13:55 from 0, 0, 3. Fraud type: 3, Bank: 1."
298,ICICI ATM - Chowk,"Ratnagiri, Maharashtra",16.860272,73.383912,1.050011817217713,0.721068333378323,Low,5,33114.642,1643,03-Oct-2025 13:55,"Complaint received on 03-Oct-2025 13:55 from 0, 0, 3. Fraud type: 3, Bank: 1."
1885,HDFC ATM - Market,"Chandrapur, Maharashtra",20.091137,79.198607,1.0495639689760292,0.720953451122436,Low,5,10215.512,1644,03-Oct-2025 13:55,"Complaint received on 03-Oct-2025 13:55 from 0, 0, 3. Fraud type: 3, Bank: 1."
1433,Axis ATM - Signal,"Hingoli, Maharashtra",19.537939,77.24007,1.0487423077313254,0.720742678167268,Low,9,21289.52,1645,03-Oct-2025 13:55,"Complaint received on 03-Oct-2025 13:55 from 0, 0, 3. Fraud type: 3, Bank: 1."
84,PNB ATM - Market,"Mumbai Suburban, Maharashtra",18.992524,72.936831,1.0485464527303774,0.7206924373440573,Low,12,35388.129166666666,1646,03-Oct-2025 13:55,"Complaint received on 03-Oct-2025 13:55 from 0, 0, 3. Fraud type: 3, Bank: 1."
1792,BoB ATM - Market,"Nagpur, Maharashtra",21.144083,79.093365,1.0471506169268228,0.7203343768426759,Low,4,4208.165,1647,03-Oct-2025 13:55,"Complaint received on 03-Oct-2025 13:55 from 0, 0, 3. Fraud type: 3, Bank: 1."
242,BoB ATM - Market,"Raigad, Maharashtra",18.564538,73.117522,1.0463520800340662,0.7201295357578836,Low,8,33845.371250000004,1648,03-Oct-2025 13:55,"Complaint received on 03-Oct-2025 13:55 from 0, 0, 3. Fraud type: 3, Bank: 1."
469,BoB ATM - Market,"Satara, Maharashtra",17.659285,74.106039,1.0452592973791506,0.7198492146023985,Low,9,54256.904444444444,1649,03-Oct-2025 13:55,"Complaint received on 03-Oct-2025 13:55 from 0, 0, 3. Fraud type: 3, Bank: 1."
1367,SBI ATM - Chowk,"Parbhani, Maharashtra",19.15937,76.673598,1.0448463508958792,0.7197432853631087,Low,6,22419.70833333333,1650,03-Oct-2025 13:55,"Complaint received on 03-Oct-2025 13:55 from 0, 0, 3. Fraud type: 3, Bank: 1."
304,PNB ATM - Railway Station,"Ratnagiri, Maharashtra",17.003127,73.397092,1.0448413774114158,0.7197420095623762,Low,5,28038.724,1651,03-Oct-2025 13:55,"Complaint received on 03-Oct-2025 13:55 from 0, 0, 3. Fraud type: 3, Bank: 1."
1752,ICICI ATM - Main Road,"Nagpur, Maharashtra",21.190586,79.112018,1.0431902695068098,0.7193184665334236,Low,3,9255.513333333334,1652,03-Oct-2025 13:55,"Complaint received on 03-Oct-2025 13:55 from 0, 0, 3. Fraud type: 3, Bank: 1."
276,PNB ATM - Chowk,"Raigad, Maharashtra",18.620283,73.054435,1.0425551251039493,0.7191555389722026,Low,6,19638.226666666666,1653,03-Oct-2025 13:55,"Complaint received on 03-Oct-2025 13:55 from 0, 0, 3. Fraud type: 3, Bank: 1."
1747,SBI ATM - Signal,"Nagpur, Maharashtra",20.967691,78.922102,1.042496782934982,0.719140573009717,Low,5,23220.064,1654,03-Oct-2025 13:55,"Complaint received on 03-Oct-2025 13:55 from 0, 0, 3. Fraud type: 3, Bank: 1."
2032,SBI ATM - Chowk,"Gadchiroli, Maharashtra",19.717384,80.147846,1.0423859995998628,0.7191121548129518,Low,5,39711.638,1655,03-Oct-2025 13:55,"Complaint received on 03-Oct-2025 13:55 from 0, 0, 3. Fraud type: 3, Bank: 1."
1967,Axis ATM - Bus Stand,"Bhandara, Maharashtra",21.332129,79.756343,1.0422097245935489,0.7190669366597986,Low,4,19138.7575,1656,03-Oct-2025 13:55,"Complaint received on 03-Oct-2025 13:55 from 0, 0, 3. Fraud type: 3, Bank: 1."
1789,PNB ATM - Main Road,"Nagpur, Maharashtra",21.041128,78.993707,1.0419972884460043,0.7190124424325351,Low,5,22905.372,1657,03-Oct-2025 13:55,"Complaint received on 03-Oct-2025 13:55 from 0, 0, 3. Fraud type: 3, Bank: 1."
1817,SBI ATM - Signal,"Wardha, Maharashtra",20.795724,78.533934,1.0412110895942606,0.7188107663082202,Low,9,12639.464444444444,1658,03-Oct-2025 13:55,"Complaint received on 03-Oct-2025 13:55 from 0, 0, 3. Fraud type: 3, Bank: 1."
1754,HDFC ATM - Bus Stand,"Nagpur, Maharashtra",21.184802,79.117485,1.0407258629559917,0.718686295727268,Low,4,10457.2425,1659,03-Oct-2025 13:55,"Complaint received on 03-Oct-2025 13:55 from 0, 0, 3. Fraud type: 3, Bank: 1."
1800,SBI ATM - Signal,"Wardha, Maharashtra",20.598859,78.658507,1.0407115951052828,0.7186826357310383,Low,7,11196.417142857144,1660,03-Oct-2025 13:55,"Complaint received on 03-Oct-2025 13:55 from 0, 0, 3. Fraud type: 3, Bank: 1."
199,ICICI ATM - Railway Station,"Palghar, Maharashtra",19.666994,72.483769,1.0405942092581644,0.7186525238545789,Low,7,28671.51714285714,1661,03-Oct-2025 13:55,"Complaint received on 03-Oct-2025 13:55 from 0, 0, 3. Fraud type: 3, Bank: 1."
1802,PNB ATM - Railway Station,"Wardha, Maharashtra",20.478752,78.621417,1.0394938583508142,0.718370261287178,Low,3,13983.126666666663,1662,03-Oct-2025 13:55,"Complaint received on 03-Oct-2025 13:55 from 0, 0, 3. Fraud type: 3, Bank: 1."
249,ICICI ATM - Main Road,"Raigad, Maharashtra",18.589249,73.165635,1.0392604296367087,0.7183103820361968,Low,7,19938.772857142856,1663,03-Oct-2025 13:55,"Complaint received on 03-Oct-2025 13:55 from 0, 0, 3. Fraud type: 3, Bank: 1."
1997,SBI ATM - Bus Stand,"Bhandara, Maharashtra",21.118067,79.745258,1.038905689145103,0.7182193838271229,Low,6,14722.926666666666,1664,03-Oct-2025 13:55,"Complaint received on 03-Oct-2025 13:55 from 0, 0, 3. Fraud type: 3, Bank: 1."
489,Axis ATM - Market,"Satara, Maharashtra",17.805946,73.935772,1.0375334751716747,0.7178673828094695,Low,9,29597.22,1665,03-Oct-2025 13:55,"Complaint received on 03-Oct-2025 13:55 from 0, 0, 3. Fraud type: 3, Bank: 1."
788,BoB ATM - Market,"Nashik, Maharashtra",19.870084,73.729427,1.0373469755529219,0.7178195418335982,Low,6,35519.13,1666,03-Oct-2025 13:55,"Complaint received on 03-Oct-2025 13:55 from 0, 0, 3. Fraud type: 3, Bank: 1."
1378,PNB ATM - Signal,"Parbhani, Maharashtra",19.526254,76.760915,1.0370195235166286,0.7177355436727866,Low,4,51682.01,1667,03-Oct-2025 13:55,"Complaint received on 03-Oct-2025 13:55 from 0, 0, 3. Fraud type: 3, Bank: 1."
307,Axis ATM - Market,"Ratnagiri, Maharashtra",16.803204,73.382721,1.0362696438471475,0.7175431841633468,Low,4,9640.2575,1668,03-Oct-2025 13:55,"Complaint received on 03-Oct-2025 13:55 from 0, 0, 3. Fraud type: 3, Bank: 1."
19,PNB ATM - Main Road,"Mumbai City, Maharashtra",18.948103,72.64903,1.0359570093222594,0.717462986998003,Low,6,49043.615,1669,03-Oct-2025 13:55,"Complaint received on 03-Oct-2025 13:55 from 0, 0, 3. Fraud type: 3, Bank: 1."
361,Axis ATM - Railway Station,"Sindhudurg, Maharashtra",16.09493,73.612504,1.0359057783170262,0.7174498451948099,Low,6,36091.52333333333,1670,03-Oct-2025 13:55,"Complaint received on 03-Oct-2025 13:55 from 0, 0, 3. Fraud type: 3, Bank: 1."
1686,BoB ATM - Main Road,"Yavatmal, Maharashtra",20.127209,78.273351,1.0350316145940384,0.7172256042775434,Low,3,83524.87333333334,1671,03-Oct-2025 13:55,"Complaint received on 03-Oct-2025 13:55 from 0, 0, 3. Fraud type: 3, Bank: 1."
1692,BoB ATM - Signal,"Yavatmal, Maharashtra",20.395427,78.136144,1.0347163592540833,0.7171447348194023,Low,5,74719.59,1672,03-Oct-2025 13:55,"Complaint received on 03-Oct-2025 13:55 from 0, 0, 3. Fraud type: 3, Bank: 1."
1720,BoB ATM - Bus Stand,"Yavatmal, Maharashtra",20.541108,78.267573,1.0347163592540833,0.7171447348194023,Low,6,83305.9,1673,03-Oct-2025 13:55,"Complaint received on 03-Oct-2025 13:55 from 0, 0, 3. Fraud type: 3, Bank: 1."
776,HDFC ATM - Bus Stand,"Nashik, Maharashtra",20.145639,73.787256,1.034320226637287,0.7170431186815855,Low,5,54774.43000000001,1674,03-Oct-2025 13:55,"Complaint received on 03-Oct-2025 13:55 from 0, 0, 3. Fraud type: 3, Bank: 1."
1892,SBI ATM - Bus Stand,"Chandrapur, Maharashtra",20.0765,79.391302,1.0338448829847695,0.716921183289102,Low,8,14682.24375,1675,03-Oct-2025 13:55,"Complaint received on 03-Oct-2025 13:55 from 0, 0, 3. Fraud type: 3, Bank: 1."
1239,HDFC ATM - Market,"Latur, Maharashtra",18.364039,76.563975,1.0330178442024995,0.7167090308852968,Low,6,22393.38833333333,1676,03-Oct-2025 13:55,"Complaint received on 03-Oct-2025 13:55 from 0, 0, 3. Fraud type: 3, Bank: 1."
459,Axis ATM - Railway Station,"Pune, Maharashtra",18.518029,73.992607,1.0326807573909886,0.7166225612071073,Low,7,30521.405714285716,1677,03-Oct-2025 13:55,"Complaint received on 03-Oct-2025 13:55 from 0, 0, 3. Fraud type: 3, Bank: 1."
1820,Axis ATM - Market,"Wardha, Maharashtra",20.864331,78.429243,1.031105058225915,0.7162183620658932,Low,4,22593.76,1678,03-Oct-2025 13:55,"Complaint received on 03-Oct-2025 13:55 from 0, 0, 3. Fraud type: 3, Bank: 1."
1688,SBI ATM - Bus Stand,"Yavatmal, Maharashtra",20.449544,78.065762,1.0310362819295986,0.7162007195358195,Low,4,37942.037500000006,1679,03-Oct-2025 13:55,"Complaint received on 03-Oct-2025 13:55 from 0, 0, 3. Fraud type: 3, Bank: 1."
756,ICICI ATM - Signal,"Nashik, Maharashtra",20.013326,73.74762,1.0310041231587586,0.716192470151772,Low,6,35396.25,1680,03-Oct-2025 13:55,"Complaint received on 03-Oct-2025 13:55 from 0, 0, 3. Fraud type: 3, Bank: 1."
1923,SBI ATM - Main Road,"Gondia, Maharashtra",21.510749,80.373677,1.0304278027803941,0.716044632158859,Low,6,22073.13666666667,1681,03-Oct-2025 13:55,"Complaint received on 03-Oct-2025 13:55 from 0, 0, 3. Fraud type: 3, Bank: 1."
1166,Axis ATM - Bus Stand,"Osmanabad, Maharashtra",18.23787,75.881481,1.029170031356758,0.7157219880015566,Low,7,32734.29857142857,1682,03-Oct-2025 13:55,"Complaint received on 03-Oct-2025 13:55 from 0, 0, 3. Fraud type: 3, Bank: 1."
290,HDFC ATM - Bus Stand,"Ratnagiri, Maharashtra",17.029136,73.159866,1.0291072317621424,0.7157058786180048,Low,7,10356.404285714289,1683,03-Oct-2025 13:55,"Complaint received on 03-Oct-2025 13:55 from 0, 0, 3. Fraud type: 3, Bank: 1."
1299,BoB ATM - Market,"Nanded, Maharashtra",19.119783,77.361081,1.0289624970706828,0.7156687512022593,Low,8,21730.44625,1684,03-Oct-2025 13:55,"Complaint received on 03-Oct-2025 13:55 from 0, 0, 3. Fraud type: 3, Bank: 1."
360,PNB ATM - Signal,"Sindhudurg, Maharashtra",15.947925,73.849122,1.0282452033116043,0.7154847506469222,Low,8,14528.965,1685,03-Oct-2025 13:55,"Complaint received on 03-Oct-2025 13:55 from 0, 0, 3. Fraud type: 3, Bank: 1."
1908,Axis ATM - Railway Station,"Chandrapur, Maharashtra",19.938481,79.259634,1.0280242850000603,0.7154280805706894,Low,2,10338.275,1686,03-Oct-2025 13:55,"Complaint received on 03-Oct-2025 13:55 from 0, 0, 3. Fraud type: 3, Bank: 1."
533,Axis ATM - Chowk,"Sangli, Maharashtra",17.110605,74.553249,1.0275997653917814,0.7153191825875602,Low,3,57099.56333333333,1687,03-Oct-2025 13:55,"Complaint received on 03-Oct-2025 13:55 from 0, 0, 3. Fraud type: 3, Bank: 1."
1710,SBI ATM - Chowk,"Yavatmal, Maharashtra",20.531677,78.054722,1.0260906056319685,0.7149320521680028,Low,7,29379.007142857143,1688,03-Oct-2025 13:55,"Complaint received on 03-Oct-2025 13:55 from 0, 0, 3. Fraud type: 3, Bank: 1."
1176,Axis ATM - Bus Stand,"Osmanabad, Maharashtra",18.171939,75.944109,1.0257337218650553,0.7148405041648705,Low,4,23219.1025,1689,03-Oct-2025 13:55,"Complaint received on 03-Oct-2025 13:55 from 0, 0, 3. Fraud type: 3, Bank: 1."
1693,SBI ATM - Railway Station,"Yavatmal, Maharashtra",20.417934,78.039188,1.0255911111429907,0.7148039215908208,Low,3,28335.55333333334,1690,03-Oct-2025 13:55,"Complaint received on 03-Oct-2025 13:55 from 0, 0, 3. Fraud type: 3, Bank: 1."
411,ICICI ATM - Signal,"Pune, Maharashtra",18.508565,73.883483,1.0243518888556737,0.7144860356672832,Low,7,19369.134285714284,1691,03-Oct-2025 13:55,"Complaint received on 03-Oct-2025 13:55 from 0, 0, 3. Fraud type: 3, Bank: 1."
1050,Axis ATM - Main Road,"Jalna, Maharashtra",19.911626,76.023101,1.0240964994599335,0.7144205230512195,Low,6,48412.41166666666,1692,03-Oct-2025 13:55,"Complaint received on 03-Oct-2025 13:55 from 0, 0, 3. Fraud type: 3, Bank: 1."
341,PNB ATM - Bus Stand,"Ratnagiri, Maharashtra",17.298803,73.317106,1.0238703948263295,0.7143625225770471,Low,2,26704.865,1693,03-Oct-2025 13:55,"Complaint received on 03-Oct-2025 13:55 from 0, 0, 3. Fraud type: 3, Bank: 1."
154,HDFC ATM - Market,"Thane, Maharashtra",19.405889,72.798383,1.0235359964184017,0.714276742529495,Low,8,45842.82125,1694,03-Oct-2025 13:55,"Complaint received on 03-Oct-2025 13:55 from 0, 0, 3. Fraud type: 3, Bank: 1."
417,Axis ATM - Market,"Pune, Maharashtra",18.385273,73.895889,1.0231980116571733,0.7141900425087931,Low,5,17773.278,1695,03-Oct-2025 13:55,"Complaint received on 03-Oct-2025 13:55 from 0, 0, 3. Fraud type: 3, Bank: 1."
2041,SBI ATM - Bus Stand,"Gadchiroli, Maharashtra",20.021033,80.108363,1.022992449027952,0.7141373114799021,Low,3,27235.726666666666,1696,03-Oct-2025 13:55,"Complaint received on 03-Oct-2025 13:55 from 0, 0, 3. Fraud type: 3, Bank: 1."
419,BoB ATM - Bus Stand,"Pune, Maharashtra",18.572802,73.789753,1.0225241548231474,0.7140171844152865,Low,3,18684.16333333333,1697,03-Oct-2025 13:55,"Complaint received on 03-Oct-2025 13:55 from 0, 0, 3. Fraud type: 3, Bank: 1."
1951,HDFC ATM - Main Road,"Gondia, Maharashtra",21.512034,80.173418,1.0178283589695805,0.7128126165044825,Low,7,59239.49857142857,1698,03-Oct-2025 13:55,"Complaint received on 03-Oct-2025 13:55 from 0, 0, 3. Fraud type: 3, Bank: 1."
1914,BoB ATM - Market,"Gondia, Maharashtra",21.387877,80.189429,1.017538924310454,0.7127383705803558,Low,6,8206.08,1699,03-Oct-2025 13:55,"Complaint received on 03-Oct-2025 13:55 from 0, 0, 3. Fraud type: 3, Bank: 1."
213,PNB ATM - Bus Stand,"Palghar, Maharashtra",19.762322,72.943929,1.0165716963929643,0.7124902567891744,Low,6,33974.84666666667,1700,03-Oct-2025 13:55,"Complaint received on 03-Oct-2025 13:55 from 0, 0, 3. Fraud type: 3, Bank: 1."
103,SBI ATM - Signal,"Mumbai Suburban, Maharashtra",18.977044,72.958786,1.0164225308041934,0.7124519927574251,Low,4,55007.2925,1701,03-Oct-2025 13:55,"Complaint received on 03-Oct-2025 13:55 from 0, 0, 3. Fraud type: 3, Bank: 1."
1907,BoB ATM - Signal,"Chandrapur, Maharashtra",19.802505,79.370962,1.0162393961270513,0.7124050149580659,Low,4,3831.8825,1702,03-Oct-2025 13:55,"Complaint received on 03-Oct-2025 13:55 from 0, 0, 3. Fraud type: 3, Bank: 1."
2080,Axis ATM - Signal,"Gadchiroli, Maharashtra",19.841841,80.064897,1.0162119637103055,0.7123979779807444,Low,4,57057.1,1703,03-Oct-2025 13:55,"Complaint received on 03-Oct-2025 13:55 from 0, 0, 3. Fraud type: 3, Bank: 1."
1589,ICICI ATM - Chowk,"Washim, Maharashtra",20.242099,77.267365,1.0160877382974345,0.7123661116154429,Low,7,20101.49142857143,1704,03-Oct-2025 13:55,"Complaint received on 03-Oct-2025 13:55 from 0, 0, 3. Fraud type: 3, Bank: 1."
1924,SBI ATM - Railway Station,"Gondia, Maharashtra",21.452162,80.256716,1.0160613736752766,0.7123593485493255,Low,2,5546.174999999999,1705,03-Oct-2025 13:55,"Complaint received on 03-Oct-2025 13:55 from 0, 0, 3. Fraud type: 3, Bank: 1."
1727,BoB ATM - Chowk,"Yavatmal, Maharashtra",20.306517,78.019825,1.0160107772062328,0.7123463695176744,Low,3,67672.56,1706,03-Oct-2025 13:55,"Complaint received on 03-Oct-2025 13:55 from 0, 0, 3. Fraud type: 3, Bank: 1."
1931,SBI ATM - Railway Station,"Gondia, Maharashtra",21.335891,80.238223,1.0155390799842898,0.7122253695093933,Low,3,19690.16,1707,03-Oct-2025 13:55,"Complaint received on 03-Oct-2025 13:55 from 0, 0, 3. Fraud type: 3, Bank: 1."
1750,ICICI ATM - Main Road,"Nagpur, Maharashtra",21.204003,79.180736,1.0152441370080063,0.712149710588983,Low,7,38019.32,1708,03-Oct-2025 13:55,"Complaint received on 03-Oct-2025 13:55 from 0, 0, 3. Fraud type: 3, Bank: 1."
1216,BoB ATM - Signal,"Latur, Maharashtra",18.375821,76.569217,1.0148165932180535,0.7120400368412519,Low,11,22288.893636363635,1709,03-Oct-2025 13:55,"Complaint received on 03-Oct-2025 13:55 from 0, 0, 3. Fraud type: 3, Bank: 1."
1940,BoB ATM - Signal,"Gondia, Maharashtra",21.331801,80.223842,1.014221267260734,0.71188732352768,Low,5,36832.692,1710,03-Oct-2025 13:55,"Complaint received on 03-Oct-2025 13:55 from 0, 0, 3. Fraud type: 3, Bank: 1."
516,ICICI ATM - Chowk,"Satara, Maharashtra",17.838087,74.023712,1.0139880681040558,0.7118275031628853,Low,1,1753.67,1711,03-Oct-2025 13:55,"Complaint received on 03-Oct-2025 13:55 from 0, 0, 3. Fraud type: 3, Bank: 1."
1379,BoB ATM - Chowk,"Parbhani, Maharashtra",19.309033,76.743063,1.0095255010504274,0.7106827632209799,Low,3,22024.35,1712,03-Oct-2025 13:55,"Complaint received on 03-Oct-2025 13:55 from 0, 0, 3. Fraud type: 3, Bank: 1."
1835,HDFC ATM - Bus Stand,"Wardha, Maharashtra",20.654238,78.662554,1.0088638111260528,0.7105130261892479,Low,7,13184.95,1713,03-Oct-2025 13:55,"Complaint received on 03-Oct-2025 13:55 from 0, 0, 3. Fraud type: 3, Bank: 1."
2005,BoB ATM - Main Road,"Bhandara, Maharashtra",21.371441,79.420603,1.0087658992601125,0.7104879097882211,Low,4,38969.0625,1714,03-Oct-2025 13:55,"Complaint received on 03-Oct-2025 13:55 from 0, 0, 3. Fraud type: 3, Bank: 1."
122,HDFC ATM - Market,"Thane, Maharashtra",19.183878,73.101853,1.0085393145784896,0.7104297861718898,Low,3,13727.146666666667,1715,03-Oct-2025 13:55,"Complaint received on 03-Oct-2025 13:55 from 0, 0, 3. Fraud type: 3, Bank: 1."
17,Axis ATM - Chowk,"Mumbai City, Maharashtra",18.93838,72.693075,1.008055638751076,0.7103057134057171,Low,11,22044.671818181818,1716,03-Oct-2025 13:55,"Complaint received on 03-Oct-2025 13:55 from 0, 0, 3. Fraud type: 3, Bank: 1."
1978,PNB ATM - Signal,"Bhandara, Maharashtra",21.246039,79.566216,1.007409560170959,0.7101399810038548,Low,1,44717.47,1717,03-Oct-2025 13:55,"Complaint received on 03-Oct-2025 13:55 from 0, 0, 3. Fraud type: 3, Bank: 1."
1741,Axis ATM - Market,"Nagpur, Maharashtra",21.04268,78.946314,1.0049279488444727,0.7095033968200039,Low,11,33545.406363636364,1718,03-Oct-2025 13:55,"Complaint received on 03-Oct-2025 13:55 from 0, 0, 3. Fraud type: 3, Bank: 1."
1840,BoB ATM - Chowk,"Wardha, Maharashtra",20.842962,78.500616,1.0038213437119836,0.7092195299156292,Low,3,10645.076666666668,1719,03-Oct-2025 13:55,"Complaint received on 03-Oct-2025 13:55 from 0, 0, 3. Fraud type: 3, Bank: 1."
481,Axis ATM - Signal,"Satara, Maharashtra",17.622018,74.188878,1.002737326085862,0.7089414571697324,Low,5,28275.316000000003,1720,03-Oct-2025 13:55,"Complaint received on 03-Oct-2025 13:55 from 0, 0, 3. Fraud type: 3, Bank: 1."
1834,BoB ATM - Main Road,"Wardha, Maharashtra",20.620797,78.478095,1.002603606957515,0.708907155471769,Low,8,13866.72,1721,03-Oct-2025 13:55,"Complaint received on 03-Oct-2025 13:55 from 0, 0, 3. Fraud type: 3, Bank: 1."
120,BoB ATM - Chowk,"Thane, Maharashtra",19.348973,73.065,1.0025128182452154,0.7088838663056916,Low,8,13056.19,1722,03-Oct-2025 13:55,"Complaint received on 03-Oct-2025 13:55 from 0, 0, 3. Fraud type: 3, Bank: 1."
1128,PNB ATM - Main Road,"Beed, Maharashtra",18.874349,75.645142,1.0015669345837863,0.708641227753795,Low,5,34403.256,1723,03-Oct-2025 13:55,"Complaint received on 03-Oct-2025 13:55 from 0, 0, 3. Fraud type: 3, Bank: 1."
1779,ICICI ATM - Bus Stand,"Nagpur, Maharashtra",21.286183,79.206884,1.0002628446437645,0.708306701947406,Low,8,39087.7525,1724,03-Oct-2025 13:55,"Complaint received on 03-Oct-2025 13:55 from 0, 0, 3. Fraud type: 3, Bank: 1."
1921,ICICI ATM - Main Road,"Gondia, Maharashtra",21.403398,80.163326,0.9999941565107271,0.7082377779325715,Low,10,33273.692,1725,03-Oct-2025 13:55,"Complaint received on 03-Oct-2025 13:55 from 0, 0, 3. Fraud type: 3, Bank: 1."
2056,ICICI ATM - Railway Station,"Gadchiroli, Maharashtra",19.973264,80.084842,0.9984515433236161,0.7078420660230417,Low,4,104668.115,1726,03-Oct-2025 13:55,"Complaint received on 03-Oct-2025 13:55 from 0, 0, 3. Fraud type: 3, Bank: 1."
556,PNB ATM - Signal,"Sangli, Maharashtra",16.970198,74.38154,0.9976549876509733,0.7076377331618281,Low,9,35213.83111111111,1727,03-Oct-2025 13:55,"Complaint received on 03-Oct-2025 13:55 from 0, 0, 3. Fraud type: 3, Bank: 1."
140,SBI ATM - Signal,"Thane, Maharashtra",19.207492,72.984079,0.9968480723262851,0.7074307428374687,Low,5,22838.7,1728,03-Oct-2025 13:55,"Complaint received on 03-Oct-2025 13:55 from 0, 0, 3. Fraud type: 3, Bank: 1."
1043,Axis ATM - Main Road,"Jalna, Maharashtra",19.786999,75.802295,0.996509268357131,0.7073438326731382,Low,7,34156.08142857143,1729,03-Oct-2025 13:55,"Complaint received on 03-Oct-2025 13:55 from 0, 0, 3. Fraud type: 3, Bank: 1."
299,Axis ATM - Bus Stand,"Ratnagiri, Maharashtra",16.949706,73.510283,0.9952596942016725,0.7070232912831856,Low,7,17909.22142857143,1730,03-Oct-2025 13:55,"Complaint received on 03-Oct-2025 13:55 from 0, 0, 3. Fraud type: 3, Bank: 1."
1994,PNB ATM - Main Road,"Bhandara, Maharashtra",21.324091,79.358833,0.994433294176341,0.7068113027336311,Low,6,25855.641666666663,1731,03-Oct-2025 13:55,"Complaint received on 03-Oct-2025 13:55 from 0, 0, 3. Fraud type: 3, Bank: 1."
1886,BoB ATM - Railway Station,"Chandrapur, Maharashtra",19.898363,79.013163,0.9923933199201143,0.7062880075128539,Low,11,14727.532727272728,1732,03-Oct-2025 13:55,"Complaint received on 03-Oct-2025 13:55 from 0, 0, 3. Fraud type: 3, Bank: 1."
1736,PNB ATM - Chowk,"Yavatmal, Maharashtra",20.279052,77.938288,0.9900500471620997,0.7056869100080674,Low,5,21008.326,1733,03-Oct-2025 13:55,"Complaint received on 03-Oct-2025 13:55 from 0, 0, 3. Fraud type: 3, Bank: 1."
1831,PNB ATM - Main Road,"Wardha, Maharashtra",20.72028,78.625451,0.9893167701549186,0.7054988094218995,Low,2,30881.765,1734,03-Oct-2025 13:55,"Complaint received on 03-Oct-2025 13:55 from 0, 0, 3. Fraud type: 3, Bank: 1."
1746,ICICI ATM - Chowk,"Nagpur, Maharashtra",21.077052,79.242264,0.988557653077609,0.7053040803279642,Low,8,88222.32125,1735,03-Oct-2025 13:55,"Complaint received on 03-Oct-2025 13:55 from 0, 0, 3. Fraud type: 3, Bank: 1."
1090,Axis ATM - Railway Station,"Jalna, Maharashtra",19.773595,75.911905,0.9882258055561504,0.7052189546350903,Low,4,34802.23,1736,03-Oct-2025 13:55,"Complaint received on 03-Oct-2025 13:55 from 0, 0, 3. Fraud type: 3, Bank: 1."
362,HDFC ATM - Market,"Sindhudurg, Maharashtra",16.147913,73.595619,0.9878908594987481,0.7051330341042201,Low,7,17131.28142857143,1737,03-Oct-2025 13:55,"Complaint received on 03-Oct-2025 13:55 from 0, 0, 3. Fraud type: 3, Bank: 1."
1857,HDFC ATM - Main Road,"Chandrapur, Maharashtra",20.021521,79.345557,0.9869264309185519,0.7048856384004472,Low,11,40801.01818181818,1738,03-Oct-2025 13:55,"Complaint received on 03-Oct-2025 13:55 from 0, 0, 3. Fraud type: 3, Bank: 1."
2006,BoB ATM - Railway Station,"Bhandara, Maharashtra",21.111899,79.53405,0.9868276500934323,0.7048602990935752,Low,4,22765.905,1739,03-Oct-2025 13:55,"Complaint received on 03-Oct-2025 13:55 from 0, 0, 3. Fraud type: 3, Bank: 1."
1975,BoB ATM - Chowk,"Bhandara, Maharashtra",21.16329,79.690555,0.9868276500934323,0.7048602990935752,Low,5,22938.14,1740,03-Oct-2025 13:55,"Complaint received on 03-Oct-2025 13:55 from 0, 0, 3. Fraud type: 3, Bank: 1."
1449,Axis ATM - Bus Stand,"Buldhana, Maharashtra",20.426334,76.333536,0.9851474191217788,0.7044292854008366,Low,4,21528.6075,1741,03-Oct-2025 13:55,"Complaint received on 03-Oct-2025 13:55 from 0, 0, 3. Fraud type: 3, Bank: 1."
432,Axis ATM - Chowk,"Pune, Maharashtra",18.664781,73.751968,0.9842531783396113,0.7041998943062656,Low,7,34101.962857142855,1742,03-Oct-2025 13:55,"Complaint received on 03-Oct-2025 13:55 from 0, 0, 3. Fraud type: 3, Bank: 1."
1943,SBI ATM - Railway Station,"Gondia, Maharashtra",21.613508,80.396874,0.9836624124626301,0.7040483507467923,Low,6,35528.02,1743,03-Oct-2025 13:55,"Complaint received on 03-Oct-2025 13:55 from 0, 0, 3. Fraud type: 3, Bank: 1."
510,Axis ATM - Railway Station,"Satara, Maharashtra",17.929031,73.917297,0.9822412739352557,0.7036837995779883,Low,2,56514.365000000005,1744,03-Oct-2025 13:55,"Complaint received on 03-Oct-2025 13:55 from 0, 0, 3. Fraud type: 3, Bank: 1."
434,BoB ATM - Bus Stand,"Pune, Maharashtra",18.366363,73.954695,0.9814572850361059,0.7034826903518228,Low,7,69075.96714285715,1745,03-Oct-2025 13:55,"Complaint received on 03-Oct-2025 13:55 from 0, 0, 3. Fraud type: 3, Bank: 1."
1734,HDFC ATM - Chowk,"Yavatmal, Maharashtra",20.55518,78.167576,0.9809973082635537,0.703364696879106,Low,5,23685.302,1746,03-Oct-2025 13:55,"Complaint received on 03-Oct-2025 13:55 from 0, 0, 3. Fraud type: 3, Bank: 1."
577,PNB ATM - Main Road,"Sangli, Maharashtra",16.852303,74.609451,0.980313776697967,0.7031893570186003,Low,3,88307.69333333331,1747,03-Oct-2025 13:55,"Complaint received on 03-Oct-2025 13:55 from 0, 0, 3. Fraud type: 3, Bank: 1."
1742,ICICI ATM - Chowk,"Nagpur, Maharashtra",21.190888,79.084734,0.9784233763022039,0.7027044305596322,Low,4,40136.025,1748,03-Oct-2025 13:55,"Complaint received on 03-Oct-2025 13:55 from 0, 0, 3. Fraud type: 3, Bank: 1."
622,BoB ATM - Market,"Kolhapur, Maharashtra",16.764651,74.129519,0.9782611448576859,0.7026628148680043,Low,5,54394.15,1749,03-Oct-2025 13:55,"Complaint received on 03-Oct-2025 13:55 from 0, 0, 3. Fraud type: 3, Bank: 1."
2060,BoB ATM - Market,"Gadchiroli, Maharashtra",20.099126,80.276772,0.9724683612486573,0.7011768471072108,Low,8,10024.25375,1750,03-Oct-2025 13:55,"Complaint received on 03-Oct-2025 13:55 from 0, 0, 3. Fraud type: 3, Bank: 1."
2063,Axis ATM - Market,"Gadchiroli, Maharashtra",19.8247,80.295349,0.9698440329656131,0.7005036530979847,Low,10,64530.812,1751,03-Oct-2025 13:55,"Complaint received on 03-Oct-2025 13:55 from 0, 0, 3. Fraud type: 3, Bank: 1."
2054,BoB ATM - Bus Stand,"Gadchiroli, Maharashtra",19.889213,80.243843,0.9696642117408327,0.7004575252670894,Low,5,19836.478,1752,03-Oct-2025 13:55,"Complaint received on 03-Oct-2025 13:55 from 0, 0, 3. Fraud type: 3, Bank: 1."
428,BoB ATM - Railway Station,"Pune, Maharashtra",18.590879,73.983044,0.9687983821639155,0.7002354222291588,Low,3,64076.97,1753,03-Oct-2025 13:55,"Complaint received on 03-Oct-2025 13:55 from 0, 0, 3. Fraud type: 3, Bank: 1."
2055,HDFC ATM - Main Road,"Gadchiroli, Maharashtra",19.948995,80.053468,0.9682041392727179,0.7000829867442523,Low,4,74799.94750000001,1754,03-Oct-2025 13:55,"Complaint received on 03-Oct-2025 13:55 from 0, 0, 3. Fraud type: 3, Bank: 1."
2048,BoB ATM - Railway Station,"Gadchiroli, Maharashtra",19.886697,80.220538,0.9649078123823913,0.699237411314777,Low,4,34819.75,1755,03-Oct-2025 13:55,"Complaint received on 03-Oct-2025 13:55 from 0, 0, 3. Fraud type: 3, Bank: 1."
1706,Axis ATM - Main Road,"Yavatmal, Maharashtra",20.377588,77.981314,0.9630221258983647,0.6987536940708151,Low,5,20387.418,1756,03-Oct-2025 13:55,"Complaint received on 03-Oct-2025 13:55 from 0, 0, 3. Fraud type: 3, Bank: 1."
225,ICICI ATM - Railway Station,"Palghar, Maharashtra",19.700629,72.765638,0.9602683324394581,0.6980472895896531,Low,2,58914.39,1757,03-Oct-2025 13:55,"Complaint received on 03-Oct-2025 13:55 from 0, 0, 3. Fraud type: 3, Bank: 1."
2061,HDFC ATM - Main Road,"Gadchiroli, Maharashtra",19.965459,80.227,0.9598173333980933,0.6979315990890497,Low,7,64760.1,1758,03-Oct-2025 13:55,"Complaint received on 03-Oct-2025 13:55 from 0, 0, 3. Fraud type: 3, Bank: 1."
2027,BoB ATM - Railway Station,"Gadchiroli, Maharashtra",20.019158,80.153098,0.9594262841846919,0.6978312869484248,Low,14,27469.827142857142,1759,03-Oct-2025 13:55,"Complaint received on 03-Oct-2025 13:55 from 0, 0, 3. Fraud type: 3, Bank: 1."
2089,ICICI ATM - Signal,"Gondia, Maharashtra",21.327637,80.224763,0.9580893934791259,0.6974883470731843,Low,3,44311.35,1760,03-Oct-2025 13:55,"Complaint received on 03-Oct-2025 13:55 from 0, 0, 3. Fraud type: 3, Bank: 1."
687,BoB ATM - Market,"Solapur, Maharashtra",17.676723,75.808008,0.9579838788603214,0.6974612804101743,Low,2,5777.805,1761,03-Oct-2025 13:55,"Complaint received on 03-Oct-2025 13:55 from 0, 0, 3. Fraud type: 3, Bank: 1."
311,SBI ATM - Bus Stand,"Ratnagiri, Maharashtra",17.061172,73.272854,0.9572660480880917,0.697277142099954,Low,8,49327.13375,1762,03-Oct-2025 13:55,"Complaint received on 03-Oct-2025 13:55 from 0, 0, 3. Fraud type: 3, Bank: 1."
1731,Axis ATM - Main Road,"Yavatmal, Maharashtra",20.39855,77.974779,0.9571944893745714,0.6972587858228215,Low,10,29221.77,1763,03-Oct-2025 13:55,"Complaint received on 03-Oct-2025 13:55 from 0, 0, 3. Fraud type: 3, Bank: 1."
1812,Axis ATM - Railway Station,"Wardha, Maharashtra",20.543437,78.385635,0.956331829743502,0.6970374959409918,Low,4,10878.175,1764,03-Oct-2025 13:55,"Complaint received on 03-Oct-2025 13:55 from 0, 0, 3. Fraud type: 3, Bank: 1."
358,PNB ATM - Chowk,"Sindhudurg, Maharashtra",15.899212,73.517798,0.956044809768509,0.6969638694328518,Low,5,11726.864,1765,03-Oct-2025 13:55,"Complaint received on 03-Oct-2025 13:55 from 0, 0, 3. Fraud type: 3, Bank: 1."
386,SBI ATM - Market,"Sindhudurg, Maharashtra",15.936618,73.511201,0.956044809768509,0.6969638694328518,Low,7,11160.85,1766,03-Oct-2025 13:55,"Complaint received on 03-Oct-2025 13:55 from 0, 0, 3. Fraud type: 3, Bank: 1."
354,SBI ATM - Bus Stand,"Sindhudurg, Maharashtra",16.077175,73.809694,0.9529070122773804,0.6961589600444796,Low,3,6667.463333333333,1767,03-Oct-2025 13:55,"Complaint received on 03-Oct-2025 13:55 from 0, 0, 3. Fraud type: 3, Bank: 1."
157,PNB ATM - Bus Stand,"Thane, Maharashtra",19.114898,72.956232,0.9524891197692837,0.6960517620484177,Low,5,46947.244,1768,03-Oct-2025 13:55,"Complaint received on 03-Oct-2025 13:55 from 0, 0, 3. Fraud type: 3, Bank: 1."
306,Axis ATM - Signal,"Ratnagiri, Maharashtra",16.971039,73.258774,0.9523337577572601,0.6960119085070634,Low,7,14525.021428571428,1769,03-Oct-2025 13:55,"Complaint received on 03-Oct-2025 13:55 from 0, 0, 3. Fraud type: 3, Bank: 1."
1865,Axis ATM - Main Road,"Chandrapur, Maharashtra",20.008343,79.498434,0.9472436734154801,0.6947061975152329,Low,4,18452.1925,1770,03-Oct-2025 13:55,"Complaint received on 03-Oct-2025 13:55 from 0, 0, 3. Fraud type: 3, Bank: 1."
268,PNB ATM - Bus Stand,"Raigad, Maharashtra",18.223403,73.094373,0.9472395141018095,0.694705130566001,Low,2,131042.59,1771,03-Oct-2025 13:55,"Complaint received on 03-Oct-2025 13:55 from 0, 0, 3. Fraud type: 3, Bank: 1."
1791,PNB ATM - Bus Stand,"Nagpur, Maharashtra",21.171039,79.105529,0.9465962084989705,0.6945401094896628,Low,2,32973.48,1772,03-Oct-2025 13:55,"Complaint received on 03-Oct-2025 13:55 from 0, 0, 3. Fraud type: 3, Bank: 1."
1807,HDFC ATM - Chowk,"Wardha, Maharashtra",20.69553,78.438234,0.9462484838199101,0.6944509109803467,Low,4,9772.405,1773,03-Oct-2025 13:55,"Complaint received on 03-Oct-2025 13:55 from 0, 0, 3. Fraud type: 3, Bank: 1."
2034,HDFC ATM - Bus Stand,"Gadchiroli, Maharashtra",19.929239,80.095434,0.9453460012388337,0.6942194056953803,Low,5,27287.078,1774,03-Oct-2025 13:55,"Complaint received on 03-Oct-2025 13:55 from 0, 0, 3. Fraud type: 3, Bank: 1."
2036,HDFC ATM - Main Road,"Gadchiroli, Maharashtra",20.051142,80.124989,0.9442975656589994,0.6939504604738681,Low,6,25545.065,1775,03-Oct-2025 13:55,"Complaint received on 03-Oct-2025 13:55 from 0, 0, 3. Fraud type: 3, Bank: 1."
1169,SBI ATM - Market,"Osmanabad, Maharashtra",18.177174,76.009077,0.9427171122001976,0.693545041758839,Low,6,82821.46166666667,1776,03-Oct-2025 13:55,"Complaint received on 03-Oct-2025 13:55 from 0, 0, 3. Fraud type: 3, Bank: 1."
198,SBI ATM - Railway Station,"Palghar, Maharashtra",19.543464,72.840361,0.9426091647408938,0.6935173510223622,Low,8,62738.25875,1777,03-Oct-2025 13:55,"Complaint received on 03-Oct-2025 13:55 from 0, 0, 3. Fraud type: 3, Bank: 1."
1691,PNB ATM - Bus Stand,"Yavatmal, Maharashtra",20.354302,78.287438,0.9419792464946992,0.6933557640774741,Low,3,54196.08666666667,1778,03-Oct-2025 13:55,"Complaint received on 03-Oct-2025 13:55 from 0, 0, 3. Fraud type: 3, Bank: 1."
1991,PNB ATM - Signal,"Bhandara, Maharashtra",21.365557,79.605279,0.9418717689655427,0.6933281938877147,Low,7,24152.735714285714,1779,03-Oct-2025 13:55,"Complaint received on 03-Oct-2025 13:55 from 0, 0, 3. Fraud type: 3, Bank: 1."
1721,PNB ATM - Main Road,"Yavatmal, Maharashtra",20.268728,78.068174,0.94137627606474,0.6932010897999412,Low,4,42937.3225,1780,03-Oct-2025 13:55,"Complaint received on 03-Oct-2025 13:55 from 0, 0, 3. Fraud type: 3, Bank: 1."
1829,ICICI ATM - Signal,"Wardha, Maharashtra",20.734613,78.6219,0.94134757687873,0.6931937278703318,Low,3,26633.373333333333,1781,03-Oct-2025 13:55,"Complaint received on 03-Oct-2025 13:55 from 0, 0, 3. Fraud type: 3, Bank: 1."
2070,PNB ATM - Bus Stand,"Gadchiroli, Maharashtra",20.019365,80.206012,0.9413362103723428,0.6931908121284046,Low,3,14741.013333333334,1782,03-Oct-2025 13:55,"Complaint received on 03-Oct-2025 13:55 from 0, 0, 3. Fraud type: 3, Bank: 1."
1989,BoB ATM - Signal,"Bhandara, Maharashtra",21.28882,79.623944,0.9410219363335681,0.6931101943941351,Low,4,6280.88,1783,03-Oct-2025 13:55,"Complaint received on 03-Oct-2025 13:55 from 0, 0, 3. Fraud type: 3, Bank: 1."
488,PNB ATM - Market,"Satara, Maharashtra",17.787423,74.076221,0.9383418329189852,0.6924226929201537,Low,8,29863.06125,1784,03-Oct-2025 13:55,"Complaint received on 03-Oct-2025 13:55 from 0, 0, 3. Fraud type: 3, Bank: 1."
1888,ICICI ATM - Railway Station,"Chandrapur, Maharashtra",20.053143,79.369909,0.9383046872860525,0.6924131643037376,Low,7,34203.602857142854,1785,03-Oct-2025 13:55,"Complaint received on 03-Oct-2025 13:55 from 0, 0, 3. Fraud type: 3, Bank: 1."
1868,Axis ATM - Railway Station,"Chandrapur, Maharashtra",20.085237,79.355498,0.9378360871530647,0.6922929587622707,Low,9,29452.92333333333,1786,03-Oct-2025 13:55,"Complaint received on 03-Oct-2025 13:55 from 0, 0, 3. Fraud type: 3, Bank: 1."
1075,SBI ATM - Railway Station,"Jalna, Maharashtra",19.659125,75.848002,0.9375730862926621,0.692225493649469,Low,5,22419.57,1787,03-Oct-2025 13:55,"Complaint received on 03-Oct-2025 13:55 from 0, 0, 3. Fraud type: 3, Bank: 1."
2030,SBI ATM - Main Road,"Gadchiroli, Maharashtra",19.952821,80.219227,0.9367748987009876,0.6920207421675657,Low,9,14802.595555555556,1788,03-Oct-2025 13:55,"Complaint received on 03-Oct-2025 13:55 from 0, 0, 3. Fraud type: 3, Bank: 1."
528,PNB ATM - Chowk,"Sangli, Maharashtra",16.947917,74.560314,0.936405981658718,0.6919261073825954,Low,3,63253.57,1789,03-Oct-2025 13:55,"Complaint received on 03-Oct-2025 13:55 from 0, 0, 3. Fraud type: 3, Bank: 1."
2064,PNB ATM - Railway Station,"Gadchiroli, Maharashtra",19.888187,80.044009,0.9363642401004637,0.6919153998171075,Low,5,21536.782,1790,03-Oct-2025 13:55,"Complaint received on 03-Oct-2025 13:55 from 0, 0, 3. Fraud type: 3, Bank: 1."
2129,BoB ATM - Signal,"Solapur, Maharashtra",17.783257,75.850031,0.9359866222457152,0.6918185330953501,Low,1,3228.5,1791,03-Oct-2025 13:55,"Complaint received on 03-Oct-2025 13:55 from 0, 0, 3. Fraud type: 3, Bank: 1."
1976,Axis ATM - Signal,"Bhandara, Maharashtra",21.171539,79.707579,0.9339679525146831,0.691300702922076,Low,5,46950.432,1792,03-Oct-2025 13:55,"Complaint received on 03-Oct-2025 13:55 from 0, 0, 3. Fraud type: 3, Bank: 1."
2010,Axis ATM - Railway Station,"Bhandara, Maharashtra",21.156382,79.676587,0.9339679525146831,0.691300702922076,Low,7,49175.027142857136,1793,03-Oct-2025 13:55,"Complaint received on 03-Oct-2025 13:55 from 0, 0, 3. Fraud type: 3, Bank: 1."
131,Axis ATM - Railway Station,"Thane, Maharashtra",19.111814,73.221086,0.9332161655780413,0.6911078541595063,Low,8,24819.83875,1794,03-Oct-2025 13:55,"Complaint received on 03-Oct-2025 13:55 from 0, 0, 3. Fraud type: 3, Bank: 1."
735,ICICI ATM - Main Road,"Ahmednagar, Maharashtra",19.18193,74.877232,0.9321255221394571,0.6908280817568688,Low,8,22065.36375,1795,03-Oct-2025 13:55,"Complaint received on 03-Oct-2025 13:55 from 0, 0, 3. Fraud type: 3, Bank: 1."
652,Axis ATM - Bus Stand,"Solapur, Maharashtra",17.82405,75.841173,0.9315978362345325,0.6906927195035092,Low,7,25556.957142857143,1796,03-Oct-2025 13:55,"Complaint received on 03-Oct-2025 13:55 from 0, 0, 3. Fraud type: 3, Bank: 1."
1660,Axis ATM - Railway Station,"Amravati, Maharashtra",20.966918,77.940635,0.9313857911475174,0.6906383255912891,Low,4,22374.46,1797,03-Oct-2025 13:55,"Complaint received on 03-Oct-2025 13:55 from 0, 0, 3. Fraud type: 3, Bank: 1."
910,SBI ATM - Chowk,"Nandurbar, Maharashtra",21.611878,74.048904,0.9303491293272235,0.6903724005804875,Low,4,83824.78749999999,1798,03-Oct-2025 13:55,"Complaint received on 03-Oct-2025 13:55 from 0, 0, 3. Fraud type: 3, Bank: 1."
1889,ICICI ATM - Bus Stand,"Chandrapur, Maharashtra",19.874007,79.07104,0.9300212244850719,0.6902882862656897,Low,7,34612.70714285714,1799,03-Oct-2025 13:55,"Complaint received on 03-Oct-2025 13:55 from 0, 0, 3. Fraud type: 3, Bank: 1."
1776,ICICI ATM - Market,"Nagpur, Maharashtra",20.902613,79.085632,0.9300212244850719,0.6902882862656897,Low,7,34845.888571428564,1800,03-Oct-2025 13:55,"Complaint received on 03-Oct-2025 13:55 from 0, 0, 3. Fraud type: 3, Bank: 1."
692,ICICI ATM - Signal,"Solapur, Maharashtra",17.518345,75.803406,0.9287018836258552,0.689949848285849,Low,4,22643.7875,1801,03-Oct-2025 13:55,"Complaint received on 03-Oct-2025 13:55 from 0, 0, 3. Fraud type: 3, Bank: 1."
2068,ICICI ATM - Main Road,"Gadchiroli, Maharashtra",19.905084,80.182283,0.9280268353814329,0.6897766845711494,Low,6,35185.471666666665,1802,03-Oct-2025 13:55,"Complaint received on 03-Oct-2025 13:55 from 0, 0, 3. Fraud type: 3, Bank: 1."
1704,ICICI ATM - Main Road,"Yavatmal, Maharashtra",20.466865,78.144769,0.9273239525730426,0.6895963807201206,Low,8,21728.1375,1803,03-Oct-2025 13:55,"Complaint received on 03-Oct-2025 13:55 from 0, 0, 3. Fraud type: 3, Bank: 1."
1689,PNB ATM - Bus Stand,"Yavatmal, Maharashtra",20.170198,78.003843,0.9263254973192359,0.6893402564769434,Low,6,62474.19333333333,1804,03-Oct-2025 13:55,"Complaint received on 03-Oct-2025 13:55 from 0, 0, 3. Fraud type: 3, Bank: 1."
350,HDFC ATM - Market,"Sindhudurg, Maharashtra",16.033501,73.562595,0.9256995655524451,0.6891796921457543,Low,6,10760.99,1805,03-Oct-2025 13:55,"Complaint received on 03-Oct-2025 13:55 from 0, 0, 3. Fraud type: 3, Bank: 1."
395,HDFC ATM - Bus Stand,"Sindhudurg, Maharashtra",16.061554,73.704923,0.9256995655524451,0.6891796921457543,Low,2,11737.855,1806,03-Oct-2025 13:55,"Complaint received on 03-Oct-2025 13:55 from 0, 0, 3. Fraud type: 3, Bank: 1."
2150,PNB ATM - Signal,"Jalna, Maharashtra",19.936426,75.829509,0.9246792949650404,0.6889179718222459,Low,1,20510.02,1807,03-Oct-2025 13:55,"Complaint received on 03-Oct-2025 13:55 from 0, 0, 3. Fraud type: 3, Bank: 1."
2000,BoB ATM - Main Road,"Bhandara, Maharashtra",21.068437,79.579811,0.9246219903613606,0.6889032720165289,Low,7,35443.178571428565,1808,03-Oct-2025 13:55,"Complaint received on 03-Oct-2025 13:55 from 0, 0, 3. Fraud type: 3, Bank: 1."
369,Axis ATM - Market,"Sindhudurg, Maharashtra",16.133499,73.736712,0.9244005362583303,0.6888464644987949,Low,7,17519.18,1809,03-Oct-2025 13:55,"Complaint received on 03-Oct-2025 13:55 from 0, 0, 3. Fraud type: 3, Bank: 1."
1732,BoB ATM - Bus Stand,"Yavatmal, Maharashtra",20.417489,78.258918,0.9243112742438826,0.6888235669620173,Low,5,62329.292,1810,03-Oct-2025 13:55,"Complaint received on 03-Oct-2025 13:55 from 0, 0, 3. Fraud type: 3, Bank: 1."
1803,SBI ATM - Bus Stand,"Wardha, Maharashtra",20.715697,78.536604,0.9235439848070581,0.6886267414903147,Low,8,22947.89625,1811,03-Oct-2025 13:55,"Complaint received on 03-Oct-2025 13:55 from 0, 0, 3. Fraud type: 3, Bank: 1."
1844,ICICI ATM - Signal,"Wardha, Maharashtra",20.81034,78.55051,0.9233172459135641,0.6885685783154768,Low,6,33317.831666666665,1812,03-Oct-2025 13:55,"Complaint received on 03-Oct-2025 13:55 from 0, 0, 3. Fraud type: 3, Bank: 1."
1848,ICICI ATM - Chowk,"Wardha, Maharashtra",20.752413,78.845049,0.9218034852249466,0.6881802676633516,Low,4,36176.97,1813,03-Oct-2025 13:55,"Complaint received on 03-Oct-2025 13:55 from 0, 0, 3. Fraud type: 3, Bank: 1."
961,PNB ATM - Chowk,"Jalgaon, Maharashtra",21.057163,75.620656,0.9214120443995302,0.6880798550662159,Low,4,53286.155000000006,1814,03-Oct-2025 13:55,"Complaint received on 03-Oct-2025 13:55 from 0, 0, 3. Fraud type: 3, Bank: 1."
187,SBI ATM - Bus Stand,"Palghar, Maharashtra",19.508669,72.688075,0.9210138811621091,0.6879777180325767,Low,5,34688.13,1815,03-Oct-2025 13:55,"Complaint received on 03-Oct-2025 13:55 from 0, 0, 3. Fraud type: 3, Bank: 1."
1950,SBI ATM - Chowk,"Gondia, Maharashtra",21.285977,80.271108,0.9203295360171926,0.6878021694722927,Low,2,4041.41,1816,03-Oct-2025 13:55,"Complaint received on 03-Oct-2025 13:55 from 0, 0, 3. Fraud type: 3, Bank: 1."
1843,HDFC ATM - Bus Stand,"Wardha, Maharashtra",20.819764,78.533649,0.9200608086975226,0.6877332354052835,Low,5,6981.861999999999,1817,03-Oct-2025 13:55,"Complaint received on 03-Oct-2025 13:55 from 0, 0, 3. Fraud type: 3, Bank: 1."
2071,BoB ATM - Chowk,"Gadchiroli, Maharashtra",19.859673,80.330939,0.918597901703381,0.6873579697684065,Low,1,26517.6,1818,03-Oct-2025 13:55,"Complaint received on 03-Oct-2025 13:55 from 0, 0, 3. Fraud type: 3, Bank: 1."
2024,ICICI ATM - Main Road,"Gadchiroli, Maharashtra",19.99319,80.161027,0.9184477142321059,0.6873194436028438,Low,5,26391.56,1819,03-Oct-2025 13:55,"Complaint received on 03-Oct-2025 13:55 from 0, 0, 3. Fraud type: 3, Bank: 1."
1768,Axis ATM - Bus Stand,"Nagpur, Maharashtra",21.188966,79.146096,0.9183711283230327,0.6872997977469834,Low,6,22940.666666666668,1820,03-Oct-2025 13:55,"Complaint received on 03-Oct-2025 13:55 from 0, 0, 3. Fraud type: 3, Bank: 1."
270,HDFC ATM - Bus Stand,"Raigad, Maharashtra",18.441923,73.131545,0.9177836308804539,0.6871490926079445,Low,7,57594.85857142857,1821,03-Oct-2025 13:55,"Complaint received on 03-Oct-2025 13:55 from 0, 0, 3. Fraud type: 3, Bank: 1."
1854,Axis ATM - Railway Station,"Chandrapur, Maharashtra",20.031835,79.199886,0.9169028903486471,0.6869231646043765,Low,8,19854.68625,1822,03-Oct-2025 13:55,"Complaint received on 03-Oct-2025 13:55 from 0, 0, 3. Fraud type: 3, Bank: 1."
448,ICICI ATM - Bus Stand,"Pune, Maharashtra",18.510142,73.984075,0.9153913440365349,0.6865354219852247,Low,4,22496.055,1823,03-Oct-2025 13:55,"Complaint received on 03-Oct-2025 13:55 from 0, 0, 3. Fraud type: 3, Bank: 1."
2025,PNB ATM - Chowk,"Gadchiroli, Maharashtra",19.965323,79.950515,0.9149834394171248,0.686430786087385,Low,5,72498.802,1824,03-Oct-2025 13:55,"Complaint received on 03-Oct-2025 13:55 from 0, 0, 3. Fraud type: 3, Bank: 1."
147,Axis ATM - Bus Stand,"Thane, Maharashtra",19.307543,73.045555,0.9129287889553785,0.6859037261189969,Low,8,33044.59625,1825,03-Oct-2025 13:55,"Complaint received on 03-Oct-2025 13:55 from 0, 0, 3. Fraud type: 3, Bank: 1."
2043,Axis ATM - Main Road,"Gadchiroli, Maharashtra",19.672965,80.261373,0.9103316418487672,0.6852375046388007,Low,8,29388.745000000003,1826,03-Oct-2025 13:55,"Complaint received on 03-Oct-2025 13:55 from 0, 0, 3. Fraud type: 3, Bank: 1."
240,Axis ATM - Signal,"Raigad, Maharashtra",18.440485,73.258472,0.9102063148101354,0.6852053556839058,Low,7,34874.305714285714,1827,03-Oct-2025 13:55,"Complaint received on 03-Oct-2025 13:55 from 0, 0, 3. Fraud type: 3, Bank: 1."
1808,Axis ATM - Railway Station,"Wardha, Maharashtra",20.740946,78.560927,0.9099384457001416,0.6851366417652739,Low,7,10343.604285714286,1828,03-Oct-2025 13:55,"Complaint received on 03-Oct-2025 13:55 from 0, 0, 3. Fraud type: 3, Bank: 1."
1879,HDFC ATM - Main Road,"Chandrapur, Maharashtra",20.19266,79.326908,0.9086320112752517,0.684801514550449,Low,5,22758.036,1829,03-Oct-2025 13:55,"Complaint received on 03-Oct-2025 13:55 from 0, 0, 3. Fraud type: 3, Bank: 1."
1832,ICICI ATM - Main Road,"Wardha, Maharashtra",20.85947,78.804381,0.9085516706394792,0.6847809055302099,Low,2,19633.685,1830,03-Oct-2025 13:55,"Complaint received on 03-Oct-2025 13:55 from 0, 0, 3. Fraud type: 3, Bank: 1."
659,PNB ATM - Chowk,"Solapur, Maharashtra",17.799526,75.829185,0.9077325016394182,0.6845707718868895,Low,3,47846.363333333335,1831,03-Oct-2025 13:55,"Complaint received on 03-Oct-2025 13:55 from 0, 0, 3. Fraud type: 3, Bank: 1."
1878,HDFC ATM - Market,"Chandrapur, Maharashtra",19.883121,79.276553,0.9067982852450855,0.6843311262282084,Low,3,45772.45,1832,03-Oct-2025 13:55,"Complaint received on 03-Oct-2025 13:55 from 0, 0, 3. Fraud type: 3, Bank: 1."
1748,SBI ATM - Bus Stand,"Nagpur, Maharashtra",21.293047,79.061794,0.9062738637524617,0.6841966013635316,Low,6,27318.435,1833,03-Oct-2025 13:55,"Complaint received on 03-Oct-2025 13:55 from 0, 0, 3. Fraud type: 3, Bank: 1."
1833,ICICI ATM - Chowk,"Wardha, Maharashtra",20.694062,78.585153,0.9048204949101231,0.6838237824581455,Low,5,5004.468,1834,03-Oct-2025 13:55,"Complaint received on 03-Oct-2025 13:55 from 0, 0, 3. Fraud type: 3, Bank: 1."
2076,ICICI ATM - Bus Stand,"Gadchiroli, Maharashtra",20.089041,80.18528,0.9044242895680603,0.6837221476648068,Low,3,18042.376666666667,1835,03-Oct-2025 13:55,"Complaint received on 03-Oct-2025 13:55 from 0, 0, 3. Fraud type: 3, Bank: 1."
1369,HDFC ATM - Chowk,"Parbhani, Maharashtra",19.295063,76.757521,0.9042974997235014,0.6836896234702008,Low,4,22403.445,1836,03-Oct-2025 13:55,"Complaint received on 03-Oct-2025 13:55 from 0, 0, 3. Fraud type: 3, Bank: 1."
385,ICICI ATM - Main Road,"Sindhudurg, Maharashtra",16.160691,73.572647,0.9028958537013438,0.6833300725286251,Low,5,13460.386000000002,1837,03-Oct-2025 13:55,"Complaint received on 03-Oct-2025 13:55 from 0, 0, 3. Fraud type: 3, Bank: 1."
2093,ICICI ATM - Bus Stand,"Raigad, Maharashtra",18.644505,73.128798,0.9027631655081596,0.6832960352866674,Low,2,84373.41,1838,03-Oct-2025 13:55,"Complaint received on 03-Oct-2025 13:55 from 0, 0, 3. Fraud type: 3, Bank: 1."
758,BoB ATM - Railway Station,"Nashik, Maharashtra",19.992906,73.959466,0.9013210522680346,0.6829261036740141,Low,4,21990.86,1839,03-Oct-2025 13:55,"Complaint received on 03-Oct-2025 13:55 from 0, 0, 3. Fraud type: 3, Bank: 1."
2007,Axis ATM - Bus Stand,"Bhandara, Maharashtra",21.215757,79.687398,0.9003893413824766,0.6826871007297022,Low,4,39893.4,1840,03-Oct-2025 13:55,"Complaint received on 03-Oct-2025 13:55 from 0, 0, 3. Fraud type: 3, Bank: 1."
1999,Axis ATM - Signal,"Bhandara, Maharashtra",20.883568,79.590495,0.8998898468934988,0.6825589701525203,Low,5,41326.086,1841,03-Oct-2025 13:55,"Complaint received on 03-Oct-2025 13:55 from 0, 0, 3. Fraud type: 3, Bank: 1."
1893,SBI ATM - Bus Stand,"Chandrapur, Maharashtra",19.925377,79.212585,0.8975469427040936,0.6819579671931386,Low,4,39761.355,1842,03-Oct-2025 13:55,"Complaint received on 03-Oct-2025 13:55 from 0, 0, 3. Fraud type: 3, Bank: 1."
1858,Axis ATM - Main Road,"Chandrapur, Maharashtra",19.958847,79.27126,0.8968172775362806,0.6817707931178194,Low,10,61493.349,1843,03-Oct-2025 13:55,"Complaint received on 03-Oct-2025 13:55 from 0, 0, 3. Fraud type: 3, Bank: 1."
2020,ICICI ATM - Railway Station,"Bhandara, Maharashtra",20.809084,79.718542,0.8966047061524556,0.6817162641996775,Low,4,20863.535,1844,03-Oct-2025 13:55,"Complaint received on 03-Oct-2025 13:55 from 0, 0, 3. Fraud type: 3, Bank: 1."
1969,PNB ATM - Main Road,"Bhandara, Maharashtra",21.112549,79.693137,0.895085205524226,0.6813264811353601,Low,9,57022.07111111112,1845,03-Oct-2025 13:55,"Complaint received on 03-Oct-2025 13:55 from 0, 0, 3. Fraud type: 3, Bank: 1."
390,BoB ATM - Bus Stand,"Sindhudurg, Maharashtra",16.285868,73.636459,0.894660555626773,0.6812175497303865,Low,4,33553.155,1846,03-Oct-2025 13:55,"Complaint received on 03-Oct-2025 13:55 from 0, 0, 3. Fraud type: 3, Bank: 1."
20,ICICI ATM - Main Road,"Mumbai City, Maharashtra",19.038705,72.673499,0.8945503227679614,0.6811892727420801,Low,2,51789.105,1847,03-Oct-2025 13:55,"Complaint received on 03-Oct-2025 13:55 from 0, 0, 3. Fraud type: 3, Bank: 1."
2107,PNB ATM - Chowk,"Kolhapur, Maharashtra",16.599758,74.497418,0.8941185133149263,0.6810785047643128,Low,6,20299.721666666668,1848,03-Oct-2025 13:55,"Complaint received on 03-Oct-2025 13:55 from 0, 0, 3. Fraud type: 3, Bank: 1."
4,SBI ATM - Bus Stand,"Mumbai City, Maharashtra",18.935701,73.007757,0.8922680063311317,0.6806038117834191,Low,6,54601.426666666666,1849,03-Oct-2025 13:55,"Complaint received on 03-Oct-2025 13:55 from 0, 0, 3. Fraud type: 3, Bank: 1."
1932,Axis ATM - Main Road,"Gondia, Maharashtra",21.20219,80.203415,0.8920433729127675,0.6805461887061189,Low,6,26129.291666666668,1850,03-Oct-2025 13:55,"Complaint received on 03-Oct-2025 13:55 from 0, 0, 3. Fraud type: 3, Bank: 1."
1895,HDFC ATM - Bus Stand,"Chandrapur, Maharashtra",19.828476,79.320671,0.8915854821505387,0.6804287303378179,Low,6,24101.29333333333,1851,03-Oct-2025 13:55,"Complaint received on 03-Oct-2025 13:55 from 0, 0, 3. Fraud type: 3, Bank: 1."
1902,HDFC ATM - Chowk,"Chandrapur, Maharashtra",19.803173,79.318931,0.8915854821505387,0.6804287303378179,Low,7,22729.66285714286,1852,03-Oct-2025 13:55,"Complaint received on 03-Oct-2025 13:55 from 0, 0, 3. Fraud type: 3, Bank: 1."
761,PNB ATM - Signal,"Nashik, Maharashtra",20.042387,73.898472,0.8914190700602964,0.6803860422248492,Low,2,51690.785,1853,03-Oct-2025 13:55,"Complaint received on 03-Oct-2025 13:55 from 0, 0, 3. Fraud type: 3, Bank: 1."
378,ICICI ATM - Signal,"Sindhudurg, Maharashtra",16.209857,73.801724,0.8903764780466175,0.6801185959978621,Low,10,49411.586,1854,03-Oct-2025 13:55,"Complaint received on 03-Oct-2025 13:55 from 0, 0, 3. Fraud type: 3, Bank: 1."
2135,ICICI ATM - Railway Station,"Sindhudurg, Maharashtra",16.005801,73.892496,0.8857084808109903,0.6789211590024936,Low,3,17952.873333333333,1855,03-Oct-2025 13:55,"Complaint received on 03-Oct-2025 13:55 from 0, 0, 3. Fraud type: 3, Bank: 1."
415,BoB ATM - Chowk,"Pune, Maharashtra",18.549256,73.782311,0.8850708731707142,0.6787575995703737,Low,4,20111.7525,1856,03-Oct-2025 13:55,"Complaint received on 03-Oct-2025 13:55 from 0, 0, 3. Fraud type: 3, Bank: 1."
624,BoB ATM - Bus Stand,"Kolhapur, Maharashtra",16.460752,74.284887,0.8844254829206941,0.6785920437392937,Low,7,14537.794285714288,1857,03-Oct-2025 13:55,"Complaint received on 03-Oct-2025 13:55 from 0, 0, 3. Fraud type: 3, Bank: 1."
2051,HDFC ATM - Main Road,"Gadchiroli, Maharashtra",19.738972,80.267048,0.8816270604599317,0.6778741910041609,Low,5,23954.772,1858,03-Oct-2025 13:55,"Complaint received on 03-Oct-2025 13:55 from 0, 0, 3. Fraud type: 3, Bank: 1."
138,SBI ATM - Main Road,"Thane, Maharashtra",19.065964,72.92986,0.8813212853402523,0.6777957534168862,Low,7,34183.37142857142,1859,03-Oct-2025 13:55,"Complaint received on 03-Oct-2025 13:55 from 0, 0, 3. Fraud type: 3, Bank: 1."
2050,ICICI ATM - Bus Stand,"Gadchiroli, Maharashtra",19.843105,80.244411,0.880853897529446,0.6776758588609144,Low,8,39704.091250000005,1860,03-Oct-2025 13:55,"Complaint received on 03-Oct-2025 13:55 from 0, 0, 3. Fraud type: 3, Bank: 1."
1867,BoB ATM - Main Road,"Chandrapur, Maharashtra",19.969155,79.274127,0.8791569181560162,0.6772405488597402,Low,9,24480.50222222222,1861,03-Oct-2025 13:55,"Complaint received on 03-Oct-2025 13:55 from 0, 0, 3. Fraud type: 3, Bank: 1."
963,SBI ATM - Chowk,"Jalgaon, Maharashtra",21.074589,75.515647,0.878443713300262,0.6770575971919375,Low,4,49960.4275,1862,03-Oct-2025 13:55,"Complaint received on 03-Oct-2025 13:55 from 0, 0, 3. Fraud type: 3, Bank: 1."
402,PNB ATM - Main Road,"Sindhudurg, Maharashtra",15.987575,73.627232,0.8778193641972918,0.6768974388464665,Low,5,41152.92,1863,03-Oct-2025 13:55,"Complaint received on 03-Oct-2025 13:55 from 0, 0, 3. Fraud type: 3, Bank: 1."
1966,SBI ATM - Market,"Bhandara, Maharashtra",21.097082,79.633523,0.8766992327806435,0.6766101021728858,Low,8,22765.07625,1864,03-Oct-2025 13:55,"Complaint received on 03-Oct-2025 13:55 from 0, 0, 3. Fraud type: 3, Bank: 1."
472,SBI ATM - Chowk,"Satara, Maharashtra",17.653484,74.003226,0.8743420680840692,0.6760054411010427,Low,6,39744.598333333335,1865,03-Oct-2025 13:55,"Complaint received on 03-Oct-2025 13:55 from 0, 0, 3. Fraud type: 3, Bank: 1."
2081,Axis ATM - Bus Stand,"Gadchiroli, Maharashtra",19.909168,79.996126,0.8728031549285822,0.6756106783254835,Low,2,22802.025,1866,03-Oct-2025 13:55,"Complaint received on 03-Oct-2025 13:55 from 0, 0, 3. Fraud type: 3, Bank: 1."
1806,BoB ATM - Railway Station,"Wardha, Maharashtra",20.860219,78.540291,0.8713650502143171,0.6752417749818971,Low,4,45143.47,1867,03-Oct-2025 13:55,"Complaint received on 03-Oct-2025 13:55 from 0, 0, 3. Fraud type: 3, Bank: 1."
1782,PNB ATM - Chowk,"Nagpur, Maharashtra",21.132237,79.088745,0.8709311445243895,0.6751304692763892,Low,4,37786.7225,1868,03-Oct-2025 13:55,"Complaint received on 03-Oct-2025 13:55 from 0, 0, 3. Fraud type: 3, Bank: 1."
642,SBI ATM - Chowk,"Solapur, Maharashtra",17.823589,75.900976,0.8705563285444853,0.6750343212929741,Low,5,22928.994,1869,03-Oct-2025 13:55,"Complaint received on 03-Oct-2025 13:55 from 0, 0, 3. Fraud type: 3, Bank: 1."
359,PNB ATM - Bus Stand,"Sindhudurg, Maharashtra",16.00158,73.480685,0.8667232234280231,0.6740510512433356,Low,4,10313.04,1870,03-Oct-2025 13:55,"Complaint received on 03-Oct-2025 13:55 from 0, 0, 3. Fraud type: 3, Bank: 1."
1864,PNB ATM - Signal,"Chandrapur, Maharashtra",19.790118,79.288979,0.8641533958890983,0.6733918377923638,Low,4,42493.315,1871,03-Oct-2025 13:55,"Complaint received on 03-Oct-2025 13:55 from 0, 0, 3. Fraud type: 3, Bank: 1."
18,BoB ATM - Railway Station,"Mumbai City, Maharashtra",18.951011,72.581492,0.8639031793102898,0.6733276521098974,Low,4,67843.9675,1872,03-Oct-2025 13:55,"Complaint received on 03-Oct-2025 13:55 from 0, 0, 3. Fraud type: 3, Bank: 1."
1194,Axis ATM - Main Road,"Osmanabad, Maharashtra",18.119643,76.061618,0.8638918923811763,0.6733247567811724,Low,6,20829.036666666667,1873,03-Oct-2025 13:55,"Complaint received on 03-Oct-2025 13:55 from 0, 0, 3. Fraud type: 3, Bank: 1."
407,HDFC ATM - Bus Stand,"Pune, Maharashtra",18.598024,73.838099,0.8635816645334289,0.6732451769778574,Low,8,74206.84375,1874,03-Oct-2025 13:55,"Complaint received on 03-Oct-2025 13:55 from 0, 0, 3. Fraud type: 3, Bank: 1."
373,Axis ATM - Bus Stand,"Sindhudurg, Maharashtra",15.906997,73.764037,0.8618075693784466,0.6727900851976683,Low,3,16214.493333333334,1875,03-Oct-2025 13:55,"Complaint received on 03-Oct-2025 13:55 from 0, 0, 3. Fraud type: 3, Bank: 1."
355,BoB ATM - Signal,"Sindhudurg, Maharashtra",15.95786,73.642899,0.8617097478230493,0.6727649919631472,Low,7,11038.388571428572,1876,03-Oct-2025 13:55,"Complaint received on 03-Oct-2025 13:55 from 0, 0, 3. Fraud type: 3, Bank: 1."
1053,BoB ATM - Railway Station,"Jalna, Maharashtra",19.889787,76.016818,0.8614362382273428,0.6726948311442873,Low,5,22001.752,1877,03-Oct-2025 13:55,"Complaint received on 03-Oct-2025 13:55 from 0, 0, 3. Fraud type: 3, Bank: 1."
394,BoB ATM - Main Road,"Sindhudurg, Maharashtra",16.031324,73.519759,0.860492011068581,0.672452617519287,Low,7,14179.837142857144,1878,03-Oct-2025 13:55,"Complaint received on 03-Oct-2025 13:55 from 0, 0, 3. Fraud type: 3, Bank: 1."
1977,ICICI ATM - Railway Station,"Bhandara, Maharashtra",21.145958,79.677821,0.8599365114251687,0.6723101204717611,Low,9,22985.59333333333,1879,03-Oct-2025 13:55,"Complaint received on 03-Oct-2025 13:55 from 0, 0, 3. Fraud type: 3, Bank: 1."
2002,Axis ATM - Signal,"Bhandara, Maharashtra",21.134691,79.81279,0.8592250063876192,0.6721276048421779,Low,7,34869.61142857143,1880,03-Oct-2025 13:55,"Complaint received on 03-Oct-2025 13:55 from 0, 0, 3. Fraud type: 3, Bank: 1."
1819,BoB ATM - Railway Station,"Wardha, Maharashtra",20.490929,78.589672,0.8586521076793376,0.6719806445777932,Low,8,19819.265,1881,03-Oct-2025 13:55,"Complaint received on 03-Oct-2025 13:55 from 0, 0, 3. Fraud type: 3, Bank: 1."
1836,BoB ATM - Market,"Wardha, Maharashtra",20.685058,78.580877,0.858409976926942,0.6719185330755794,Low,7,10070.667142857144,1882,03-Oct-2025 13:55,"Complaint received on 03-Oct-2025 13:55 from 0, 0, 3. Fraud type: 3, Bank: 1."
366,ICICI ATM - Signal,"Sindhudurg, Maharashtra",16.199549,73.617257,0.8584011843149304,0.6719162775903301,Low,7,52441.26285714285,1883,03-Oct-2025 13:55,"Complaint received on 03-Oct-2025 13:55 from 0, 0, 3. Fraud type: 3, Bank: 1."
2062,SBI ATM - Market,"Gadchiroli, Maharashtra",20.141096,80.232673,0.8576303707338204,0.6717185481033653,Low,3,25792.32,1884,03-Oct-2025 13:55,"Complaint received on 03-Oct-2025 13:55 from 0, 0, 3. Fraud type: 3, Bank: 1."
1775,PNB ATM - Railway Station,"Nagpur, Maharashtra",21.244664,79.04219,0.8564970148505027,0.6714278190829526,Low,2,121192.575,1885,03-Oct-2025 13:55,"Complaint received on 03-Oct-2025 13:55 from 0, 0, 3. Fraud type: 3, Bank: 1."
2065,SBI ATM - Bus Stand,"Gadchiroli, Maharashtra",20.211184,79.978574,0.8557123671302738,0.6712265408556729,Low,4,38109.0475,1886,03-Oct-2025 13:55,"Complaint received on 03-Oct-2025 13:55 from 0, 0, 3. Fraud type: 3, Bank: 1."
399,Axis ATM - Railway Station,"Sindhudurg, Maharashtra",15.934764,73.897494,0.8546557272625901,0.6709554910661211,Low,2,76896.95999999999,1887,03-Oct-2025 13:55,"Complaint received on 03-Oct-2025 13:55 from 0, 0, 3. Fraud type: 3, Bank: 1."
403,BoB ATM - Main Road,"Sindhudurg, Maharashtra",16.055624,73.75327,0.8526736979545082,0.6704470599125445,Low,5,19567.916,1888,03-Oct-2025 13:55,"Complaint received on 03-Oct-2025 13:55 from 0, 0, 3. Fraud type: 3, Bank: 1."
170,Axis ATM - Bus Stand,"Thane, Maharashtra",19.157195,72.985689,0.8526603324999318,0.6704436313994239,Low,3,55646.89333333333,1889,03-Oct-2025 13:55,"Complaint received on 03-Oct-2025 13:55 from 0, 0, 3. Fraud type: 3, Bank: 1."
1717,BoB ATM - Market,"Yavatmal, Maharashtra",20.346643,78.122298,0.8507624210236027,0.6699567781942964,Low,3,61525.75666666668,1890,03-Oct-2025 13:55,"Complaint received on 03-Oct-2025 13:55 from 0, 0, 3. Fraud type: 3, Bank: 1."
475,SBI ATM - Bus Stand,"Satara, Maharashtra",17.650339,73.918162,0.8502400676414215,0.6698227838423492,Low,3,36332.14666666667,1891,03-Oct-2025 13:55,"Complaint received on 03-Oct-2025 13:55 from 0, 0, 3. Fraud type: 3, Bank: 1."
1891,Axis ATM - Bus Stand,"Chandrapur, Maharashtra",19.922834,79.420196,0.8492344084632069,0.6695648116448648,Low,7,23748.655714285716,1892,03-Oct-2025 13:55,"Complaint received on 03-Oct-2025 13:55 from 0, 0, 3. Fraud type: 3, Bank: 1."
105,PNB ATM - Bus Stand,"Mumbai Suburban, Maharashtra",19.181806,73.342328,0.8485142728203203,0.6693800820880659,Low,3,33310.25666666667,1893,03-Oct-2025 13:55,"Complaint received on 03-Oct-2025 13:55 from 0, 0, 3. Fraud type: 3, Bank: 1."
826,ICICI ATM - Railway Station,"Dhule, Maharashtra",20.939838,74.80286,0.8460681763884148,0.6687526082028101,Low,3,21196.923333333336,1894,03-Oct-2025 13:55,"Complaint received on 03-Oct-2025 13:55 from 0, 0, 3. Fraud type: 3, Bank: 1."
387,ICICI ATM - Main Road,"Sindhudurg, Maharashtra",16.19606,73.560198,0.8454320267942008,0.6685894227893985,Low,4,13767.91,1895,03-Oct-2025 13:55,"Complaint received on 03-Oct-2025 13:55 from 0, 0, 3. Fraud type: 3, Bank: 1."
329,BoB ATM - Railway Station,"Ratnagiri, Maharashtra",17.102281,73.462587,0.8439997767425877,0.6682220212868161,Low,3,20438.35,1896,03-Oct-2025 13:55,"Complaint received on 03-Oct-2025 13:55 from 0, 0, 3. Fraud type: 3, Bank: 1."
751,SBI ATM - Bus Stand,"Ahmednagar, Maharashtra",19.24477,74.810782,0.8428480024104015,0.6679265675566489,Low,5,65726.972,1897,03-Oct-2025 13:55,"Complaint received on 03-Oct-2025 13:55 from 0, 0, 3. Fraud type: 3, Bank: 1."
1995,HDFC ATM - Chowk,"Bhandara, Maharashtra",21.168885,79.686838,0.8418268448699342,0.6676646197114955,Low,10,26697.681,1898,03-Oct-2025 13:55,"Complaint received on 03-Oct-2025 13:55 from 0, 0, 3. Fraud type: 3, Bank: 1."
1988,HDFC ATM - Bus Stand,"Bhandara, Maharashtra",21.216605,79.638621,0.8418268448699342,0.6676646197114955,Low,9,26714.31777777778,1899,03-Oct-2025 13:55,"Complaint received on 03-Oct-2025 13:55 from 0, 0, 3. Fraud type: 3, Bank: 1."
1979,PNB ATM - Railway Station,"Bhandara, Maharashtra",21.156702,79.603411,0.841800259206952,0.6676577999438748,Low,7,25322.627142857145,1900,03-Oct-2025 13:55,"Complaint received on 03-Oct-2025 13:55 from 0, 0, 3. Fraud type: 3, Bank: 1."
938,PNB ATM - Bus Stand,"Jalgaon, Maharashtra",20.772766,75.585595,0.8412189357565993,0.6675086785604226,Low,8,21351.42,1901,03-Oct-2025 13:55,"Complaint received on 03-Oct-2025 13:55 from 0, 0, 3. Fraud type: 3, Bank: 1."
25,SBI ATM - Railway Station,"Mumbai City, Maharashtra",18.970906,72.811066,0.8409422644133062,0.6674377066884838,Low,3,70235.08,1902,03-Oct-2025 13:55,"Complaint received on 03-Oct-2025 13:55 from 0, 0, 3. Fraud type: 3, Bank: 1."
1596,SBI ATM - Signal,"Washim, Maharashtra",20.089264,77.23263,0.8405117035962637,0.6673272590114485,Low,3,42267.06333333333,1903,03-Oct-2025 13:55,"Complaint received on 03-Oct-2025 13:55 from 0, 0, 3. Fraud type: 3, Bank: 1."
1805,Axis ATM - Market,"Wardha, Maharashtra",20.614891,78.459332,0.8394869044027753,0.667064377007633,Low,4,14727.2775,1904,03-Oct-2025 13:55,"Complaint received on 03-Oct-2025 13:55 from 0, 0, 3. Fraud type: 3, Bank: 1."
1389,SBI ATM - Railway Station,"Parbhani, Maharashtra",19.29038,76.878441,0.8368807262511528,0.6663958388792349,Low,2,84755.455,1905,03-Oct-2025 13:55,"Complaint received on 03-Oct-2025 13:55 from 0, 0, 3. Fraud type: 3, Bank: 1."
1998,PNB ATM - Bus Stand,"Bhandara, Maharashtra",21.134315,79.620434,0.8348998200981042,0.6658876958379517,Low,7,64089.764285714286,1906,03-Oct-2025 13:55,"Complaint received on 03-Oct-2025 13:55 from 0, 0, 3. Fraud type: 3, Bank: 1."
1972,SBI ATM - Bus Stand,"Bhandara, Maharashtra",21.162752,79.785334,0.8346341640129675,0.6658195496055676,Low,7,25096.39,1907,03-Oct-2025 13:55,"Complaint received on 03-Oct-2025 13:55 from 0, 0, 3. Fraud type: 3, Bank: 1."
1824,HDFC ATM - Signal,"Wardha, Maharashtra",20.623835,78.562763,0.8345195098901907,0.6657901384724083,Low,6,38962.4,1908,03-Oct-2025 13:55,"Complaint received on 03-Oct-2025 13:55 from 0, 0, 3. Fraud type: 3, Bank: 1."
1842,HDFC ATM - Market,"Wardha, Maharashtra",20.77865,78.598669,0.8345195098901907,0.6657901384724083,Low,6,39054.575,1909,03-Oct-2025 13:55,"Complaint received on 03-Oct-2025 13:55 from 0, 0, 3. Fraud type: 3, Bank: 1."
1795,BoB ATM - Chowk,"Wardha, Maharashtra",20.835181,78.585353,0.8345195098901907,0.6657901384724083,Low,7,38952.962857142855,1910,03-Oct-2025 13:55,"Complaint received on 03-Oct-2025 13:55 from 0, 0, 3. Fraud type: 3, Bank: 1."
189,PNB ATM - Chowk,"Palghar, Maharashtra",19.686521,72.733484,0.8329846044749722,0.6653964037643956,Low,4,67654.17,1911,03-Oct-2025 13:55,"Complaint received on 03-Oct-2025 13:55 from 0, 0, 3. Fraud type: 3, Bank: 1."
880,ICICI ATM - Bus Stand,"Nandurbar, Maharashtra",21.756012,74.095026,0.8325313956857734,0.6652801464181677,Low,4,22121.83,1912,03-Oct-2025 13:55,"Complaint received on 03-Oct-2025 13:55 from 0, 0, 3. Fraud type: 3, Bank: 1."
899,SBI ATM - Market,"Nandurbar, Maharashtra",21.855219,73.910176,0.8303750334954709,0.6647269953060859,Low,5,23776.248,1913,03-Oct-2025 13:55,"Complaint received on 03-Oct-2025 13:55 from 0, 0, 3. Fraud type: 3, Bank: 1."
1728,PNB ATM - Market,"Yavatmal, Maharashtra",20.518206,78.202495,0.8295611881881317,0.6645182272990964,Low,4,21295.59,1914,03-Oct-2025 13:55,"Complaint received on 03-Oct-2025 13:55 from 0, 0, 3. Fraud type: 3, Bank: 1."
173,SBI ATM - Main Road,"Palghar, Maharashtra",19.687156,72.635771,0.8293613490177663,0.6644669644547456,Low,6,51087.03,1915,03-Oct-2025 13:55,"Complaint received on 03-Oct-2025 13:55 from 0, 0, 3. Fraud type: 3, Bank: 1."
1373,PNB ATM - Chowk,"Parbhani, Maharashtra",19.255966,76.834569,0.8262435629371074,0.6636671884034379,Low,6,54403.92833333334,1916,03-Oct-2025 13:55,"Complaint received on 03-Oct-2025 13:55 from 0, 0, 3. Fraud type: 3, Bank: 1."
639,ICICI ATM - Bus Stand,"Solapur, Maharashtra",17.509383,76.10016,0.8244640237056378,0.6632107001060139,Low,7,21201.504285714287,1917,03-Oct-2025 13:55,"Complaint received on 03-Oct-2025 13:55 from 0, 0, 3. Fraud type: 3, Bank: 1."
1769,Axis ATM - Bus Stand,"Nagpur, Maharashtra",21.212371,78.977936,0.8198254385855757,0.6620208079213025,Low,2,26378.69,1918,03-Oct-2025 13:55,"Complaint received on 03-Oct-2025 13:55 from 0, 0, 3. Fraud type: 3, Bank: 1."
1348,BoB ATM - Bus Stand,"Parbhani, Maharashtra",19.374174,76.736019,0.815305155528403,0.6608612626411802,Low,10,20645.6,1919,03-Oct-2025 13:55,"Complaint received on 03-Oct-2025 13:55 from 0, 0, 3. Fraud type: 3, Bank: 1."
1938,PNB ATM - Railway Station,"Gondia, Maharashtra",21.391407,80.275999,0.8145652980630853,0.660671474032586,Low,6,40043.761666666665,1920,03-Oct-2025 13:55,"Complaint received on 03-Oct-2025 13:55 from 0, 0, 3. Fraud type: 3, Bank: 1."
2079,Axis ATM - Chowk,"Gadchiroli, Maharashtra",19.988062,80.284253,0.8143984721194335,0.6606286797577327,Low,6,22526.135,1921,03-Oct-2025 13:55,"Complaint received on 03-Oct-2025 13:55 from 0, 0, 3. Fraud type: 3, Bank: 1."
1985,SBI ATM - Signal,"Bhandara, Maharashtra",21.092021,79.6601,0.8137562496378425,0.660463936524201,Low,5,39363.754,1922,03-Oct-2025 13:55,"Complaint received on 03-Oct-2025 13:55 from 0, 0, 3. Fraud type: 3, Bank: 1."
1915,PNB ATM - Bus Stand,"Gondia, Maharashtra",21.396487,80.213577,0.8123550186382631,0.6601044920444255,Low,8,68648.29375,1923,03-Oct-2025 13:55,"Complaint received on 03-Oct-2025 13:55 from 0, 0, 3. Fraud type: 3, Bank: 1."
1810,HDFC ATM - Railway Station,"Wardha, Maharashtra",20.669689,78.639493,0.8089252023785485,0.6592246738548703,Low,5,37452.928,1924,03-Oct-2025 13:55,"Complaint received on 03-Oct-2025 13:55 from 0, 0, 3. Fraud type: 3, Bank: 1."
1823,BoB ATM - Railway Station,"Wardha, Maharashtra",20.890341,78.546213,0.8089252023785485,0.6592246738548703,Low,8,37697.7475,1925,03-Oct-2025 13:55,"Complaint received on 03-Oct-2025 13:55 from 0, 0, 3. Fraud type: 3, Bank: 1."
215,SBI ATM - Chowk,"Palghar, Maharashtra",19.782817,72.711854,0.8084392594552829,0.659100019532131,Low,8,45104.03375,1926,03-Oct-2025 13:55,"Complaint received on 03-Oct-2025 13:55 from 0, 0, 3. Fraud type: 3, Bank: 1."
2072,ICICI ATM - Market,"Gadchiroli, Maharashtra",19.884397,80.247835,0.8078273963593374,0.658943064103453,Low,7,22899.60714285714,1927,03-Oct-2025 13:55,"Complaint received on 03-Oct-2025 13:55 from 0, 0, 3. Fraud type: 3, Bank: 1."
356,HDFC ATM - Main Road,"Sindhudurg, Maharashtra",16.110071,73.735102,0.8069531191809456,0.6587187940825493,Low,7,24054.324285714287,1928,03-Oct-2025 13:55,"Complaint received on 03-Oct-2025 13:55 from 0, 0, 3. Fraud type: 3, Bank: 1."
420,SBI ATM - Bus Stand,"Pune, Maharashtra",18.369815,74.023252,0.8058290692013699,0.6584304522172383,Low,7,38538.20428571429,1929,03-Oct-2025 13:55,"Complaint received on 03-Oct-2025 13:55 from 0, 0, 3. Fraud type: 3, Bank: 1."
1796,Axis ATM - Bus Stand,"Wardha, Maharashtra",20.818597,78.697296,0.8047604028595989,0.6581563173905133,Low,9,42955.457777777774,1930,03-Oct-2025 13:55,"Complaint received on 03-Oct-2025 13:55 from 0, 0, 3. Fraud type: 3, Bank: 1."
1341,SBI ATM - Railway Station,"Parbhani, Maharashtra",19.253711,76.984493,0.8017627897754029,0.6573873681766147,Low,6,62598.176666666666,1931,03-Oct-2025 13:55,"Complaint received on 03-Oct-2025 13:55 from 0, 0, 3. Fraud type: 3, Bank: 1."
156,BoB ATM - Main Road,"Thane, Maharashtra",19.400322,72.821462,0.8013478580304711,0.6572809296770067,Low,4,88898.6825,1932,03-Oct-2025 13:55,"Complaint received on 03-Oct-2025 13:55 from 0, 0, 3. Fraud type: 3, Bank: 1."
1553,BoB ATM - Signal,"Akola, Maharashtra",20.625085,76.914539,0.7966487611813649,0.656075514993169,Low,2,21926.925000000003,1933,03-Oct-2025 13:55,"Complaint received on 03-Oct-2025 13:55 from 0, 0, 3. Fraud type: 3, Bank: 1."
255,HDFC ATM - Chowk,"Raigad, Maharashtra",18.464877,73.088019,0.7900273704473093,0.6543769925164986,Low,5,66917.862,1934,03-Oct-2025 13:55,"Complaint received on 03-Oct-2025 13:55 from 0, 0, 3. Fraud type: 3, Bank: 1."
1993,SBI ATM - Bus Stand,"Bhandara, Maharashtra",20.984864,79.630724,0.7884451095801328,0.6539711101641656,Low,6,43579.20166666667,1935,03-Oct-2025 13:55,"Complaint received on 03-Oct-2025 13:55 from 0, 0, 3. Fraud type: 3, Bank: 1."
1579,HDFC ATM - Chowk,"Washim, Maharashtra",19.851714,77.245175,0.7854506540799089,0.6532029709352933,Low,6,22124.025,1936,03-Oct-2025 13:55,"Complaint received on 03-Oct-2025 13:55 from 0, 0, 3. Fraud type: 3, Bank: 1."
330,PNB ATM - Chowk,"Ratnagiri, Maharashtra",16.98607,73.244789,0.782553628572126,0.6524598244970159,Low,7,35286.29142857143,1937,03-Oct-2025 13:55,"Complaint received on 03-Oct-2025 13:55 from 0, 0, 3. Fraud type: 3, Bank: 1."
1828,HDFC ATM - Main Road,"Wardha, Maharashtra",20.778601,78.620167,0.7743238063980815,0.6503487063795306,Low,6,43053.71833333333,1938,03-Oct-2025 13:55,"Complaint received on 03-Oct-2025 13:55 from 0, 0, 3. Fraud type: 3, Bank: 1."
192,SBI ATM - Signal,"Palghar, Maharashtra",19.633562,72.616255,0.7721475272734613,0.6497904461654544,Low,3,64923.29666666667,1939,03-Oct-2025 13:55,"Complaint received on 03-Oct-2025 13:55 from 0, 0, 3. Fraud type: 3, Bank: 1."
281,PNB ATM - Railway Station,"Raigad, Maharashtra",18.52221,73.391172,0.7711139929962278,0.6495253234335695,Low,2,57155.27,1940,03-Oct-2025 13:55,"Complaint received on 03-Oct-2025 13:55 from 0, 0, 3. Fraud type: 3, Bank: 1."
248,PNB ATM - Signal,"Raigad, Maharashtra",18.327226,73.214416,0.7711139929962278,0.6495253234335695,Low,4,57573.5025,1941,03-Oct-2025 13:55,"Complaint received on 03-Oct-2025 13:55 from 0, 0, 3. Fraud type: 3, Bank: 1."
1087,ICICI ATM - Signal,"Jalna, Maharashtra",19.747844,75.974875,0.7710372923530755,0.6495056481460654,Low,7,21297.924285714285,1942,03-Oct-2025 13:55,"Complaint received on 03-Oct-2025 13:55 from 0, 0, 3. Fraud type: 3, Bank: 1."
1077,ICICI ATM - Railway Station,"Jalna, Maharashtra",19.593588,75.987112,0.7710372923530755,0.6495056481460654,Low,10,21470.512,1943,03-Oct-2025 13:55,"Complaint received on 03-Oct-2025 13:55 from 0, 0, 3. Fraud type: 3, Bank: 1."
1971,PNB ATM - Market,"Bhandara, Maharashtra",21.081776,79.848745,0.7692781125237262,0.6490543824526989,Low,6,56322.57166666666,1944,03-Oct-2025 13:55,"Complaint received on 03-Oct-2025 13:55 from 0, 0, 3. Fraud type: 3, Bank: 1."
1939,Axis ATM - Market,"Gondia, Maharashtra",21.307292,80.326478,0.762354890394088,0.64727843403484,Low,4,35187.065,1945,03-Oct-2025 13:55,"Complaint received on 03-Oct-2025 13:55 from 0, 0, 3. Fraud type: 3, Bank: 1."
1618,Axis ATM - Bus Stand,"Washim, Maharashtra",20.066624,77.189974,0.7599344115348752,0.6466575315821976,Low,2,20814.45,1946,03-Oct-2025 13:55,"Complaint received on 03-Oct-2025 13:55 from 0, 0, 3. Fraud type: 3, Bank: 1."
1560,HDFC ATM - Chowk,"Akola, Maharashtra",20.571476,76.789781,0.757873778834474,0.6461289370469451,Low,7,21897.58714285714,1947,03-Oct-2025 13:55,"Complaint received on 03-Oct-2025 13:55 from 0, 0, 3. Fraud type: 3, Bank: 1."
1337,BoB ATM - Bus Stand,"Parbhani, Maharashtra",19.205266,76.801771,0.7496711294421776,0.6440247893050812,Low,4,21141.355,1948,03-Oct-2025 13:55,"Complaint received on 03-Oct-2025 13:55 from 0, 0, 3. Fraud type: 3, Bank: 1."
381,SBI ATM - Bus Stand,"Sindhudurg, Maharashtra",16.036656,73.62255,0.7495842642198265,0.644002506594616,Low,4,30038.4625,1949,03-Oct-2025 13:55,"Complaint received on 03-Oct-2025 13:55 from 0, 0, 3. Fraud type: 3, Bank: 1."
2009,Axis ATM - Bus Stand,"Bhandara, Maharashtra",21.31817,79.526165,0.7419699434496958,0.642049277206396,Low,3,26255.09,1950,03-Oct-2025 13:55,"Complaint received on 03-Oct-2025 13:55 from 0, 0, 3. Fraud type: 3, Bank: 1."
791,SBI ATM - Railway Station,"Nashik, Maharashtra",20.010215,73.948112,0.7394903053236563,0.6414131991889148,Low,2,49664.875,1951,03-Oct-2025 13:55,"Complaint received on 03-Oct-2025 13:55 from 0, 0, 3. Fraud type: 3, Bank: 1."
2075,SBI ATM - Main Road,"Gadchiroli, Maharashtra",19.951825,80.203676,0.738450235430836,0.6411463999376371,Low,3,47757.32666666667,1952,03-Oct-2025 13:55,"Complaint received on 03-Oct-2025 13:55 from 0, 0, 3. Fraud type: 3, Bank: 1."
871,BoB ATM - Railway Station,"Nandurbar, Maharashtra",21.734664,74.001538,0.7378567327190204,0.6409941543239175,Low,6,21428.451666666664,1953,03-Oct-2025 13:55,"Complaint received on 03-Oct-2025 13:55 from 0, 0, 3. Fraud type: 3, Bank: 1."
1827,Axis ATM - Railway Station,"Wardha, Maharashtra",20.63722,78.61172,0.736665163289814,0.6406884923354759,Low,7,51421.29714285714,1954,03-Oct-2025 13:55,"Complaint received on 03-Oct-2025 13:55 from 0, 0, 3. Fraud type: 3, Bank: 1."
391,BoB ATM - Main Road,"Sindhudurg, Maharashtra",15.892895,73.806437,0.7346954618892205,0.64018322354292,Low,8,29548.24,1955,03-Oct-2025 13:55,"Complaint received on 03-Oct-2025 13:55 from 0, 0, 3. Fraud type: 3, Bank: 1."
1788,Axis ATM - Bus Stand,"Nagpur, Maharashtra",21.263535,79.184678,0.7340852620631759,0.6400266947770723,Low,2,25204.0,1956,03-Oct-2025 13:55,"Complaint received on 03-Oct-2025 13:55 from 0, 0, 3. Fraud type: 3, Bank: 1."
2008,SBI ATM - Main Road,"Bhandara, Maharashtra",21.306747,79.603517,0.7321077901010073,0.6395194326761584,Low,12,21948.08583333333,1957,03-Oct-2025 13:55,"Complaint received on 03-Oct-2025 13:55 from 0, 0, 3. Fraud type: 3, Bank: 1."
383,SBI ATM - Chowk,"Sindhudurg, Maharashtra",15.880273,73.806378,0.7303880749997715,0.6390782904946686,Low,12,18033.764166666668,1958,03-Oct-2025 13:55,"Complaint received on 03-Oct-2025 13:55 from 0, 0, 3. Fraud type: 3, Bank: 1."
374,SBI ATM - Railway Station,"Sindhudurg, Maharashtra",15.940923,73.694641,0.7303880749997715,0.6390782904946686,Low,5,18032.636,1959,03-Oct-2025 13:55,"Complaint received on 03-Oct-2025 13:55 from 0, 0, 3. Fraud type: 3, Bank: 1."
1269,HDFC ATM - Market,"Latur, Maharashtra",18.346835,76.512461,0.7294774318501971,0.6388446918565723,Low,4,20951.9475,1960,03-Oct-2025 13:55,"Complaint received on 03-Oct-2025 13:55 from 0, 0, 3. Fraud type: 3, Bank: 1."
389,Axis ATM - Signal,"Sindhudurg, Maharashtra",16.005838,73.708106,0.7245049700370796,0.6375691534548699,Low,3,10262.416666666666,1961,03-Oct-2025 13:55,"Complaint received on 03-Oct-2025 13:55 from 0, 0, 3. Fraud type: 3, Bank: 1."
73,PNB ATM - Chowk,"Mumbai Suburban, Maharashtra",19.131958,72.819583,0.7180492147939416,0.6359131198775195,Low,2,61914.94,1962,03-Oct-2025 13:55,"Complaint received on 03-Oct-2025 13:55 from 0, 0, 3. Fraud type: 3, Bank: 1."
1814,BoB ATM - Main Road,"Wardha, Maharashtra",20.773283,78.597327,0.717938976097714,0.6358848413917962,Low,4,46624.125,1963,03-Oct-2025 13:55,"Complaint received on 03-Oct-2025 13:55 from 0, 0, 3. Fraud type: 3, Bank: 1."
617,PNB ATM - Main Road,"Kolhapur, Maharashtra",16.97832,74.287198,0.7167276042838817,0.6355740996857048,Low,3,22393.04333333333,1964,03-Oct-2025 13:55,"Complaint received on 03-Oct-2025 13:55 from 0, 0, 3. Fraud type: 3, Bank: 1."
1839,Axis ATM - Main Road,"Wardha, Maharashtra",20.799625,78.728373,0.7134451525012802,0.6347320835058319,Low,5,49512.398,1965,03-Oct-2025 13:55,"Complaint received on 03-Oct-2025 13:55 from 0, 0, 3. Fraud type: 3, Bank: 1."
644,SBI ATM - Market,"Solapur, Maharashtra",17.554623,75.684037,0.7123661009375626,0.6344552846567572,Low,6,83676.16,1966,03-Oct-2025 13:55,"Complaint received on 03-Oct-2025 13:55 from 0, 0, 3. Fraud type: 3, Bank: 1."
847,BoB ATM - Railway Station,"Dhule, Maharashtra",21.004556,74.618482,0.7120219165062522,0.634366994293572,Low,4,20851.4075,1967,03-Oct-2025 13:55,"Complaint received on 03-Oct-2025 13:55 from 0, 0, 3. Fraud type: 3, Bank: 1."
295,ICICI ATM - Market,"Ratnagiri, Maharashtra",17.080839,73.19934,0.7113572868780282,0.634196503167532,Low,6,54131.833333333336,1968,03-Oct-2025 13:55,"Complaint received on 03-Oct-2025 13:55 from 0, 0, 3. Fraud type: 3, Bank: 1."
1869,SBI ATM - Signal,"Chandrapur, Maharashtra",19.706465,79.280545,0.7062155309055518,0.6328775373430434,Low,9,20469.60777777778,1969,03-Oct-2025 13:55,"Complaint received on 03-Oct-2025 13:55 from 0, 0, 3. Fraud type: 3, Bank: 1."
44,Axis ATM - Main Road,"Mumbai City, Maharashtra",18.884723,72.946855,0.7059185826852608,0.6328013640364332,Low,4,22199.995,1970,03-Oct-2025 13:55,"Complaint received on 03-Oct-2025 13:55 from 0, 0, 3. Fraud type: 3, Bank: 1."
109,PNB ATM - Main Road,"Mumbai Suburban, Maharashtra",19.249966,73.006456,0.7041543446994216,0.6323488008222232,Low,5,55445.53200000001,1971,03-Oct-2025 13:55,"Complaint received on 03-Oct-2025 13:55 from 0, 0, 3. Fraud type: 3, Bank: 1."
1825,SBI ATM - Market,"Wardha, Maharashtra",20.623585,78.552293,0.7033544334930926,0.6321436071978231,Low,4,57440.145,1972,03-Oct-2025 13:55,"Complaint received on 03-Oct-2025 13:55 from 0, 0, 3. Fraud type: 3, Bank: 1."
956,HDFC ATM - Bus Stand,"Jalgaon, Maharashtra",21.114375,75.62157,0.700952284249188,0.6315274066673058,Low,8,54874.26375,1973,03-Oct-2025 13:55,"Complaint received on 03-Oct-2025 13:55 from 0, 0, 3. Fraud type: 3, Bank: 1."
1838,HDFC ATM - Signal,"Wardha, Maharashtra",20.888518,78.645572,0.7002806231748702,0.6313551118311823,Low,3,50652.48,1974,03-Oct-2025 13:55,"Complaint received on 03-Oct-2025 13:55 from 0, 0, 3. Fraud type: 3, Bank: 1."
663,PNB ATM - Railway Station,"Solapur, Maharashtra",17.822284,76.006274,0.6991844518774275,0.631073921419414,Low,5,20349.596,1975,03-Oct-2025 13:55,"Complaint received on 03-Oct-2025 13:55 from 0, 0, 3. Fraud type: 3, Bank: 1."
397,SBI ATM - Signal,"Sindhudurg, Maharashtra",15.95654,73.854406,0.6985170040161202,0.6309027073588082,Low,7,32098.40857142857,1976,03-Oct-2025 13:55,"Complaint received on 03-Oct-2025 13:55 from 0, 0, 3. Fraud type: 3, Bank: 1."
1920,BoB ATM - Bus Stand,"Gondia, Maharashtra",21.710392,80.029158,0.6934034164887852,0.6295909673180148,Low,4,21165.2575,1977,03-Oct-2025 13:55,"Complaint received on 03-Oct-2025 13:55 from 0, 0, 3. Fraud type: 3, Bank: 1."
635,BoB ATM - Signal,"Solapur, Maharashtra",17.69435,75.803232,0.6927005756746563,0.629410674239375,Low,5,68272.51,1978,03-Oct-2025 13:55,"Complaint received on 03-Oct-2025 13:55 from 0, 0, 3. Fraud type: 3, Bank: 1."
722,SBI ATM - Main Road,"Ahmednagar, Maharashtra",19.080078,74.71539,0.692682911607656,0.6294061430440364,Low,7,21955.472857142857,1979,03-Oct-2025 13:55,"Complaint received on 03-Oct-2025 13:55 from 0, 0, 3. Fraud type: 3, Bank: 1."
465,SBI ATM - Chowk,"Satara, Maharashtra",17.60183,73.941934,0.6924999876427815,0.6293592192966939,Low,9,26819.12111111111,1980,03-Oct-2025 13:55,"Complaint received on 03-Oct-2025 13:55 from 0, 0, 3. Fraud type: 3, Bank: 1."
562,SBI ATM - Signal,"Sangli, Maharashtra",16.656845,74.558199,0.685391720276646,0.6275358029818303,Low,3,55852.06666666667,1981,03-Oct-2025 13:55,"Complaint received on 03-Oct-2025 13:55 from 0, 0, 3. Fraud type: 3, Bank: 1."
1388,SBI ATM - Chowk,"Parbhani, Maharashtra",19.009557,76.709846,0.6842405678679548,0.6272405087877906,Low,1,68651.65,1982,03-Oct-2025 13:55,"Complaint received on 03-Oct-2025 13:55 from 0, 0, 3. Fraud type: 3, Bank: 1."
393,Axis ATM - Signal,"Sindhudurg, Maharashtra",16.042589,73.52679,0.6812744542794174,0.6264796398403388,Low,2,20050.91,1983,03-Oct-2025 13:55,"Complaint received on 03-Oct-2025 13:55 from 0, 0, 3. Fraud type: 3, Bank: 1."
739,HDFC ATM - Market,"Ahmednagar, Maharashtra",19.111723,74.57438,0.6810685602975974,0.6264268238127129,Low,6,22448.476666666666,1984,03-Oct-2025 13:55,"Complaint received on 03-Oct-2025 13:55 from 0, 0, 3. Fraud type: 3, Bank: 1."
458,SBI ATM - Market,"Pune, Maharashtra",18.539974,73.909094,0.6773706369691102,0.6254782306632202,Low,5,33161.356,1985,03-Oct-2025 13:55,"Complaint received on 03-Oct-2025 13:55 from 0, 0, 3. Fraud type: 3, Bank: 1."
2052,SBI ATM - Market,"Gadchiroli, Maharashtra",19.985144,80.029005,0.6758460417813184,0.6250871407399252,Low,7,45943.22714285715,1986,03-Oct-2025 13:55,"Complaint received on 03-Oct-2025 13:55 from 0, 0, 3. Fraud type: 3, Bank: 1."
1949,SBI ATM - Bus Stand,"Gondia, Maharashtra",21.256094,80.235958,0.6745968423753861,0.6247666954809095,Low,6,33908.66166666667,1987,03-Oct-2025 13:55,"Complaint received on 03-Oct-2025 13:55 from 0, 0, 3. Fraud type: 3, Bank: 1."
1785,SBI ATM - Bus Stand,"Nagpur, Maharashtra",21.125152,79.134937,0.6728533784799011,0.6243194612467909,Low,4,43118.995,1988,03-Oct-2025 13:55,"Complaint received on 03-Oct-2025 13:55 from 0, 0, 3. Fraud type: 3, Bank: 1."
603,BoB ATM - Railway Station,"Kolhapur, Maharashtra",16.699271,74.340619,0.6715734013272652,0.6239911208647327,Low,6,21052.436666666665,1989,03-Oct-2025 13:55,"Complaint received on 03-Oct-2025 13:55 from 0, 0, 3. Fraud type: 3, Bank: 1."
772,Axis ATM - Signal,"Nashik, Maharashtra",20.030618,73.754552,0.6711347054867884,0.6238785863874002,Low,8,21799.395,1990,03-Oct-2025 13:55,"Complaint received on 03-Oct-2025 13:55 from 0, 0, 3. Fraud type: 3, Bank: 1."
321,BoB ATM - Signal,"Ratnagiri, Maharashtra",17.08878,73.318798,0.670508819715822,0.6237180338550828,Low,5,46779.95,1991,03-Oct-2025 13:55,"Complaint received on 03-Oct-2025 13:55 from 0, 0, 3. Fraud type: 3, Bank: 1."
214,SBI ATM - Main Road,"Palghar, Maharashtra",19.541572,72.979775,0.6687051762560443,0.6232553623289071,Low,3,56381.54,1992,03-Oct-2025 13:55,"Complaint received on 03-Oct-2025 13:55 from 0, 0, 3. Fraud type: 3, Bank: 1."
1797,BoB ATM - Bus Stand,"Wardha, Maharashtra",20.622956,78.756421,0.6668084244454602,0.6227688066018191,Low,4,63516.52,1993,03-Oct-2025 13:55,"Complaint received on 03-Oct-2025 13:55 from 0, 0, 3. Fraud type: 3, Bank: 1."
1684,SBI ATM - Railway Station,"Yavatmal, Maharashtra",20.536499,78.024787,0.6663188788606376,0.6226432281225279,Low,7,20969.31142857143,1994,03-Oct-2025 13:55,"Complaint received on 03-Oct-2025 13:55 from 0, 0, 3. Fraud type: 3, Bank: 1."
388,BoB ATM - Market,"Sindhudurg, Maharashtra",16.133821,73.501733,0.6653945443681124,0.6224061173742615,Low,5,28701.932,1995,03-Oct-2025 13:55,"Complaint received on 03-Oct-2025 13:55 from 0, 0, 3. Fraud type: 3, Bank: 1."
1102,Axis ATM - Chowk,"Beed, Maharashtra",19.040208,75.928192,0.6615269005174729,0.6214139874311849,Low,6,22069.325,1996,03-Oct-2025 13:55,"Complaint received on 03-Oct-2025 13:55 from 0, 0, 3. Fraud type: 3, Bank: 1."
1700,BoB ATM - Market,"Yavatmal, Maharashtra",20.431605,78.431387,0.6573524208777444,0.6203431478173839,Low,6,50605.215,1997,03-Oct-2025 13:55,"Complaint received on 03-Oct-2025 13:55 from 0, 0, 3. Fraud type: 3, Bank: 1."
224,SBI ATM - Main Road,"Palghar, Maharashtra",19.495594,72.753334,0.6565151464929498,0.6201283697716783,Low,7,62163.624285714286,1998,03-Oct-2025 13:55,"Complaint received on 03-Oct-2025 13:55 from 0, 0, 3. Fraud type: 3, Bank: 1."
283,BoB ATM - Signal,"Raigad, Maharashtra",18.702775,73.254669,0.6545495975399775,0.6196241661670717,Low,2,71138.365,1999,03-Oct-2025 13:55,"Complaint received on 03-Oct-2025 13:55 from 0, 0, 3. Fraud type: 3, Bank: 1."
301,HDFC ATM - Main Road,"Ratnagiri, Maharashtra",17.181182,73.248654,0.6539778883413401,0.6194775110362982,Low,8,63326.9925,2000,03-Oct-2025 13:55,"Complaint received on 03-Oct-2025 13:55 from 0, 0, 3. Fraud type: 3, Bank: 1."
1149,Axis ATM - Chowk,"Beed, Maharashtra",19.073217,75.712958,0.6534183592897755,0.6193339803629695,Low,4,22240.3225,2001,03-Oct-2025 13:55,"Complaint received on 03-Oct-2025 13:55 from 0, 0, 3. Fraud type: 3, Bank: 1."
296,ICICI ATM - Bus Stand,"Ratnagiri, Maharashtra",17.075315,73.363312,0.6490673774896318,0.6182178643263311,Low,6,61912.011666666665,2002,03-Oct-2025 13:55,"Complaint received on 03-Oct-2025 13:55 from 0, 0, 3. Fraud type: 3, Bank: 1."
345,PNB ATM - Signal,"Ratnagiri, Maharashtra",16.985484,73.442396,0.6447909810906907,0.6171208809742695,Low,2,98137.615,2003,03-Oct-2025 13:55,"Complaint received on 03-Oct-2025 13:55 from 0, 0, 3. Fraud type: 3, Bank: 1."
2012,HDFC ATM - Bus Stand,"Bhandara, Maharashtra",21.301676,79.462122,0.6437029995578762,0.6168417914050371,Low,4,20277.4225,2004,03-Oct-2025 13:55,"Complaint received on 03-Oct-2025 13:55 from 0, 0, 3. Fraud type: 3, Bank: 1."
790,BoB ATM - Signal,"Nashik, Maharashtra",19.802494,73.726514,0.642695940938685,0.6165834602222505,Low,5,21378.68,2005,03-Oct-2025 13:55,"Complaint received on 03-Oct-2025 13:55 from 0, 0, 3. Fraud type: 3, Bank: 1."
363,SBI ATM - Market,"Sindhudurg, Maharashtra",16.040724,73.797923,0.6407642328822203,0.6160879375014127,Low,9,47301.63999999999,2006,03-Oct-2025 13:55,"Complaint received on 03-Oct-2025 13:55 from 0, 0, 3. Fraud type: 3, Bank: 1."
1739,PNB ATM - Signal,"Nagpur, Maharashtra",21.251975,79.053274,0.6380448112133914,0.6153903500891046,Low,11,44981.696363636365,2007,03-Oct-2025 13:55,"Complaint received on 03-Oct-2025 13:55 from 0, 0, 3. Fraud type: 3, Bank: 1."
375,Axis ATM - Railway Station,"Sindhudurg, Maharashtra",16.31721,73.668473,0.6361115798815176,0.6148944366168936,Low,3,3806.23,2008,03-Oct-2025 13:55,"Complaint received on 03-Oct-2025 13:55 from 0, 0, 3. Fraud type: 3, Bank: 1."
1847,ICICI ATM - Main Road,"Wardha, Maharashtra",20.665356,78.669929,0.6328380772474663,0.6140547160771015,Low,2,4069.51,2009,03-Oct-2025 13:55,"Complaint received on 03-Oct-2025 13:55 from 0, 0, 3. Fraud type: 3, Bank: 1."
1743,PNB ATM - Bus Stand,"Nagpur, Maharashtra",21.367732,78.966253,0.6322330962441502,0.6138995260462813,Low,6,57962.57166666666,2010,03-Oct-2025 13:55,"Complaint received on 03-Oct-2025 13:55 from 0, 0, 3. Fraud type: 3, Bank: 1."
2014,PNB ATM - Main Road,"Bhandara, Maharashtra",21.27315,79.659576,0.6283065526469431,0.6128922871106329,Low,6,56052.86000000001,2011,03-Oct-2025 13:55,"Complaint received on 03-Oct-2025 13:55 from 0, 0, 3. Fraud type: 3, Bank: 1."
1826,PNB ATM - Railway Station,"Wardha, Maharashtra",20.620582,78.57822,0.6273462394514211,0.6126459470874036,Low,8,35484.62125,2012,03-Oct-2025 13:55,"Complaint received on 03-Oct-2025 13:55 from 0, 0, 3. Fraud type: 3, Bank: 1."
1922,SBI ATM - Market,"Gondia, Maharashtra",21.368563,80.161811,0.6225408731692137,0.6114132721152133,Low,4,40033.7625,2013,03-Oct-2025 13:55,"Complaint received on 03-Oct-2025 13:55 from 0, 0, 3. Fraud type: 3, Bank: 1."
1987,PNB ATM - Railway Station,"Bhandara, Maharashtra",21.180333,79.560369,0.6072616772232675,0.6074938450972365,Low,8,46603.61125,2014,03-Oct-2025 13:55,"Complaint received on 03-Oct-2025 13:55 from 0, 0, 3. Fraud type: 3, Bank: 1."
1853,HDFC ATM - Market,"Chandrapur, Maharashtra",20.10402,79.32237,0.6063502261296758,0.6072600392049352,Low,8,20428.625,2015,03-Oct-2025 13:55,"Complaint received on 03-Oct-2025 13:55 from 0, 0, 3. Fraud type: 3, Bank: 1."
364,PNB ATM - Main Road,"Sindhudurg, Maharashtra",15.922744,73.650298,0.6010090503041211,0.605889918099577,Low,5,30975.684,2016,03-Oct-2025 13:55,"Complaint received on 03-Oct-2025 13:55 from 0, 0, 3. Fraud type: 3, Bank: 1."
1737,PNB ATM - Main Road,"Nagpur, Maharashtra",21.211573,79.003886,0.5994380779525859,0.6054869314829459,Low,6,49700.635,2017,03-Oct-2025 13:55,"Complaint received on 03-Oct-2025 13:55 from 0, 0, 3. Fraud type: 3, Bank: 1."
401,PNB ATM - Chowk,"Sindhudurg, Maharashtra",16.032412,73.589354,0.5994188993018644,0.6054820117658304,Low,2,34700.845,2018,03-Oct-2025 13:55,"Complaint received on 03-Oct-2025 13:55 from 0, 0, 3. Fraud type: 3, Bank: 1."
2004,HDFC ATM - Signal,"Bhandara, Maharashtra",21.32734,79.623082,0.5994179683598868,0.6054817729601267,Low,4,47359.775,2019,03-Oct-2025 13:55,"Complaint received on 03-Oct-2025 13:55 from 0, 0, 3. Fraud type: 3, Bank: 1."
1925,BoB ATM - Main Road,"Gondia, Maharashtra",21.472719,80.235669,0.5958339377160252,0.6045623956192964,Low,7,21417.49857142857,2020,03-Oct-2025 13:55,"Complaint received on 03-Oct-2025 13:55 from 0, 0, 3. Fraud type: 3, Bank: 1."
1048,HDFC ATM - Bus Stand,"Jalna, Maharashtra",19.637081,75.902169,0.594099531881828,0.6041174849636088,Low,9,21659.347777777777,2021,03-Oct-2025 13:55,"Complaint received on 03-Oct-2025 13:55 from 0, 0, 3. Fraud type: 3, Bank: 1."
1850,Axis ATM - Bus Stand,"Wardha, Maharashtra",20.620736,78.650423,0.587383846289003,0.6023947739224078,Low,1,3366.16,2022,03-Oct-2025 13:55,"Complaint received on 03-Oct-2025 13:55 from 0, 0, 3. Fraud type: 3, Bank: 1."
796,SBI ATM - Signal,"Nashik, Maharashtra",20.00472,73.984961,0.5845994908844209,0.6016805296755916,Low,3,21554.08,2023,03-Oct-2025 13:55,"Complaint received on 03-Oct-2025 13:55 from 0, 0, 3. Fraud type: 3, Bank: 1."
367,BoB ATM - Railway Station,"Sindhudurg, Maharashtra",16.013398,73.683571,0.581350699349548,0.6008471480393719,Low,7,26734.0,2024,03-Oct-2025 13:55,"Complaint received on 03-Oct-2025 13:55 from 0, 0, 3. Fraud type: 3, Bank: 1."
353,HDFC ATM - Market,"Sindhudurg, Maharashtra",16.005253,73.76178,0.5758700701674638,0.5994412542889568,Low,4,29450.2975,2025,03-Oct-2025 13:55,"Complaint received on 03-Oct-2025 13:55 from 0, 0, 3. Fraud type: 3, Bank: 1."
376,Axis ATM - Bus Stand,"Sindhudurg, Maharashtra",16.072119,73.592911,0.5737460763234804,0.5988964063213296,Low,8,19640.7075,2026,03-Oct-2025 13:55,"Complaint received on 03-Oct-2025 13:55 from 0, 0, 3. Fraud type: 3, Bank: 1."
1887,ICICI ATM - Bus Stand,"Chandrapur, Maharashtra",19.896281,79.214825,0.5735628255663388,0.5988493987450706,Low,6,20443.283333333336,2027,03-Oct-2025 13:55,"Complaint received on 03-Oct-2025 13:55 from 0, 0, 3. Fraud type: 3, Bank: 1."
1855,SBI ATM - Chowk,"Chandrapur, Maharashtra",20.170288,79.186893,0.5700610147424428,0.5979511124737525,Low,6,20612.525,2028,03-Oct-2025 13:55,"Complaint received on 03-Oct-2025 13:55 from 0, 0, 3. Fraud type: 3, Bank: 1."
553,Axis ATM - Main Road,"Sangli, Maharashtra",16.898563,74.62063,0.5634796826532101,0.5962628658607715,Low,7,21017.367142857143,2029,03-Oct-2025 13:55,"Complaint received on 03-Oct-2025 13:55 from 0, 0, 3. Fraud type: 3, Bank: 1."
282,PNB ATM - Signal,"Raigad, Maharashtra",18.466685,73.235276,0.5609937461513932,0.5956251721807726,Low,7,65260.11714285713,2030,03-Oct-2025 13:55,"Complaint received on 03-Oct-2025 13:55 from 0, 0, 3. Fraud type: 3, Bank: 1."
478,PNB ATM - Chowk,"Satara, Maharashtra",17.888316,74.023749,0.5518593500133367,0.5932820122957198,Low,8,20974.00375,2031,03-Oct-2025 13:55,"Complaint received on 03-Oct-2025 13:55 from 0, 0, 3. Fraud type: 3, Bank: 1."
471,PNB ATM - Bus Stand,"Satara, Maharashtra",17.676934,74.140727,0.5504645678541652,0.5929242220757246,Low,5,22209.24,2032,03-Oct-2025 13:55,"Complaint received on 03-Oct-2025 13:55 from 0, 0, 3. Fraud type: 3, Bank: 1."
1984,SBI ATM - Railway Station,"Bhandara, Maharashtra",21.140833,79.650275,0.547538297503948,0.5921735737357778,Low,8,44996.54375,2033,03-Oct-2025 13:55,"Complaint received on 03-Oct-2025 13:55 from 0, 0, 3. Fraud type: 3, Bank: 1."
241,SBI ATM - Market,"Raigad, Maharashtra",18.352172,73.257556,0.535485235722611,0.5890817162740211,Low,7,64718.36714285715,2034,03-Oct-2025 13:55,"Complaint received on 03-Oct-2025 13:55 from 0, 0, 3. Fraud type: 3, Bank: 1."
384,PNB ATM - Main Road,"Sindhudurg, Maharashtra",15.848666,73.569762,0.5227796977182775,0.5858224852838373,Low,7,59244.875714285714,2035,03-Oct-2025 13:55,"Complaint received on 03-Oct-2025 13:55 from 0, 0, 3. Fraud type: 3, Bank: 1."
273,SBI ATM - Market,"Raigad, Maharashtra",18.583577,73.362988,0.5158912748621456,0.5840554635930961,Low,3,62316.01333333333,2036,03-Oct-2025 13:55,"Complaint received on 03-Oct-2025 13:55 from 0, 0, 3. Fraud type: 3, Bank: 1."
370,PNB ATM - Main Road,"Sindhudurg, Maharashtra",15.959578,73.646186,0.5152083303189963,0.5838802743158809,Low,4,51826.1425,2037,03-Oct-2025 13:55,"Complaint received on 03-Oct-2025 13:55 from 0, 0, 3. Fraud type: 3, Bank: 1."
1811,SBI ATM - Market,"Wardha, Maharashtra",20.777963,78.49377,0.5100883986925066,0.582566906883586,Low,4,43303.6475,2038,03-Oct-2025 13:55,"Complaint received on 03-Oct-2025 13:55 from 0, 0, 3. Fraud type: 3, Bank: 1."
655,ICICI ATM - Signal,"Solapur, Maharashtra",17.839383,75.986748,0.5051312947189729,0.5812953080826069,Low,9,21348.566666666666,2039,03-Oct-2025 13:55,"Complaint received on 03-Oct-2025 13:55 from 0, 0, 3. Fraud type: 3, Bank: 1."
377,SBI ATM - Market,"Sindhudurg, Maharashtra",16.085889,73.796707,0.5039153130386248,0.5809833838512415,Low,5,25651.528,2040,03-Oct-2025 13:55,"Complaint received on 03-Oct-2025 13:55 from 0, 0, 3. Fraud type: 3, Bank: 1."
160,SBI ATM - Bus Stand,"Thane, Maharashtra",19.421855,73.018598,0.49653896569721934,0.5790911995264795,Low,6,21375.983333333334,2041,03-Oct-2025 13:55,"Complaint received on 03-Oct-2025 13:55 from 0, 0, 3. Fraud type: 3, Bank: 1."
615,HDFC ATM - Bus Stand,"Kolhapur, Maharashtra",16.830307,74.296964,0.49455442608820277,0.5785821244292465,Low,3,21720.963333333333,2042,03-Oct-2025 13:55,"Complaint received on 03-Oct-2025 13:55 from 0, 0, 3. Fraud type: 3, Bank: 1."
457,ICICI ATM - Market,"Pune, Maharashtra",18.599025,74.091225,0.4909292106796327,0.5776521823518883,Low,7,21432.25857142857,2043,03-Oct-2025 13:55,"Complaint received on 03-Oct-2025 13:55 from 0, 0, 3. Fraud type: 3, Bank: 1."
496,BoB ATM - Main Road,"Satara, Maharashtra",17.641558,74.0509,0.4867887001715364,0.5765900565167945,Low,7,20722.79714285714,2044,03-Oct-2025 13:55,"Complaint received on 03-Oct-2025 13:55 from 0, 0, 3. Fraud type: 3, Bank: 1."
455,Axis ATM - Signal,"Pune, Maharashtra",18.523449,74.003414,0.48446810932061213,0.5759947773862067,Low,6,22135.95333333333,2045,03-Oct-2025 13:55,"Complaint received on 03-Oct-2025 13:55 from 0, 0, 3. Fraud type: 3, Bank: 1."
302,Axis ATM - Market,"Ratnagiri, Maharashtra",16.821099,73.216662,0.47891242220896346,0.5745696297380022,Low,5,21885.466,2046,03-Oct-2025 13:55,"Complaint received on 03-Oct-2025 13:55 from 0, 0, 3. Fraud type: 3, Bank: 1."
574,ICICI ATM - Railway Station,"Sangli, Maharashtra",17.14841,74.563086,0.4758661380894603,0.5737881954056817,Low,5,21782.378,2047,03-Oct-2025 13:55,"Complaint received on 03-Oct-2025 13:55 from 0, 0, 3. Fraud type: 3, Bank: 1."
560,SBI ATM - Market,"Sangli, Maharashtra",16.769524,74.536319,0.4738668632792208,0.5732753404272303,Low,8,20841.28375,2048,03-Oct-2025 13:55,"Complaint received on 03-Oct-2025 13:55 from 0, 0, 3. Fraud type: 3, Bank: 1."
568,HDFC ATM - Signal,"Sangli, Maharashtra",16.947316,74.576234,0.47364602664214284,0.5732186913021726,Low,6,22029.726666666666,2049,03-Oct-2025 13:55,"Complaint received on 03-Oct-2025 13:55 from 0, 0, 3. Fraud type: 3, Bank: 1."
1934,SBI ATM - Bus Stand,"Gondia, Maharashtra",21.227779,80.294031,0.47119941434964463,0.5725910850880985,Low,7,51538.64571428572,2050,03-Oct-2025 13:55,"Complaint received on 03-Oct-2025 13:55 from 0, 0, 3. Fraud type: 3, Bank: 1."
149,PNB ATM - Main Road,"Thane, Maharashtra",19.247309,73.147043,0.4634751330140626,0.5706096485604016,Low,6,33678.39666666667,2051,03-Oct-2025 13:55,"Complaint received on 03-Oct-2025 13:55 from 0, 0, 3. Fraud type: 3, Bank: 1."
336,Axis ATM - Market,"Ratnagiri, Maharashtra",16.835205,73.154591,0.4627533302094079,0.5704244913424287,Low,6,21289.48,2052,03-Oct-2025 13:55,"Complaint received on 03-Oct-2025 13:55 from 0, 0, 3. Fraud type: 3, Bank: 1."
1758,BoB ATM - Signal,"Nagpur, Maharashtra",21.039881,79.171684,0.4624784446815683,0.570353977568767,Low,8,58284.5725,2053,03-Oct-2025 13:55,"Complaint received on 03-Oct-2025 13:55 from 0, 0, 3. Fraud type: 3, Bank: 1."
309,Axis ATM - Chowk,"Ratnagiri, Maharashtra",16.996687,73.441303,0.460890251971929,0.5699465735772261,Low,7,21831.29571428572,2054,03-Oct-2025 13:55,"Complaint received on 03-Oct-2025 13:55 from 0, 0, 3. Fraud type: 3, Bank: 1."
1771,SBI ATM - Railway Station,"Nagpur, Maharashtra",20.978051,79.030174,0.45119321240681554,0.567459084117679,Low,8,21445.44625,2055,03-Oct-2025 13:55,"Complaint received on 03-Oct-2025 13:55 from 0, 0, 3. Fraud type: 3, Bank: 1."
351,ICICI ATM - Bus Stand,"Sindhudurg, Maharashtra",16.001068,73.754481,0.44739672026880617,0.5664852060476618,Low,9,26750.63,2056,03-Oct-2025 13:55,"Complaint received on 03-Oct-2025 13:55 from 0, 0, 3. Fraud type: 3, Bank: 1."
380,Axis ATM - Chowk,"Sindhudurg, Maharashtra",16.030504,73.657922,0.443556089275395,0.5655000054562885,Low,7,24132.25142857143,2057,03-Oct-2025 13:55,"Complaint received on 03-Oct-2025 13:55 from 0, 0, 3. Fraud type: 3, Bank: 1."
1764,Axis ATM - Market,"Nagpur, Maharashtra",21.005654,79.032776,0.4406689564849188,0.5647593967028232,Low,9,22453.207777777778,2058,03-Oct-2025 13:55,"Complaint received on 03-Oct-2025 13:55 from 0, 0, 3. Fraud type: 3, Bank: 1."
2026,HDFC ATM - Main Road,"Gadchiroli, Maharashtra",19.857178,80.024874,0.4348291687776936,0.5632613714271528,Low,8,21989.62,2059,03-Oct-2025 13:55,"Complaint received on 03-Oct-2025 13:55 from 0, 0, 3. Fraud type: 3, Bank: 1."
2046,HDFC ATM - Bus Stand,"Gadchiroli, Maharashtra",19.994908,79.920536,0.4348291687776936,0.5632613714271528,Low,6,22069.046666666665,2060,03-Oct-2025 13:55,"Complaint received on 03-Oct-2025 13:55 from 0, 0, 3. Fraud type: 3, Bank: 1."
1901,SBI ATM - Main Road,"Chandrapur, Maharashtra",20.083951,79.29287,0.4095721557684743,0.5567824297647813,Low,9,21381.575555555555,2061,03-Oct-2025 13:55,"Complaint received on 03-Oct-2025 13:55 from 0, 0, 3. Fraud type: 3, Bank: 1."
570,PNB ATM - Market,"Sangli, Maharashtra",16.951071,74.603743,0.40246748582106406,0.5549599362615759,Low,6,21684.27,2062,03-Oct-2025 13:55,"Complaint received on 03-Oct-2025 13:55 from 0, 0, 3. Fraud type: 3, Bank: 1."
1778,BoB ATM - Bus Stand,"Nagpur, Maharashtra",21.140861,78.829623,0.3997992792448931,0.5542754865705591,Low,8,20649.9775,2063,03-Oct-2025 13:55,"Complaint received on 03-Oct-2025 13:55 from 0, 0, 3. Fraud type: 3, Bank: 1."
371,PNB ATM - Chowk,"Sindhudurg, Maharashtra",16.021534,73.624527,0.3995709092138253,0.5542169049754916,Low,8,53997.3475,2064,03-Oct-2025 13:55,"Complaint received on 03-Oct-2025 13:55 from 0, 0, 3. Fraud type: 3, Bank: 1."
368,ICICI ATM - Bus Stand,"Sindhudurg, Maharashtra",16.122594,73.618075,0.37979366588806884,0.5491436365845173,Low,6,20492.20333333333,2065,03-Oct-2025 13:55,"Complaint received on 03-Oct-2025 13:55 from 0, 0, 3. Fraud type: 3, Bank: 1."
686,Axis ATM - Railway Station,"Solapur, Maharashtra",17.69784,75.87955,0.37707690902599256,0.5484467327497757,Low,4,21651.0175,2066,03-Oct-2025 13:55,"Complaint received on 03-Oct-2025 13:55 from 0, 0, 3. Fraud type: 3, Bank: 1."
392,Axis ATM - Signal,"Sindhudurg, Maharashtra",16.042046,73.786756,0.37589900098874773,0.5481445751884615,Low,4,53495.965,2067,03-Oct-2025 13:55,"Complaint received on 03-Oct-2025 13:55 from 0, 0, 3. Fraud type: 3, Bank: 1."
1830,BoB ATM - Railway Station,"Wardha, Maharashtra",20.497781,78.617408,0.3719572708837683,0.547133440602212,Low,14,20853.11142857143,2068,03-Oct-2025 13:55,"Complaint received on 03-Oct-2025 13:55 from 0, 0, 3. Fraud type: 3, Bank: 1."
408,ICICI ATM - Railway Station,"Pune, Maharashtra",18.446465,73.803476,0.3654914592225612,0.5454748273474479,Low,9,21649.27888888889,2069,03-Oct-2025 13:55,"Complaint received on 03-Oct-2025 13:55 from 0, 0, 3. Fraud type: 3, Bank: 1."
2069,Axis ATM - Main Road,"Gadchiroli, Maharashtra",20.079716,80.125585,0.3619696742156012,0.5445714172886582,Low,7,21404.975714285712,2070,03-Oct-2025 13:55,"Complaint received on 03-Oct-2025 13:55 from 0, 0, 3. Fraud type: 3, Bank: 1."
357,PNB ATM - Chowk,"Sindhudurg, Maharashtra",15.945229,73.586603,0.3599702005389428,0.5440585112968932,Low,10,27974.358,2071,03-Oct-2025 13:55,"Complaint received on 03-Oct-2025 13:55 from 0, 0, 3. Fraud type: 3, Bank: 1."
1936,BoB ATM - Chowk,"Gondia, Maharashtra",21.330996,80.124054,0.3433077355405477,0.5397842474068401,Low,5,20893.808,2072,03-Oct-2025 13:55,"Complaint received on 03-Oct-2025 13:55 from 0, 0, 3. Fraud type: 3, Bank: 1."
235,BoB ATM - Railway Station,"Raigad, Maharashtra",18.548274,73.282504,0.32621505922410454,0.535399625493409,Low,9,21810.73222222222,2073,03-Oct-2025 13:55,"Complaint received on 03-Oct-2025 13:55 from 0, 0, 3. Fraud type: 3, Bank: 1."
558,SBI ATM - Market,"Sangli, Maharashtra",16.964408,74.629482,0.32547591379076135,0.5352100195356145,Low,8,21196.0725,2074,03-Oct-2025 13:55,"Complaint received on 03-Oct-2025 13:55 from 0, 0, 3. Fraud type: 3, Bank: 1."
1899,HDFC ATM - Signal,"Chandrapur, Maharashtra",19.936401,79.146516,0.3175281396871038,0.5331712525308027,Low,4,21382.3875,2075,03-Oct-2025 13:55,"Complaint received on 03-Oct-2025 13:55 from 0, 0, 3. Fraud type: 3, Bank: 1."
669,BoB ATM - Railway Station,"Solapur, Maharashtra",17.610819,75.609075,0.3097120115409583,0.5311662554131302,Low,7,21847.438571428567,2076,03-Oct-2025 13:55,"Complaint received on 03-Oct-2025 13:55 from 0, 0, 3. Fraud type: 3, Bank: 1."
352,SBI ATM - Railway Station,"Sindhudurg, Maharashtra",16.046936,73.47478,0.30647005019909157,0.5303346258614509,Low,14,63565.65571428572,2077,03-Oct-2025 13:55,"Complaint received on 03-Oct-2025 13:55 from 0, 0, 3. Fraud type: 3, Bank: 1."
2031,Axis ATM - Railway Station,"Gadchiroli, Maharashtra",19.998935,79.943536,0.30580265549498653,0.5301634254367572,Low,9,21178.08555555556,2078,03-Oct-2025 13:55,"Complaint received on 03-Oct-2025 13:55 from 0, 0, 3. Fraud type: 3, Bank: 1."
142,Axis ATM - Bus Stand,"Thane, Maharashtra",19.263258,73.062956,0.29022037261678457,0.5261662504066937,Low,6,22463.381666666668,2079,03-Oct-2025 13:55,"Complaint received on 03-Oct-2025 13:55 from 0, 0, 3. Fraud type: 3, Bank: 1."
1777,HDFC ATM - Market,"Nagpur, Maharashtra",21.261516,79.061022,0.28864901201525217,0.5257631641959782,Low,3,20875.83333333333,2080,03-Oct-2025 13:55,"Complaint received on 03-Oct-2025 13:55 from 0, 0, 3. Fraud type: 3, Bank: 1."
239,ICICI ATM - Signal,"Raigad, Maharashtra",18.41675,73.143853,0.2810116799498753,0.5238040319387444,Low,4,22198.3275,2081,03-Oct-2025 13:55,"Complaint received on 03-Oct-2025 13:55 from 0, 0, 3. Fraud type: 3, Bank: 1."
1793,Axis ATM - Main Road,"Wardha, Maharashtra",20.881827,78.657709,0.2659432215538481,0.519938663422915,Low,8,21537.2275,2082,03-Oct-2025 13:55,"Complaint received on 03-Oct-2025 13:55 from 0, 0, 3. Fraud type: 3, Bank: 1."
231,ICICI ATM - Market,"Raigad, Maharashtra",18.529284,73.086646,0.26476795064075354,0.5196371823380121,Low,5,21355.646,2083,03-Oct-2025 13:55,"Complaint received on 03-Oct-2025 13:55 from 0, 0, 3. Fraud type: 3, Bank: 1."
1941,SBI ATM - Railway Station,"Gondia, Maharashtra",21.3923,80.28354,0.22039873424376336,0.5082555686635724,Low,8,21558.88,2084,03-Oct-2025 13:55,"Complaint received on 03-Oct-2025 13:55 from 0, 0, 3. Fraud type: 3, Bank: 1."
684,HDFC ATM - Market,"Solapur, Maharashtra",17.686798,75.983563,0.208690424864071,0.5052521472610362,Low,4,21760.0475,2085,03-Oct-2025 13:55,"Complaint received on 03-Oct-2025 13:55 from 0, 0, 3. Fraud type: 3, Bank: 1."
135,ICICI ATM - Main Road,"Thane, Maharashtra",19.464659,73.093896,0.203474469067658,0.5039141476604446,Low,10,55980.399,2086,03-Oct-2025 13:55,"Complaint received on 03-Oct-2025 13:55 from 0, 0, 3. Fraud type: 3, Bank: 1."
1818,HDFC ATM - Chowk,"Wardha, Maharashtra",20.520263,78.452587,0.1946734830789242,0.5016565143143502,Low,7,21567.48,2087,03-Oct-2025 13:55,"Complaint received on 03-Oct-2025 13:55 from 0, 0, 3. Fraud type: 3, Bank: 1."
2092,BoB ATM - Bus Stand,"Nagpur, Maharashtra",21.111684,79.169302,0.18695133883876372,0.4996756259954443,Low,3,21429.95333333333,2088,03-Oct-2025 13:55,"Complaint received on 03-Oct-2025 13:55 from 0, 0, 3. Fraud type: 3, Bank: 1."
1873,HDFC ATM - Market,"Chandrapur, Maharashtra",19.900322,79.226634,0.15387826606920144,0.4911917047577609,Low,8,21334.84625,2089,03-Oct-2025 13:55,"Complaint received on 03-Oct-2025 13:55 from 0, 0, 3. Fraud type: 3, Bank: 1."
1874,HDFC ATM - Chowk,"Chandrapur, Maharashtra",19.920534,79.409617,0.15387826606920144,0.4911917047577609,Low,6,21236.105,2090,03-Oct-2025 13:55,"Complaint received on 03-Oct-2025 13:55 from 0, 0, 3. Fraud type: 3, Bank: 1."
2143,HDFC ATM - Signal,"Wardha, Maharashtra",20.64616,78.508836,0.10395111246336555,0.4783843662390534,Low,2,21527.4,2091,03-Oct-2025 13:55,"Complaint received on 03-Oct-2025 13:55 from 0, 0, 3. Fraud type: 3, Bank: 1."
2091,Axis ATM - Signal,"Gondia, Maharashtra",21.212941,80.290132,0.10060371784196623,0.47752569088955477,Low,4,21380.6375,2092,03-Oct-2025 13:55,"Complaint received on 03-Oct-2025 13:55 from 0, 0, 3. Fraud type: 3, Bank: 1."
348,HDFC ATM - Main Road,"Sindhudurg, Maharashtra",16.019874,73.807858,0.0836281927301536,0.47317112066197436,Low,9,20360.527777777777,2093,03-Oct-2025 13:55,"Complaint received on 03-Oct-2025 13:55 from 0, 0, 3. Fraud type: 3, Bank: 1."
506,SBI ATM - Main Road,"Satara, Maharashtra",17.780877,73.921685,0.051012951746291335,0.4648046426639032,Low,3,64486.30333333334,2094,03-Oct-2025 13:55,"Complaint received on 03-Oct-2025 13:55 from 0, 0, 3. Fraud type: 3, Bank: 1."
998,ICICI ATM - Bus Stand,"Aurangabad, Maharashtra",19.954665,75.18334,0.03905496598275231,0.46173717414998355,Low,10,28311.338,2095,03-Oct-2025 13:55,"Complaint received on 03-Oct-2025 13:55 from 0, 0, 3. Fraud type: 3, Bank: 1."
1018,ICICI ATM - Main Road,"Aurangabad, Maharashtra",19.982108,75.303515,-0.008653299643766519,0.44949902589015917,Low,5,25342.796,2096,03-Oct-2025 13:55,"Complaint received on 03-Oct-2025 13:55 from 0, 0, 3. Fraud type: 3, Bank: 1."
398,ICICI ATM - Chowk,"Sindhudurg, Maharashtra",15.889503,73.587864,-0.04234140881149279,0.4408573352067189,Low,2,22205.955,2097,03-Oct-2025 13:55,"Complaint received on 03-Oct-2025 13:55 from 0, 0, 3. Fraud type: 3, Bank: 1."
988,PNB ATM - Chowk,"Aurangabad, Maharashtra",19.731307,75.143897,-0.0802530437589235,0.4311322235690177,Low,6,30565.565,2098,03-Oct-2025 13:55,"Complaint received on 03-Oct-2025 13:55 from 0, 0, 3. Fraud type: 3, Bank: 1."
1020,Axis ATM - Main Road,"Aurangabad, Maharashtra",20.05073,75.431146,-0.11584963560893888,0.42200096794938785,Low,8,11775.9775,2099,03-Oct-2025 13:55,"Complaint received on 03-Oct-2025 13:55 from 0, 0, 3. Fraud type: 3, Bank: 1."
365,ICICI ATM - Market,"Sindhudurg, Maharashtra",15.848218,73.769192,-0.13315863440692258,0.41756085488434486,Low,9,20831.915555555555,2100,03-Oct-2025 13:55,"Complaint received on 03-Oct-2025 13:55 from 0, 0, 3. Fraud type: 3, Bank: 1."
121,PNB ATM - Market,"Thane, Maharashtra",19.139276,73.071952,-0.1607039149783466,0.41049492567764223,Low,5,64048.088,2101,03-Oct-2025 13:55,"Complaint received on 03-Oct-2025 13:55 from 0, 0, 3. Fraud type: 3, Bank: 1."
1000,Axis ATM - Main Road,"Aurangabad, Maharashtra",19.882696,75.385654,-0.171654661327575,0.40768583472416403,Low,6,24047.42,2102,03-Oct-2025 13:55,"Complaint received on 03-Oct-2025 13:55 from 0, 0, 3. Fraud type: 3, Bank: 1."
1035,ICICI ATM - Bus Stand,"Aurangabad, Maharashtra",19.995848,75.468336,-0.22983735706368852,0.39276078039188056,Low,7,30981.745714285717,2103,03-Oct-2025 13:55,"Complaint received on 03-Oct-2025 13:55 from 0, 0, 3. Fraud type: 3, Bank: 1."
396,SBI ATM - Signal,"Sindhudurg, Maharashtra",15.896072,73.995886,-0.23035671204797728,0.39262755519046655,Low,4,55816.73499999999,2104,03-Oct-2025 13:55,"Complaint received on 03-Oct-2025 13:55 from 0, 0, 3. Fraud type: 3, Bank: 1."
2133,HDFC ATM - Market,"Aurangabad, Maharashtra",19.911507,75.343231,-0.263356984056843,0.38416230884048097,Low,4,14198.795,2105,03-Oct-2025 13:55,"Complaint received on 03-Oct-2025 13:55 from 0, 0, 3. Fraud type: 3, Bank: 1."
1010,BoB ATM - Signal,"Aurangabad, Maharashtra",20.033797,75.386923,-0.2854590922651111,0.3784926649421894,Low,9,9082.663333333334,2106,03-Oct-2025 13:55,"Complaint received on 03-Oct-2025 13:55 from 0, 0, 3. Fraud type: 3, Bank: 1."
985,Axis ATM - Main Road,"Aurangabad, Maharashtra",19.926856,75.307613,-0.29455709874893155,0.37615883974951786,Low,5,16161.408,2107,03-Oct-2025 13:55,"Complaint received on 03-Oct-2025 13:55 from 0, 0, 3. Fraud type: 3, Bank: 1."
1030,PNB ATM - Chowk,"Aurangabad, Maharashtra",19.899771,75.326107,-0.33759231853279836,0.3651194235562715,Low,5,24217.51,2108,03-Oct-2025 13:55,"Complaint received on 03-Oct-2025 13:55 from 0, 0, 3. Fraud type: 3, Bank: 1."
1011,BoB ATM - Chowk,"Aurangabad, Maharashtra",19.960458,75.191377,-0.3463833887247752,0.3628643338153413,Low,5,33611.556,2109,03-Oct-2025 13:55,"Complaint received on 03-Oct-2025 13:55 from 0, 0, 3. Fraud type: 3, Bank: 1."
1001,HDFC ATM - Signal,"Aurangabad, Maharashtra",19.834976,75.281874,-0.3744241127023461,0.35567131321725914,Low,9,32339.406666666662,2110,03-Oct-2025 13:55,"Complaint received on 03-Oct-2025 13:55 from 0, 0, 3. Fraud type: 3, Bank: 1."
1015,PNB ATM - Main Road,"Aurangabad, Maharashtra",19.78131,75.454524,-0.4107526973500602,0.34635228643752275,Low,7,27692.71285714285,2111,03-Oct-2025 13:55,"Complaint received on 03-Oct-2025 13:55 from 0, 0, 3. Fraud type: 3, Bank: 1."
1038,SBI ATM - Railway Station,"Aurangabad, Maharashtra",19.880063,75.392145,-0.4132656227262654,0.3457076695579106,Low,3,16517.296666666665,2112,03-Oct-2025 13:55,"Complaint received on 03-Oct-2025 13:55 from 0, 0, 3. Fraud type: 3, Bank: 1."
982,PNB ATM - Bus Stand,"Aurangabad, Maharashtra",19.718495,75.221689,-0.4156923792877494,0.3450851567459287,Low,7,32387.48285714286,2113,03-Oct-2025 13:55,"Complaint received on 03-Oct-2025 13:55 from 0, 0, 3. Fraud type: 3, Bank: 1."
1040,HDFC ATM - Chowk,"Aurangabad, Maharashtra",19.965846,75.406182,-0.41570368907200894,0.34508225555439015,Low,4,33966.33,2114,03-Oct-2025 13:55,"Complaint received on 03-Oct-2025 13:55 from 0, 0, 3. Fraud type: 3, Bank: 1."
1023,BoB ATM - Signal,"Aurangabad, Maharashtra",19.960743,75.391018,-0.4158210186921558,0.3450521581013017,Low,6,9380.886666666667,2115,03-Oct-2025 13:55,"Complaint received on 03-Oct-2025 13:55 from 0, 0, 3. Fraud type: 3, Bank: 1."
991,HDFC ATM - Railway Station,"Aurangabad, Maharashtra",19.877689,75.288453,-0.41737633733300744,0.34465318698239705,Low,6,17103.153333333332,2116,03-Oct-2025 13:55,"Complaint received on 03-Oct-2025 13:55 from 0, 0, 3. Fraud type: 3, Bank: 1."
990,BoB ATM - Chowk,"Aurangabad, Maharashtra",19.880025,75.318884,-0.4526211046276134,0.3356121815744235,Low,6,36382.28666666667,2117,03-Oct-2025 13:55,"Complaint received on 03-Oct-2025 13:55 from 0, 0, 3. Fraud type: 3, Bank: 1."
1033,HDFC ATM - Railway Station,"Aurangabad, Maharashtra",19.77564,75.455052,-0.47015101946288795,0.3311153990165404,Low,6,28686.57833333333,2118,03-Oct-2025 13:55,"Complaint received on 03-Oct-2025 13:55 from 0, 0, 3. Fraud type: 3, Bank: 1."
1034,SBI ATM - Signal,"Aurangabad, Maharashtra",19.852568,75.200678,-0.4711759875553294,0.33085247368668064,Low,5,17030.646,2119,03-Oct-2025 13:55,"Complaint received on 03-Oct-2025 13:55 from 0, 0, 3. Fraud type: 3, Bank: 1."
1032,HDFC ATM - Signal,"Aurangabad, Maharashtra",20.169514,75.414153,-0.47549389918586094,0.32974484082656064,Low,6,8296.483333333334,2120,03-Oct-2025 13:55,"Complaint received on 03-Oct-2025 13:55 from 0, 0, 3. Fraud type: 3, Bank: 1."
1014,SBI ATM - Railway Station,"Aurangabad, Maharashtra",19.925169,75.211754,-0.48347213336298095,0.3276982601884056,Low,6,28273.11,2121,03-Oct-2025 13:55,"Complaint received on 03-Oct-2025 13:55 from 0, 0, 3. Fraud type: 3, Bank: 1."
1021,HDFC ATM - Bus Stand,"Aurangabad, Maharashtra",19.863266,75.265977,-0.48938511926980566,0.32618145807381044,Low,9,29897.94777777778,2122,03-Oct-2025 13:55,"Complaint received on 03-Oct-2025 13:55 from 0, 0, 3. Fraud type: 3, Bank: 1."
1006,Axis ATM - Market,"Aurangabad, Maharashtra",19.853216,75.498784,-0.5210635594306522,0.31805528869336414,Low,8,16385.525,2123,03-Oct-2025 13:55,"Complaint received on 03-Oct-2025 13:55 from 0, 0, 3. Fraud type: 3, Bank: 1."
1036,BoB ATM - Railway Station,"Aurangabad, Maharashtra",19.953893,75.464466,-0.5848911481012097,0.30168220359040926,Low,7,35357.85571428571,2124,03-Oct-2025 13:55,"Complaint received on 03-Oct-2025 13:55 from 0, 0, 3. Fraud type: 3, Bank: 1."
1009,BoB ATM - Chowk,"Aurangabad, Maharashtra",19.840566,75.392382,-0.5892408472091716,0.3005664165906137,Low,8,38047.8125,2125,03-Oct-2025 13:55,"Complaint received on 03-Oct-2025 13:55 from 0, 0, 3. Fraud type: 3, Bank: 1."
993,PNB ATM - Main Road,"Aurangabad, Maharashtra",19.82561,75.494296,-0.6166358788831862,0.29353902930653647,Low,9,16560.145555555555,2126,03-Oct-2025 13:55,"Complaint received on 03-Oct-2025 13:55 from 0, 0, 3. Fraud type: 3, Bank: 1."
1037,Axis ATM - Bus Stand,"Aurangabad, Maharashtra",19.932617,75.322354,-0.6220790174604602,0.2921427526648968,Low,1,46095.44,2127,03-Oct-2025 13:55,"Complaint received on 03-Oct-2025 13:55 from 0, 0, 3. Fraud type: 3, Bank: 1."
994,SBI ATM - Signal,"Aurangabad, Maharashtra",19.796634,75.270886,-0.6226661751685422,0.2919921346747218,Low,6,25139.476666666666,2128,03-Oct-2025 13:55,"Complaint received on 03-Oct-2025 13:55 from 0, 0, 3. Fraud type: 3, Bank: 1."
1002,SBI ATM - Railway Station,"Aurangabad, Maharashtra",19.882506,75.347684,-0.625832291978133,0.2911799608005544,Low,4,32378.76,2129,03-Oct-2025 13:55,"Complaint received on 03-Oct-2025 13:55 from 0, 0, 3. Fraud type: 3, Bank: 1."
984,Axis ATM - Signal,"Aurangabad, Maharashtra",19.706737,75.044458,-0.65029292399563,0.28490530719015905,Low,3,9703.493333333334,2130,03-Oct-2025 13:55,"Complaint received on 03-Oct-2025 13:55 from 0, 0, 3. Fraud type: 3, Bank: 1."
1013,SBI ATM - Railway Station,"Aurangabad, Maharashtra",19.72878,75.246037,-0.6622718175808926,0.28183247539131007,Low,7,23892.405714285716,2131,03-Oct-2025 13:55,"Complaint received on 03-Oct-2025 13:55 from 0, 0, 3. Fraud type: 3, Bank: 1."
1039,Axis ATM - Chowk,"Aurangabad, Maharashtra",19.911843,75.250069,-0.6661271180757095,0.2808435117720684,Low,6,11448.871666666666,2132,03-Oct-2025 13:55,"Complaint received on 03-Oct-2025 13:55 from 0, 0, 3. Fraud type: 3, Bank: 1."
1026,Axis ATM - Main Road,"Aurangabad, Maharashtra",19.814706,75.300465,-0.6687016463831061,0.2801830924776072,Low,10,14419.942,2133,03-Oct-2025 13:55,"Complaint received on 03-Oct-2025 13:55 from 0, 0, 3. Fraud type: 3, Bank: 1."
1019,Axis ATM - Railway Station,"Aurangabad, Maharashtra",19.817109,75.338283,-0.6727531997344074,0.27914378597705286,Low,6,20155.866666666665,2134,03-Oct-2025 13:55,"Complaint received on 03-Oct-2025 13:55 from 0, 0, 3. Fraud type: 3, Bank: 1."
1031,PNB ATM - Chowk,"Aurangabad, Maharashtra",19.968899,75.258414,-0.6854952417075304,0.27587519097046126,Low,1,33677.68,2135,03-Oct-2025 13:55,"Complaint received on 03-Oct-2025 13:55 from 0, 0, 3. Fraud type: 3, Bank: 1."
1004,SBI ATM - Main Road,"Aurangabad, Maharashtra",19.919209,75.356057,-0.6939187254925909,0.27371439467925224,Low,6,13746.748333333331,2136,03-Oct-2025 13:55,"Complaint received on 03-Oct-2025 13:55 from 0, 0, 3. Fraud type: 3, Bank: 1."
1024,SBI ATM - Signal,"Aurangabad, Maharashtra",19.805882,75.282071,-0.6945143182005733,0.27356161293866627,Low,5,7198.646000000001,2137,03-Oct-2025 13:55,"Complaint received on 03-Oct-2025 13:55 from 0, 0, 3. Fraud type: 3, Bank: 1."
1012,PNB ATM - Main Road,"Aurangabad, Maharashtra",19.900801,75.349274,-0.7143214494064771,0.26848067769366535,Low,6,36898.456666666665,2138,03-Oct-2025 13:55,"Complaint received on 03-Oct-2025 13:55 from 0, 0, 3. Fraud type: 3, Bank: 1."
1007,SBI ATM - Market,"Aurangabad, Maharashtra",19.88491,75.199738,-0.7275934711689379,0.26507613200533237,Low,7,18243.987142857142,2139,03-Oct-2025 13:55,"Complaint received on 03-Oct-2025 13:55 from 0, 0, 3. Fraud type: 3, Bank: 1."
997,SBI ATM - Signal,"Aurangabad, Maharashtra",19.687892,75.22058,-0.7463565208764,0.260263025070698,Low,2,10688.325,2140,03-Oct-2025 13:55,"Complaint received on 03-Oct-2025 13:55 from 0, 0, 3. Fraud type: 3, Bank: 1."
1003,Axis ATM - Main Road,"Aurangabad, Maharashtra",19.822853,75.424927,-0.7519022137143728,0.25884044115859633,Low,6,41978.18666666667,2141,03-Oct-2025 13:55,"Complaint received on 03-Oct-2025 13:55 from 0, 0, 3. Fraud type: 3, Bank: 1."
999,Axis ATM - Market,"Aurangabad, Maharashtra",19.819023,75.302266,-0.7520795461453201,0.2587949517543451,Low,7,39514.375714285714,2142,03-Oct-2025 13:55,"Complaint received on 03-Oct-2025 13:55 from 0, 0, 3. Fraud type: 3, Bank: 1."
995,HDFC ATM - Market,"Aurangabad, Maharashtra",19.771926,75.396607,-0.7521745022803268,0.25877059355890186,Low,7,43828.36857142857,2143,03-Oct-2025 13:55,"Complaint received on 03-Oct-2025 13:55 from 0, 0, 3. Fraud type: 3, Bank: 1."
1025,ICICI ATM - Main Road,"Aurangabad, Maharashtra",19.892223,75.505882,-0.7641138198347583,0.2557079138233585,Low,3,15269.423333333332,2144,03-Oct-2025 13:55,"Complaint received on 03-Oct-2025 13:55 from 0, 0, 3. Fraud type: 3, Bank: 1."
1016,SBI ATM - Railway Station,"Aurangabad, Maharashtra",19.890639,75.343678,-0.8280547630559281,0.2393057509541487,Low,3,12285.76,2145,03-Oct-2025 13:55,"Complaint received on 03-Oct-2025 13:55 from 0, 0, 3. Fraud type: 3, Bank: 1."
1005,SBI ATM - Chowk,"Aurangabad, Maharashtra",19.837515,75.251168,-0.8332030549262159,0.23798510853787083,Low,4,17157.5475,2146,03-Oct-2025 13:55,"Complaint received on 03-Oct-2025 13:55 from 0, 0, 3. Fraud type: 3, Bank: 1."
987,ICICI ATM - Signal,"Aurangabad, Maharashtra",19.858897,75.519376,-0.8336679995218356,0.23786584071668568,Low,7,42340.40285714286,2147,03-Oct-2025 13:55,"Complaint received on 03-Oct-2025 13:55 from 0, 0, 3. Fraud type: 3, Bank: 1."
1028,HDFC ATM - Signal,"Aurangabad, Maharashtra",19.813936,75.173515,-0.8876255328661447,0.22402462716322086,Low,7,34619.612857142856,2148,03-Oct-2025 13:55,"Complaint received on 03-Oct-2025 13:55 from 0, 0, 3. Fraud type: 3, Bank: 1."
1008,PNB ATM - Railway Station,"Aurangabad, Maharashtra",19.738302,75.453719,-0.9155167220363036,0.21686996530903935,Low,3,38225.670000000006,2149,03-Oct-2025 13:55,"Complaint received on 03-Oct-2025 13:55 from 0, 0, 3. Fraud type: 3, Bank: 1."
989,Axis ATM - Railway Station,"Aurangabad, Maharashtra",19.867609,75.122817,-0.9488970612382819,0.20830722393178913,Low,5,22359.656,2150,03-Oct-2025 13:55,"Complaint received on 03-Oct-2025 13:55 from 0, 0, 3. Fraud type: 3, Bank: 1."
1029,HDFC ATM - Chowk,"Aurangabad, Maharashtra",20.004693,75.310908,-0.9623822176474468,0.20484800483683743,Low,5,58805.886,2151,03-Oct-2025 13:55,"Complaint received on 03-Oct-2025 13:55 from 0, 0, 3. Fraud type: 3, Bank: 1."
992,ICICI ATM - Market,"Aurangabad, Maharashtra",19.801026,75.283553,-1.007973794930639,0.1931528305339425,Low,7,46927.67857142857,2152,03-Oct-2025 13:55,"Complaint received on 03-Oct-2025 13:55 from 0, 0, 3. Fraud type: 3, Bank: 1."
1017,PNB ATM - Market,"Aurangabad, Maharashtra",19.693549,75.418147,-1.1638681348286548,0.15316273616591583,Low,6,20306.743333333336,2153,03-Oct-2025 13:55,"Complaint received on 03-Oct-2025 13:55 from 0, 0, 3. Fraud type: 3, Bank: 1."
1027,SBI ATM - Bus Stand,"Aurangabad, Maharashtra",19.979012,75.215944,-1.3952045305248622,0.09382020775402805,Low,6,21353.665,2154,03-Oct-2025 13:55,"Complaint received on 03-Oct-2025 13:55 from 0, 0, 3. Fraud type: 3, Bank: 1."
983,SBI ATM - Railway Station,"Aurangabad, Maharashtra",19.840653,75.338623,-1.5512903115310401,0.05378100481678498,Low,3,84110.69,2155,03-Oct-2025 13:55,"Complaint received on 03-Oct-2025 13:55 from 0, 0, 3. Fraud type: 3, Bank: 1."
996,SBI ATM - Main Road,"Aurangabad, Maharashtra",19.737271,75.517121,-1.6874957464129876,0.01884151825216391,Low,9,22139.50333333333,2156,03-Oct-2025 13:55,"Complaint received on 03-Oct-2025 13:55 from 0, 0, 3. Fraud type: 3, Bank: 1."
1022,ICICI ATM - Bus Stand,"Aurangabad, Maharashtra",19.587342,75.303887,-1.7609460869789744,0.0,Low,9,48167.40111111111,2157,03-Oct-2025 13:55,"Complaint received on 03-Oct-2025 13:55 from 0, 0, 3. Fraud type: 3, Bank: 1."
